Student_ID,Subject,Faculty_ID,Internal_Marks,Previous_Score,Attendance,Given_Marks,Max_Marks,Injected_Anomaly,Anomaly_Type,Internal_Percentage,Expected_Marks,Deviation,Absolute_Deviation,Deviation_Percentage,Faculty_Mean,Faculty_Std,Subject_Mean,Subject_Std,Z_Score,Z_Score_Outlier,IQR_Outlier,Statistical_Anomaly,Statistical_Anomaly_Score,Isolation_Forest_Anomaly,Isolation_Forest_Score,Z_Score_Flag,IQR_Flag,Isolation_Forest_Flag,Large_Deviation_Flag,Anomaly_Score,Recommendation,Deviation_Direction,Suggested_Lower,Suggested_Upper,Requires_Human_Review
S001,Compiler Design,F08,25.0,73.7,71.6,78.6,100,False,No_Anomaly,83.33,76.17,2.43,2.43,3.19,73.65,10.19,72.59,10.04,0.367,False,False,False,0.367,False,-0.1463,False,False,False,False,0,No Significant Anomaly,No Significant Direction,71.2,81.2,False
S001,Computer Networks,F07,25.0,73.7,71.6,74.6,100,False,No_Anomaly,83.33,76.17,-1.57,1.57,-2.06,69.71,10.67,72.72,10.8,-0.146,False,False,False,0.146,False,-0.0938,False,False,False,False,0,No Significant Anomaly,No Significant Direction,71.2,81.2,False
S001,Machine Learning,F04,25.0,73.7,71.6,80.4,100,False,No_Anomaly,83.33,76.17,4.23,4.23,5.55,73.24,9.91,72.78,9.96,0.598,False,False,False,0.598,False,-0.1568,False,False,False,False,0,No Significant Anomaly,No Significant Direction,71.2,81.2,False
S001,Software Engineering,F07,25.0,73.7,71.6,77.2,100,False,No_Anomaly,83.33,76.17,1.03,1.03,1.35,69.71,10.67,72.8,10.07,0.187,False,False,False,0.187,False,-0.1107,False,False,False,False,0,No Significant Anomaly,No Significant Direction,71.2,81.2,False
S002,Compiler Design,F04,16.8,81.3,62.5,68.0,100,False,No_Anomaly,56.0,69.95,-1.95,1.95,-2.79,73.24,9.91,72.59,10.04,-0.195,False,False,False,0.195,False,-0.1113,False,False,False,False,0,No Significant Anomaly,No Significant Direction,65.0,75.0,False
S002,Computer Networks,F02,16.8,81.3,62.5,58.2,100,False,No_Anomaly,56.0,69.95,-11.75,11.75,-16.8,70.46,9.46,72.72,10.8,-1.452,False,False,False,1.452,False,-0.0109,False,False,False,False,0,No Significant Anomaly,Potential Under-marking,65.0,75.0,False
S002,Machine Learning,F08,16.8,81.3,62.5,67.7,100,False,No_Anomaly,56.0,69.95,-2.25,2.25,-3.22,73.65,10.19,72.78,9.96,-0.234,False,False,False,0.234,False,-0.1297,False,False,False,False,0,No Significant Anomaly,No Significant Direction,65.0,75.0,False
S002,Software Engineering,F05,16.8,81.3,62.5,98.4,100,True,Severe_Overmarking,56.0,69.95,28.45,28.45,40.67,74.08,9.85,72.8,10.07,3.705,True,True,True,3.705,True,0.0442,True,True,True,True,4,Strong Review Recommended,Potential Over-marking,65.0,75.0,True
S003,Compiler Design,F07,21.9,71.5,78.8,64.2,100,False,No_Anomaly,73.0,73.41,-9.21,9.21,-12.55,69.71,10.67,72.59,10.04,-1.127,False,False,False,1.127,False,-0.0859,False,False,False,False,0,No Significant Anomaly,No Significant Direction,68.4,78.4,False
S003,Computer Networks,F06,21.9,71.5,78.8,70.0,100,False,No_Anomaly,73.0,73.41,-3.41,3.41,-4.65,72.75,9.99,72.72,10.8,-0.383,False,False,False,0.383,False,-0.1498,False,False,False,False,0,No Significant Anomaly,No Significant Direction,68.4,78.4,False
S003,Machine Learning,F04,21.9,71.5,78.8,74.2,100,False,No_Anomaly,73.0,73.41,0.79,0.79,1.08,73.24,9.91,72.78,9.96,0.156,False,False,False,0.156,False,-0.1776,False,False,False,False,0,No Significant Anomaly,No Significant Direction,68.4,78.4,False
S003,Software Engineering,F01,21.9,71.5,78.8,75.0,100,False,No_Anomaly,73.0,73.41,1.59,1.59,2.17,73.7,9.66,72.8,10.07,0.259,False,False,False,0.259,False,-0.1786,False,False,False,False,0,No Significant Anomaly,No Significant Direction,68.4,78.4,False
S004,Compiler Design,F05,25.1,59.8,90.8,71.5,100,False,No_Anomaly,83.67,73.16,-1.66,1.66,-2.27,74.08,9.85,72.59,10.04,-0.158,False,False,False,0.158,False,-0.1369,False,False,False,False,0,No Significant Anomaly,No Significant Direction,68.2,78.2,False
S004,Computer Networks,F08,25.1,59.8,90.8,76.4,100,False,No_Anomaly,83.67,73.16,3.24,3.24,4.43,73.65,10.19,72.72,10.8,0.471,False,False,False,0.471,False,-0.1333,False,False,False,False,0,No Significant Anomaly,No Significant Direction,68.2,78.2,False
S004,Machine Learning,F08,25.1,59.8,90.8,73.9,100,False,No_Anomaly,83.67,73.16,0.74,0.74,1.01,73.65,10.19,72.78,9.96,0.15,False,False,False,0.15,False,-0.1546,False,False,False,False,0,No Significant Anomaly,No Significant Direction,68.2,78.2,False
S004,Software Engineering,F01,25.1,59.8,90.8,68.8,100,False,No_Anomaly,83.67,73.16,-4.36,4.36,-5.96,73.7,9.66,72.8,10.07,-0.504,False,False,False,0.504,False,-0.1541,False,False,False,False,0,No Significant Anomaly,No Significant Direction,68.2,78.2,False
S005,Compiler Design,F02,23.9,70.8,93.3,69.1,100,False,No_Anomaly,79.67,77.96,-8.86,8.86,-11.36,70.46,9.46,72.59,10.04,-1.082,False,False,False,1.082,False,-0.0689,False,False,False,False,0,No Significant Anomaly,No Significant Direction,73.0,83.0,False
S005,Computer Networks,F07,23.9,70.8,93.3,68.0,100,False,No_Anomaly,79.67,77.96,-9.96,9.96,-12.78,69.71,10.67,72.72,10.8,-1.223,False,False,False,1.223,False,-0.0488,False,False,False,False,0,No Significant Anomaly,No Significant Direction,73.0,83.0,False
S005,Machine Learning,F07,23.9,70.8,93.3,74.4,100,False,No_Anomaly,79.67,77.96,-3.56,3.56,-4.57,69.71,10.67,72.78,9.96,-0.402,False,False,False,0.402,False,-0.1081,False,False,False,False,0,No Significant Anomaly,No Significant Direction,73.0,83.0,False
S005,Software Engineering,F01,23.9,70.8,93.3,76.3,100,False,No_Anomaly,79.67,77.96,-1.66,1.66,-2.13,73.7,9.66,72.8,10.07,-0.158,False,False,False,0.158,False,-0.1607,False,False,False,False,0,No Significant Anomaly,No Significant Direction,73.0,83.0,False
S006,Compiler Design,F02,18.2,59.7,85.7,70.4,100,False,No_Anomaly,60.67,65.19,5.21,5.21,7.99,70.46,9.46,72.59,10.04,0.723,False,False,False,0.723,False,-0.0828,False,False,False,False,0,No Significant Anomaly,No Significant Direction,60.2,70.2,False
S006,Computer Networks,F07,18.2,59.7,85.7,68.3,100,False,No_Anomaly,60.67,65.19,3.11,3.11,4.77,69.71,10.67,72.72,10.8,0.454,False,False,False,0.454,False,-0.0749,False,False,False,False,0,No Significant Anomaly,No Significant Direction,60.2,70.2,False
S006,Machine Learning,F04,18.2,59.7,85.7,65.4,100,False,No_Anomaly,60.67,65.19,0.21,0.21,0.32,73.24,9.91,72.78,9.96,0.082,False,False,False,0.082,False,-0.147,False,False,False,False,0,No Significant Anomaly,No Significant Direction,60.2,70.2,False
S006,Software Engineering,F06,18.2,59.7,85.7,65.0,100,False,No_Anomaly,60.67,65.19,-0.19,0.19,-0.29,72.75,9.99,72.8,10.07,0.031,False,False,False,0.031,False,-0.1441,False,False,False,False,0,No Significant Anomaly,No Significant Direction,60.2,70.2,False
S007,Compiler Design,F04,21.3,80.5,81.5,77.6,100,False,No_Anomaly,71.0,77.85,-0.25,0.25,-0.32,73.24,9.91,72.59,10.04,0.023,False,False,False,0.023,False,-0.1536,False,False,False,False,0,No Significant Anomaly,No Significant Direction,72.8,82.8,False
S007,Computer Networks,F05,21.3,80.5,81.5,71.1,100,False,No_Anomaly,71.0,77.85,-6.75,6.75,-8.67,74.08,9.85,72.72,10.8,-0.811,False,False,False,0.811,False,-0.1196,False,False,False,False,0,No Significant Anomaly,No Significant Direction,72.8,82.8,False
S007,Machine Learning,F07,21.3,80.5,81.5,77.1,100,False,No_Anomaly,71.0,77.85,-0.75,0.75,-0.96,69.71,10.67,72.78,9.96,-0.041,False,False,False,0.041,False,-0.1136,False,False,False,False,0,No Significant Anomaly,No Significant Direction,72.8,82.8,False
S007,Software Engineering,F06,21.3,80.5,81.5,85.4,100,False,No_Anomaly,71.0,77.85,7.55,7.55,9.7,72.75,9.99,72.8,10.07,1.023,False,False,False,1.023,False,-0.1406,False,False,False,False,0,No Significant Anomaly,No Significant Direction,72.8,82.8,False
S008,Compiler Design,F02,21.4,61.8,94.2,68.6,100,False,No_Anomaly,71.33,71.14,-2.54,2.54,-3.57,70.46,9.46,72.59,10.04,-0.271,False,False,False,0.271,False,-0.095,False,False,False,False,0,No Significant Anomaly,No Significant Direction,66.1,76.1,False
S008,Computer Networks,F02,21.4,61.8,94.2,76.0,100,False,No_Anomaly,71.33,71.14,4.86,4.86,6.83,70.46,9.46,72.72,10.8,0.678,False,False,False,0.678,False,-0.0803,False,False,False,False,0,No Significant Anomaly,No Significant Direction,66.1,76.1,False
S008,Machine Learning,F04,21.4,61.8,94.2,76.1,100,False,No_Anomaly,71.33,71.14,4.96,4.96,6.97,73.24,9.91,72.78,9.96,0.691,False,False,False,0.691,False,-0.1566,False,False,False,False,0,No Significant Anomaly,No Significant Direction,66.1,76.1,False
S008,Software Engineering,F06,21.4,61.8,94.2,71.1,100,False,No_Anomaly,71.33,71.14,-0.04,0.04,-0.06,72.75,9.99,72.8,10.07,0.05,False,False,False,0.05,False,-0.1489,False,False,False,False,0,No Significant Anomaly,No Significant Direction,66.1,76.1,False
S009,Compiler Design,F07,24.1,64.9,78.5,72.8,100,False,No_Anomaly,80.33,72.25,0.55,0.55,0.76,69.71,10.67,72.59,10.04,0.125,False,False,False,0.125,False,-0.1069,False,False,False,False,0,No Significant Anomaly,No Significant Direction,67.2,77.2,False
S009,Computer Networks,F04,24.1,64.9,78.5,67.4,100,False,No_Anomaly,80.33,72.25,-4.85,4.85,-6.71,73.24,9.91,72.72,10.8,-0.567,False,False,False,0.567,False,-0.1465,False,False,False,False,0,No Significant Anomaly,No Significant Direction,67.2,77.2,False
S009,Machine Learning,F03,24.1,64.9,78.5,75.1,100,False,No_Anomaly,80.33,72.25,2.85,2.85,3.94,73.88,11.06,72.78,9.96,0.421,False,False,False,0.421,False,-0.1411,False,False,False,False,0,No Significant Anomaly,No Significant Direction,67.2,77.2,False
S009,Software Engineering,F04,24.1,64.9,78.5,60.2,100,False,No_Anomaly,80.33,72.25,-12.05,12.05,-16.68,73.24,9.91,72.8,10.07,-1.491,False,False,False,1.491,False,-0.1132,False,False,False,False,0,No Significant Anomaly,Potential Under-marking,67.2,77.2,False
S010,Compiler Design,F05,23.7,74.4,86.1,71.5,100,False,No_Anomaly,79.0,78.12,-6.62,6.62,-8.47,74.08,9.85,72.59,10.04,-0.794,False,False,False,0.794,False,-0.1423,False,False,False,False,0,No Significant Anomaly,No Significant Direction,73.1,83.1,False
S010,Computer Networks,F01,23.7,74.4,86.1,77.5,100,False,No_Anomaly,79.0,78.12,-0.62,0.62,-0.79,73.7,9.66,72.72,10.8,-0.025,False,False,False,0.025,False,-0.1479,False,False,False,False,0,No Significant Anomaly,No Significant Direction,73.1,83.1,False
S010,Machine Learning,F08,23.7,74.4,86.1,84.1,100,False,No_Anomaly,79.0,78.12,5.98,5.98,7.65,73.65,10.19,72.78,9.96,0.822,False,False,False,0.822,False,-0.151,False,False,False,False,0,No Significant Anomaly,No Significant Direction,73.1,83.1,False
S010,Software Engineering,F01,23.7,74.4,86.1,69.9,100,False,No_Anomaly,79.0,78.12,-8.22,8.22,-10.52,73.7,9.66,72.8,10.07,-1.0,False,False,False,1.0,False,-0.1445,False,False,False,False,0,No Significant Anomaly,No Significant Direction,73.1,83.1,False
S011,Compiler Design,F05,20.0,95.7,77.9,81.2,100,False,No_Anomaly,66.67,83.43,-2.23,2.23,-2.67,74.08,9.85,72.59,10.04,-0.231,False,False,False,0.231,False,-0.1074,False,False,False,False,0,No Significant Anomaly,No Significant Direction,78.4,88.4,False
S011,Computer Networks,F03,20.0,95.7,77.9,89.1,100,False,No_Anomaly,66.67,83.43,5.67,5.67,6.8,73.88,11.06,72.72,10.8,0.782,False,False,False,0.782,False,-0.0396,False,False,False,False,0,No Significant Anomaly,No Significant Direction,78.4,88.4,False
S011,Machine Learning,F08,20.0,95.7,77.9,84.6,100,False,No_Anomaly,66.67,83.43,1.17,1.17,1.4,73.65,10.19,72.78,9.96,0.205,False,False,False,0.205,False,-0.1103,False,False,False,False,0,No Significant Anomaly,No Significant Direction,78.4,88.4,False
S011,Software Engineering,F07,20.0,95.7,77.9,77.8,100,False,No_Anomaly,66.67,83.43,-5.63,5.63,-6.75,69.71,10.67,72.8,10.07,-0.667,False,False,False,0.667,False,-0.0776,False,False,False,False,0,No Significant Anomaly,No Significant Direction,78.4,88.4,False
S012,Compiler Design,F08,26.5,60.2,88.2,82.2,100,False,No_Anomaly,88.33,74.24,7.96,7.96,10.72,73.65,10.19,72.59,10.04,1.076,False,False,False,1.076,False,-0.1055,False,False,False,False,0,No Significant Anomaly,No Significant Direction,69.2,79.2,False
S012,Computer Networks,F07,26.5,60.2,88.2,67.2,100,False,No_Anomaly,88.33,74.24,-7.04,7.04,-9.48,69.71,10.67,72.72,10.8,-0.848,False,False,False,0.848,False,-0.0606,False,False,False,False,0,No Significant Anomaly,No Significant Direction,69.2,79.2,False
S012,Machine Learning,F06,26.5,60.2,88.2,65.3,100,False,No_Anomaly,88.33,74.24,-8.94,8.94,-12.04,72.75,9.99,72.78,9.96,-1.092,False,False,False,1.092,False,-0.109,False,False,False,False,0,No Significant Anomaly,No Significant Direction,69.2,79.2,False
S012,Software Engineering,F05,26.5,60.2,88.2,77.2,100,False,No_Anomaly,88.33,74.24,2.96,2.96,3.99,74.08,9.85,72.8,10.07,0.435,False,False,False,0.435,False,-0.1516,False,False,False,False,0,No Significant Anomaly,No Significant Direction,69.2,79.2,False
S013,Compiler Design,F03,18.7,68.6,73.6,37.8,100,True,Severe_Undermarking,62.33,67.72,-29.92,29.92,-44.18,73.88,11.06,72.59,10.04,-3.783,True,True,True,3.783,True,0.0691,True,True,True,True,4,Strong Review Recommended,Potential Under-marking,62.7,72.7,True
S013,Computer Networks,F07,18.7,68.6,73.6,56.9,100,False,No_Anomaly,62.33,67.72,-10.82,10.82,-15.98,69.71,10.67,72.72,10.8,-1.333,False,False,False,1.333,False,-0.0444,False,False,False,False,0,No Significant Anomaly,Potential Under-marking,62.7,72.7,False
S013,Machine Learning,F04,18.7,68.6,73.6,59.1,100,False,No_Anomaly,62.33,67.72,-8.62,8.62,-12.73,73.24,9.91,72.78,9.96,-1.051,False,False,False,1.051,False,-0.1231,False,False,False,False,0,No Significant Anomaly,No Significant Direction,62.7,72.7,False
S013,Software Engineering,F02,18.7,68.6,73.6,71.9,100,False,No_Anomaly,62.33,67.72,4.18,4.18,6.17,70.46,9.46,72.8,10.07,0.591,False,False,False,0.591,False,-0.1182,False,False,False,False,0,No Significant Anomaly,No Significant Direction,62.7,72.7,False
S014,Compiler Design,F05,24.2,77.8,89.4,78.3,100,False,No_Anomaly,80.67,80.98,-2.68,2.68,-3.31,74.08,9.85,72.59,10.04,-0.289,False,False,False,0.289,False,-0.1406,False,False,False,False,0,No Significant Anomaly,No Significant Direction,76.0,86.0,False
S014,Computer Networks,F03,24.2,77.8,89.4,79.1,100,False,No_Anomaly,80.67,80.98,-1.88,1.88,-2.32,73.88,11.06,72.72,10.8,-0.186,False,False,False,0.186,False,-0.095,False,False,False,False,0,No Significant Anomaly,No Significant Direction,76.0,86.0,False
S014,Machine Learning,F04,24.2,77.8,89.4,79.9,100,False,No_Anomaly,80.67,80.98,-1.08,1.08,-1.33,73.24,9.91,72.78,9.96,-0.084,False,False,False,0.084,False,-0.1565,False,False,False,False,0,No Significant Anomaly,No Significant Direction,76.0,86.0,False
S014,Software Engineering,F03,24.2,77.8,89.4,79.1,100,False,No_Anomaly,80.67,80.98,-1.88,1.88,-2.32,73.88,11.06,72.8,10.07,-0.186,False,False,False,0.186,False,-0.1271,False,False,False,False,0,No Significant Anomaly,No Significant Direction,76.0,86.0,False
S015,Compiler Design,F01,22.5,62.0,84.3,71.4,100,False,No_Anomaly,75.0,70.36,1.04,1.04,1.48,73.7,9.66,72.59,10.04,0.188,False,False,False,0.188,False,-0.15,False,False,False,False,0,No Significant Anomaly,No Significant Direction,65.4,75.4,False
S015,Computer Networks,F02,22.5,62.0,84.3,57.0,100,False,No_Anomaly,75.0,70.36,-13.36,13.36,-18.99,70.46,9.46,72.72,10.8,-1.659,False,False,False,1.659,False,-0.0264,False,False,False,False,0,No Significant Anomaly,Potential Under-marking,65.4,75.4,False
S015,Machine Learning,F07,22.5,62.0,84.3,62.0,100,False,No_Anomaly,75.0,70.36,-8.36,8.36,-11.88,69.71,10.67,72.78,9.96,-1.018,False,False,False,1.018,False,-0.0962,False,False,False,False,0,No Significant Anomaly,No Significant Direction,65.4,75.4,False
S015,Software Engineering,F04,22.5,62.0,84.3,66.5,100,False,No_Anomaly,75.0,70.36,-3.86,3.86,-5.49,73.24,9.91,72.8,10.07,-0.44,False,False,False,0.44,False,-0.1681,False,False,False,False,0,No Significant Anomaly,No Significant Direction,65.4,75.4,False
S016,Compiler Design,F03,22.9,72.6,90.7,71.7,100,False,No_Anomaly,76.33,77.34,-5.64,5.64,-7.29,73.88,11.06,72.59,10.04,-0.669,False,False,False,0.669,False,-0.1086,False,False,False,False,0,No Significant Anomaly,No Significant Direction,72.3,82.3,False
S016,Computer Networks,F05,22.9,72.6,90.7,75.8,100,False,No_Anomaly,76.33,77.34,-1.54,1.54,-1.99,74.08,9.85,72.72,10.8,-0.143,False,False,False,0.143,False,-0.1457,False,False,False,False,0,No Significant Anomaly,No Significant Direction,72.3,82.3,False
S016,Machine Learning,F08,22.9,72.6,90.7,72.7,100,False,No_Anomaly,76.33,77.34,-4.64,4.64,-6.0,73.65,10.19,72.78,9.96,-0.54,False,False,False,0.54,False,-0.1616,False,False,False,False,0,No Significant Anomaly,No Significant Direction,72.3,82.3,False
S016,Software Engineering,F02,22.9,72.6,90.7,82.1,100,False,No_Anomaly,76.33,77.34,4.76,4.76,6.15,70.46,9.46,72.8,10.07,0.666,False,False,False,0.666,False,-0.1168,False,False,False,False,0,No Significant Anomaly,No Significant Direction,72.3,82.3,False
S017,Compiler Design,F08,23.2,78.1,82.7,83.2,100,False,No_Anomaly,77.33,78.79,4.41,4.41,5.6,73.65,10.19,72.59,10.04,0.621,False,False,False,0.621,False,-0.1421,False,False,False,False,0,No Significant Anomaly,No Significant Direction,73.8,83.8,False
S017,Computer Networks,F07,23.2,78.1,82.7,74.8,100,False,No_Anomaly,77.33,78.79,-3.99,3.99,-5.06,69.71,10.67,72.72,10.8,-0.457,False,False,False,0.457,False,-0.1,False,False,False,False,0,No Significant Anomaly,No Significant Direction,73.8,83.8,False
S017,Machine Learning,F05,23.2,78.1,82.7,80.0,100,False,No_Anomaly,77.33,78.79,1.21,1.21,1.54,74.08,9.85,72.78,9.96,0.21,False,False,False,0.21,False,-0.1597,False,False,False,False,0,No Significant Anomaly,No Significant Direction,73.8,83.8,False
S017,Software Engineering,F06,23.2,78.1,82.7,73.8,100,False,No_Anomaly,77.33,78.79,-4.99,4.99,-6.33,72.75,9.99,72.8,10.07,-0.585,False,False,False,0.585,False,-0.1618,False,False,False,False,0,No Significant Anomaly,No Significant Direction,73.8,83.8,False
S018,Compiler Design,F08,20.7,77.6,67.4,77.7,100,False,No_Anomaly,69.0,72.98,4.72,4.72,6.47,73.65,10.19,72.59,10.04,0.66,False,False,False,0.66,False,-0.1314,False,False,False,False,0,No Significant Anomaly,No Significant Direction,68.0,78.0,False
S018,Computer Networks,F02,20.7,77.6,67.4,67.3,100,False,No_Anomaly,69.0,72.98,-5.68,5.68,-7.78,70.46,9.46,72.72,10.8,-0.674,False,False,False,0.674,False,-0.0818,False,False,False,False,0,No Significant Anomaly,No Significant Direction,68.0,78.0,False
S018,Machine Learning,F04,20.7,77.6,67.4,75.4,100,False,No_Anomaly,69.0,72.98,2.42,2.42,3.32,73.24,9.91,72.78,9.96,0.365,False,False,False,0.365,False,-0.1683,False,False,False,False,0,No Significant Anomaly,No Significant Direction,68.0,78.0,False
S018,Software Engineering,F07,20.7,77.6,67.4,65.9,100,False,No_Anomaly,69.0,72.98,-7.08,7.08,-9.7,69.71,10.67,72.8,10.07,-0.853,False,False,False,0.853,False,-0.0953,False,False,False,False,0,No Significant Anomaly,No Significant Direction,68.0,78.0,False
S019,Compiler Design,F05,20.9,64.4,75.6,64.7,100,False,No_Anomaly,69.67,68.22,-3.52,3.52,-5.16,74.08,9.85,72.59,10.04,-0.397,False,False,False,0.397,False,-0.1366,False,False,False,False,0,No Significant Anomaly,No Significant Direction,63.2,73.2,False
S019,Computer Networks,F03,20.9,64.4,75.6,69.0,100,False,No_Anomaly,69.67,68.22,0.78,0.78,1.14,73.88,11.06,72.72,10.8,0.155,False,False,False,0.155,False,-0.1123,False,False,False,False,0,No Significant Anomaly,No Significant Direction,63.2,73.2,False
S019,Machine Learning,F02,20.9,64.4,75.6,75.6,100,False,No_Anomaly,69.67,68.22,7.38,7.38,10.82,70.46,9.46,72.78,9.96,1.002,False,False,False,1.002,False,-0.1062,False,False,False,False,0,No Significant Anomaly,No Significant Direction,63.2,73.2,False
S019,Software Engineering,F06,20.9,64.4,75.6,62.3,100,False,No_Anomaly,69.67,68.22,-5.92,5.92,-8.68,72.75,9.99,72.8,10.07,-0.705,False,False,False,0.705,False,-0.1491,False,False,False,False,0,No Significant Anomaly,No Significant Direction,63.2,73.2,False
S020,Compiler Design,F06,25.9,87.9,73.3,82.8,100,False,No_Anomaly,86.33,84.51,-1.71,1.71,-2.02,72.75,9.99,72.59,10.04,-0.164,False,False,False,0.164,False,-0.1074,False,False,False,False,0,No Significant Anomaly,No Significant Direction,79.5,89.5,False
S020,Computer Networks,F04,25.9,87.9,73.3,89.3,100,False,No_Anomaly,86.33,84.51,4.79,4.79,5.67,73.24,9.91,72.72,10.8,0.669,False,False,False,0.669,False,-0.0932,False,False,False,False,0,No Significant Anomaly,No Significant Direction,79.5,89.5,False
S020,Machine Learning,F03,25.9,87.9,73.3,83.8,100,False,No_Anomaly,86.33,84.51,-0.71,0.71,-0.84,73.88,11.06,72.78,9.96,-0.036,False,False,False,0.036,False,-0.0795,False,False,False,False,0,No Significant Anomaly,No Significant Direction,79.5,89.5,False
S020,Software Engineering,F08,25.9,87.9,73.3,89.0,100,False,No_Anomaly,86.33,84.51,4.49,4.49,5.31,73.65,10.19,72.8,10.07,0.631,False,False,False,0.631,False,-0.1043,False,False,False,False,0,No Significant Anomaly,No Significant Direction,79.5,89.5,False
S021,Compiler Design,F04,22.7,49.8,78.7,61.7,100,False,No_Anomaly,75.67,63.34,-1.64,1.64,-2.59,73.24,9.91,72.59,10.04,-0.155,False,False,False,0.155,False,-0.1209,False,False,False,False,0,No Significant Anomaly,No Significant Direction,58.3,68.3,False
S021,Computer Networks,F04,22.7,49.8,78.7,56.0,100,False,No_Anomaly,75.67,63.34,-7.34,7.34,-11.59,73.24,9.91,72.72,10.8,-0.887,False,False,False,0.887,False,-0.0806,False,False,False,False,0,No Significant Anomaly,No Significant Direction,58.3,68.3,False
S021,Machine Learning,F06,22.7,49.8,78.7,66.7,100,False,No_Anomaly,75.67,63.34,3.36,3.36,5.3,72.75,9.99,72.78,9.96,0.486,False,False,False,0.486,False,-0.1357,False,False,False,False,0,No Significant Anomaly,No Significant Direction,58.3,68.3,False
S021,Software Engineering,F02,22.7,49.8,78.7,41.5,100,True,Severe_Undermarking,75.67,63.34,-21.84,21.84,-34.48,70.46,9.46,72.8,10.07,-2.747,True,True,True,2.747,True,0.0415,True,True,True,True,4,Strong Review Recommended,Potential Under-marking,58.3,68.3,True
S022,Compiler Design,F03,25.2,77.0,89.1,82.3,100,False,No_Anomaly,84.0,81.52,0.78,0.78,0.96,73.88,11.06,72.59,10.04,0.155,False,False,False,0.155,False,-0.1184,False,False,False,False,0,No Significant Anomaly,No Significant Direction,76.5,86.5,False
S022,Computer Networks,F02,25.2,77.0,89.1,76.2,100,False,No_Anomaly,84.0,81.52,-5.32,5.32,-6.53,70.46,9.46,72.72,10.8,-0.628,False,False,False,0.628,False,-0.0838,False,False,False,False,0,No Significant Anomaly,No Significant Direction,76.5,86.5,False
S022,Machine Learning,F05,25.2,77.0,89.1,79.8,100,False,No_Anomaly,84.0,81.52,-1.72,1.72,-2.11,74.08,9.85,72.78,9.96,-0.166,False,False,False,0.166,False,-0.1382,False,False,False,False,0,No Significant Anomaly,No Significant Direction,76.5,86.5,False
S022,Software Engineering,F02,25.2,77.0,89.1,69.5,100,False,No_Anomaly,84.0,81.52,-12.02,12.02,-14.74,70.46,9.46,72.8,10.07,-1.487,False,False,False,1.487,False,-0.073,False,False,False,False,0,No Significant Anomaly,Potential Under-marking,76.5,86.5,False
S023,Compiler Design,F05,25.4,65.8,77.4,64.5,100,False,No_Anomaly,84.67,73.78,-9.28,9.28,-12.58,74.08,9.85,72.59,10.04,-1.136,False,False,False,1.136,False,-0.111,False,False,False,False,0,No Significant Anomaly,No Significant Direction,68.8,78.8,False
S023,Computer Networks,F06,25.4,65.8,77.4,78.5,100,False,No_Anomaly,84.67,73.78,4.72,4.72,6.4,72.75,9.99,72.72,10.8,0.66,False,False,False,0.66,False,-0.1362,False,False,False,False,0,No Significant Anomaly,No Significant Direction,68.8,78.8,False
S023,Machine Learning,F07,25.4,65.8,77.4,70.4,100,False,No_Anomaly,84.67,73.78,-3.38,3.38,-4.58,69.71,10.67,72.78,9.96,-0.379,False,False,False,0.379,False,-0.1221,False,False,False,False,0,No Significant Anomaly,No Significant Direction,68.8,78.8,False
S023,Software Engineering,F03,25.4,65.8,77.4,70.4,100,False,No_Anomaly,84.67,73.78,-3.38,3.38,-4.58,73.88,11.06,72.8,10.07,-0.379,False,False,False,0.379,False,-0.1291,False,False,False,False,0,No Significant Anomaly,No Significant Direction,68.8,78.8,False
S024,Compiler Design,F08,17.5,67.7,69.2,70.1,100,False,No_Anomaly,58.33,65.19,4.91,4.91,7.53,73.65,10.19,72.59,10.04,0.685,False,False,False,0.685,False,-0.1227,False,False,False,False,0,No Significant Anomaly,No Significant Direction,60.2,70.2,False
S024,Computer Networks,F08,17.5,67.7,69.2,67.8,100,False,No_Anomaly,58.33,65.19,2.61,2.61,4.0,73.65,10.19,72.72,10.8,0.39,False,False,False,0.39,False,-0.1209,False,False,False,False,0,No Significant Anomaly,No Significant Direction,60.2,70.2,False
S024,Machine Learning,F02,17.5,67.7,69.2,72.4,100,False,No_Anomaly,58.33,65.19,7.21,7.21,11.06,70.46,9.46,72.78,9.96,0.98,False,False,False,0.98,False,-0.0826,False,False,False,False,0,No Significant Anomaly,No Significant Direction,60.2,70.2,False
S024,Software Engineering,F05,17.5,67.7,69.2,75.1,100,False,No_Anomaly,58.33,65.19,9.91,9.91,15.2,74.08,9.85,72.8,10.07,1.326,False,False,False,1.326,False,-0.1018,False,False,False,False,0,No Significant Anomaly,No Significant Direction,60.2,70.2,False
S025,Compiler Design,F07,22.6,59.0,87.0,64.0,100,False,No_Anomaly,75.33,69.5,-5.5,5.5,-7.91,69.71,10.67,72.59,10.04,-0.651,False,False,False,0.651,False,-0.0922,False,False,False,False,0,No Significant Anomaly,No Significant Direction,64.5,74.5,False
S025,Computer Networks,F05,22.6,59.0,87.0,60.5,100,False,No_Anomaly,75.33,69.5,-9.0,9.0,-12.95,74.08,9.85,72.72,10.8,-1.1,False,False,False,1.1,False,-0.0865,False,False,False,False,0,No Significant Anomaly,No Significant Direction,64.5,74.5,False
S025,Machine Learning,F06,22.6,59.0,87.0,69.4,100,False,No_Anomaly,75.33,69.5,-0.1,0.1,-0.14,72.75,9.99,72.78,9.96,0.042,False,False,False,0.042,False,-0.1532,False,False,False,False,0,No Significant Anomaly,No Significant Direction,64.5,74.5,False
S025,Software Engineering,F01,22.6,59.0,87.0,68.5,100,False,No_Anomaly,75.33,69.5,-1.0,1.0,-1.44,73.7,9.66,72.8,10.07,-0.073,False,False,False,0.073,False,-0.1646,False,False,False,False,0,No Significant Anomaly,No Significant Direction,64.5,74.5,False
S026,Compiler Design,F04,22.6,78.3,77.7,54.7,100,True,Severe_Undermarking,75.33,77.29,-22.59,22.59,-29.23,73.24,9.91,72.59,10.04,-2.843,True,True,True,2.843,False,-0.0208,True,True,False,True,3,Strong Review Recommended,Potential Under-marking,72.3,82.3,True
S026,Computer Networks,F07,22.6,78.3,77.7,75.8,100,False,No_Anomaly,75.33,77.29,-1.49,1.49,-1.93,69.71,10.67,72.72,10.8,-0.136,False,False,False,0.136,False,-0.1033,False,False,False,False,0,No Significant Anomaly,No Significant Direction,72.3,82.3,False
S026,Machine Learning,F02,22.6,78.3,77.7,54.7,100,True,Severe_Undermarking,75.33,77.29,-22.59,22.59,-29.23,70.46,9.46,72.78,9.96,-2.843,True,True,True,2.843,True,0.0004,True,True,True,True,4,Strong Review Recommended,Potential Under-marking,72.3,82.3,True
S026,Software Engineering,F05,22.6,78.3,77.7,79.5,100,False,No_Anomaly,75.33,77.29,2.21,2.21,2.86,74.08,9.85,72.8,10.07,0.338,False,False,False,0.338,False,-0.1647,False,False,False,False,0,No Significant Anomaly,No Significant Direction,72.3,82.3,False
S027,Compiler Design,F08,23.8,77.5,78.9,48.0,100,True,Severe_Undermarking,79.33,78.33,-30.33,30.33,-38.72,73.65,10.19,72.59,10.04,-3.836,True,True,True,3.836,True,0.0388,True,True,True,True,4,Strong Review Recommended,Potential Under-marking,73.3,83.3,True
S027,Computer Networks,F08,23.8,77.5,78.9,80.7,100,False,No_Anomaly,79.33,78.33,2.37,2.37,3.03,73.65,10.19,72.72,10.8,0.359,False,False,False,0.359,False,-0.1459,False,False,False,False,0,No Significant Anomaly,No Significant Direction,73.3,83.3,False
S027,Machine Learning,F08,23.8,77.5,78.9,75.0,100,False,No_Anomaly,79.33,78.33,-3.33,3.33,-4.25,73.65,10.19,72.78,9.96,-0.372,False,False,False,0.372,False,-0.1653,False,False,False,False,0,No Significant Anomaly,No Significant Direction,73.3,83.3,False
S027,Software Engineering,F03,23.8,77.5,78.9,68.5,100,False,No_Anomaly,79.33,78.33,-9.83,9.83,-12.55,73.88,11.06,72.8,10.07,-1.206,False,False,False,1.206,False,-0.0951,False,False,False,False,0,No Significant Anomaly,No Significant Direction,73.3,83.3,False
S028,Compiler Design,F06,20.5,62.1,78.4,64.6,100,False,No_Anomaly,68.33,67.23,-2.63,2.63,-3.91,72.75,9.99,72.59,10.04,-0.282,False,False,False,0.282,False,-0.143,False,False,False,False,0,No Significant Anomaly,No Significant Direction,62.2,72.2,False
S028,Computer Networks,F05,20.5,62.1,78.4,66.6,100,False,No_Anomaly,68.33,67.23,-0.63,0.63,-0.94,74.08,9.85,72.72,10.8,-0.026,False,False,False,0.026,False,-0.1406,False,False,False,False,0,No Significant Anomaly,No Significant Direction,62.2,72.2,False
S028,Machine Learning,F02,20.5,62.1,78.4,58.1,100,False,No_Anomaly,68.33,67.23,-9.13,9.13,-13.58,70.46,9.46,72.78,9.96,-1.116,False,False,False,1.116,False,-0.092,False,False,False,False,0,No Significant Anomaly,No Significant Direction,62.2,72.2,False
S028,Software Engineering,F02,20.5,62.1,78.4,63.8,100,False,No_Anomaly,68.33,67.23,-3.43,3.43,-5.1,70.46,9.46,72.8,10.07,-0.385,False,False,False,0.385,False,-0.1306,False,False,False,False,0,No Significant Anomaly,No Significant Direction,62.2,72.2,False
S029,Compiler Design,F08,20.1,55.6,86.9,63.6,100,False,No_Anomaly,67.0,65.28,-1.68,1.68,-2.57,73.65,10.19,72.59,10.04,-0.161,False,False,False,0.161,False,-0.1313,False,False,False,False,0,No Significant Anomaly,No Significant Direction,60.3,70.3,False
S029,Computer Networks,F05,20.1,55.6,86.9,68.9,100,False,No_Anomaly,67.0,65.28,3.62,3.62,5.55,74.08,9.85,72.72,10.8,0.519,False,False,False,0.519,False,-0.1281,False,False,False,False,0,No Significant Anomaly,No Significant Direction,60.3,70.3,False
S029,Machine Learning,F05,20.1,55.6,86.9,100.0,100,True,Severe_Overmarking,67.0,65.28,34.72,34.72,53.19,74.08,9.85,72.78,9.96,4.509,True,True,True,4.509,True,0.0761,True,True,True,True,4,Strong Review Recommended,Potential Over-marking,60.3,70.3,True
S029,Software Engineering,F07,20.1,55.6,86.9,66.8,100,False,No_Anomaly,67.0,65.28,1.52,1.52,2.33,69.71,10.67,72.8,10.07,0.25,False,False,False,0.25,False,-0.0995,False,False,False,False,0,No Significant Anomaly,No Significant Direction,60.3,70.3,False
S030,Compiler Design,F06,23.8,70.1,86.8,76.4,100,False,No_Anomaly,79.33,76.21,0.19,0.19,0.25,72.75,9.99,72.59,10.04,0.079,False,False,False,0.079,False,-0.1489,False,False,False,False,0,No Significant Anomaly,No Significant Direction,71.2,81.2,False
S030,Computer Networks,F06,23.8,70.1,86.8,80.0,100,False,No_Anomaly,79.33,76.21,3.79,3.79,4.97,72.75,9.99,72.72,10.8,0.541,False,False,False,0.541,False,-0.1448,False,False,False,False,0,No Significant Anomaly,No Significant Direction,71.2,81.2,False
S030,Machine Learning,F01,23.8,70.1,86.8,80.4,100,False,No_Anomaly,79.33,76.21,4.19,4.19,5.5,73.7,9.66,72.78,9.96,0.592,False,False,False,0.592,False,-0.1614,False,False,False,False,0,No Significant Anomaly,No Significant Direction,71.2,81.2,False
S030,Software Engineering,F08,23.8,70.1,86.8,80.3,100,False,No_Anomaly,79.33,76.21,4.09,4.09,5.37,73.65,10.19,72.8,10.07,0.58,False,False,False,0.58,False,-0.1679,False,False,False,False,0,No Significant Anomaly,No Significant Direction,71.2,81.2,False
S031,Compiler Design,F06,20.3,78.0,81.0,70.9,100,False,No_Anomaly,67.67,75.5,-4.6,4.6,-6.09,72.75,9.99,72.59,10.04,-0.535,False,False,False,0.535,False,-0.1472,False,False,False,False,0,No Significant Anomaly,No Significant Direction,70.5,80.5,False
S031,Computer Networks,F05,20.3,78.0,81.0,84.2,100,False,No_Anomaly,67.67,75.5,8.7,8.7,11.52,74.08,9.85,72.72,10.8,1.171,False,False,False,1.171,False,-0.106,False,False,False,False,0,No Significant Anomaly,No Significant Direction,70.5,80.5,False
S031,Machine Learning,F08,20.3,78.0,81.0,72.8,100,False,No_Anomaly,67.67,75.5,-2.7,2.7,-3.58,73.65,10.19,72.78,9.96,-0.291,False,False,False,0.291,False,-0.1692,False,False,False,False,0,No Significant Anomaly,No Significant Direction,70.5,80.5,False
S031,Software Engineering,F04,20.3,78.0,81.0,68.2,100,False,No_Anomaly,67.67,75.5,-7.3,7.3,-9.67,73.24,9.91,72.8,10.07,-0.882,False,False,False,0.882,False,-0.1572,False,False,False,False,0,No Significant Anomaly,No Significant Direction,70.5,80.5,False
S032,Compiler Design,F03,16.2,69.0,65.1,56.9,100,False,No_Anomaly,54.0,63.72,-6.82,6.82,-10.7,73.88,11.06,72.59,10.04,-0.82,False,False,False,0.82,False,-0.0503,False,False,False,False,0,No Significant Anomaly,No Significant Direction,58.7,68.7,False
S032,Computer Networks,F07,16.2,69.0,65.1,70.9,100,False,No_Anomaly,54.0,63.72,7.18,7.18,11.27,69.71,10.67,72.72,10.8,0.976,False,False,False,0.976,False,-0.0328,False,False,False,False,0,No Significant Anomaly,No Significant Direction,58.7,68.7,False
S032,Machine Learning,F08,16.2,69.0,65.1,56.3,100,False,No_Anomaly,54.0,63.72,-7.42,7.42,-11.64,73.65,10.19,72.78,9.96,-0.897,False,False,False,0.897,False,-0.0948,False,False,False,False,0,No Significant Anomaly,No Significant Direction,58.7,68.7,False
S032,Software Engineering,F06,16.2,69.0,65.1,68.3,100,False,No_Anomaly,54.0,63.72,4.58,4.58,7.19,72.75,9.99,72.8,10.07,0.642,False,False,False,0.642,False,-0.1261,False,False,False,False,0,No Significant Anomaly,No Significant Direction,58.7,68.7,False
S033,Compiler Design,F04,23.6,54.1,72.0,66.0,100,False,No_Anomaly,78.67,65.05,0.95,0.95,1.46,73.24,9.91,72.59,10.04,0.177,False,False,False,0.177,False,-0.13,False,False,False,False,0,No Significant Anomaly,No Significant Direction,60.0,70.0,False
S033,Computer Networks,F06,23.6,54.1,72.0,64.0,100,False,No_Anomaly,78.67,65.05,-1.05,1.05,-1.61,72.75,9.99,72.72,10.8,-0.08,False,False,False,0.08,False,-0.114,False,False,False,False,0,No Significant Anomaly,No Significant Direction,60.0,70.0,False
S033,Machine Learning,F05,23.6,54.1,72.0,64.3,100,False,No_Anomaly,78.67,65.05,-0.75,0.75,-1.15,74.08,9.85,72.78,9.96,-0.041,False,False,False,0.041,False,-0.1377,False,False,False,False,0,No Significant Anomaly,No Significant Direction,60.0,70.0,False
S033,Software Engineering,F02,23.6,54.1,72.0,62.9,100,False,No_Anomaly,78.67,65.05,-2.15,2.15,-3.31,70.46,9.46,72.8,10.07,-0.221,False,False,False,0.221,False,-0.1045,False,False,False,False,0,No Significant Anomaly,No Significant Direction,60.0,70.0,False
S034,Compiler Design,F06,27.2,59.1,78.2,73.1,100,False,No_Anomaly,90.67,72.39,0.71,0.71,0.98,72.75,9.99,72.59,10.04,0.146,False,False,False,0.146,False,-0.1379,False,False,False,False,0,No Significant Anomaly,No Significant Direction,67.4,77.4,False
S034,Computer Networks,F03,27.2,59.1,78.2,72.5,100,False,No_Anomaly,90.67,72.39,0.11,0.11,0.15,73.88,11.06,72.72,10.8,0.069,False,False,False,0.069,False,-0.0923,False,False,False,False,0,No Significant Anomaly,No Significant Direction,67.4,77.4,False
S034,Machine Learning,F04,27.2,59.1,78.2,79.5,100,False,No_Anomaly,90.67,72.39,7.11,7.11,9.82,73.24,9.91,72.78,9.96,0.967,False,False,False,0.967,False,-0.1397,False,False,False,False,0,No Significant Anomaly,No Significant Direction,67.4,77.4,False
S034,Software Engineering,F01,27.2,59.1,78.2,44.0,100,True,Severe_Undermarking,90.67,72.39,-28.39,28.39,-39.22,73.7,9.66,72.8,10.07,-3.587,True,True,True,3.587,True,0.0409,True,True,True,True,4,Strong Review Recommended,Potential Under-marking,67.4,77.4,True
S035,Compiler Design,F02,18.3,65.7,89.4,69.5,100,False,No_Anomaly,61.0,69.03,0.47,0.47,0.68,70.46,9.46,72.59,10.04,0.115,False,False,False,0.115,False,-0.0927,False,False,False,False,0,No Significant Anomaly,No Significant Direction,64.0,74.0,False
S035,Computer Networks,F03,18.3,65.7,89.4,72.3,100,False,No_Anomaly,61.0,69.03,3.27,3.27,4.74,73.88,11.06,72.72,10.8,0.474,False,False,False,0.474,False,-0.0989,False,False,False,False,0,No Significant Anomaly,No Significant Direction,64.0,74.0,False
S035,Machine Learning,F07,18.3,65.7,89.4,59.2,100,False,No_Anomaly,61.0,69.03,-9.83,9.83,-14.24,69.71,10.67,72.78,9.96,-1.206,False,False,False,1.206,False,-0.064,False,False,False,False,0,No Significant Anomaly,No Significant Direction,64.0,74.0,False
S035,Software Engineering,F07,18.3,65.7,89.4,41.1,100,True,Severe_Undermarking,61.0,69.03,-27.93,27.93,-40.46,69.71,10.67,72.8,10.07,-3.528,True,True,True,3.528,True,0.05,True,True,True,True,4,Strong Review Recommended,Potential Under-marking,64.0,74.0,True
S036,Compiler Design,F01,20.6,67.5,72.5,76.9,100,False,No_Anomaly,68.67,68.85,8.05,8.05,11.69,73.7,9.66,72.59,10.04,1.088,False,False,False,1.088,False,-0.1242,False,False,False,False,0,No Significant Anomaly,No Significant Direction,63.8,73.8,False
S036,Computer Networks,F02,20.6,67.5,72.5,72.1,100,False,No_Anomaly,68.67,68.85,3.25,3.25,4.72,70.46,9.46,72.72,10.8,0.472,False,False,False,0.472,False,-0.0991,False,False,False,False,0,No Significant Anomaly,No Significant Direction,63.8,73.8,False
S036,Machine Learning,F04,20.6,67.5,72.5,61.2,100,False,No_Anomaly,68.67,68.85,-7.65,7.65,-11.11,73.24,9.91,72.78,9.96,-0.926,False,False,False,0.926,False,-0.1342,False,False,False,False,0,No Significant Anomaly,No Significant Direction,63.8,73.8,False
S036,Software Engineering,F01,20.6,67.5,72.5,69.0,100,False,No_Anomaly,68.67,68.85,0.15,0.15,0.22,73.7,9.66,72.8,10.07,0.074,False,False,False,0.074,False,-0.1583,False,False,False,False,0,No Significant Anomaly,No Significant Direction,63.8,73.8,False
S037,Compiler Design,F08,23.7,80.1,64.7,78.4,100,False,No_Anomaly,79.0,76.69,1.71,1.71,2.23,73.65,10.19,72.59,10.04,0.274,False,False,False,0.274,False,-0.1363,False,False,False,False,0,No Significant Anomaly,No Significant Direction,71.7,81.7,False
S037,Computer Networks,F08,23.7,80.1,64.7,76.5,100,False,No_Anomaly,79.0,76.69,-0.19,0.19,-0.25,73.65,10.19,72.72,10.8,0.031,False,False,False,0.031,False,-0.1231,False,False,False,False,0,No Significant Anomaly,No Significant Direction,71.7,81.7,False
S037,Machine Learning,F02,23.7,80.1,64.7,76.6,100,False,No_Anomaly,79.0,76.69,-0.09,0.09,-0.12,70.46,9.46,72.78,9.96,0.043,False,False,False,0.043,False,-0.1035,False,False,False,False,0,No Significant Anomaly,No Significant Direction,71.7,81.7,False
S037,Software Engineering,F07,23.7,80.1,64.7,78.9,100,False,No_Anomaly,79.0,76.69,2.21,2.21,2.88,69.71,10.67,72.8,10.07,0.338,False,False,False,0.338,False,-0.1034,False,False,False,False,0,No Significant Anomaly,No Significant Direction,71.7,81.7,False
S038,Compiler Design,F02,16.2,72.9,76.1,71.4,100,False,No_Anomaly,54.0,67.87,3.53,3.53,5.2,70.46,9.46,72.59,10.04,0.508,False,False,False,0.508,False,-0.0938,False,False,False,False,0,No Significant Anomaly,No Significant Direction,62.9,72.9,False
S038,Computer Networks,F05,16.2,72.9,76.1,75.1,100,False,No_Anomaly,54.0,67.87,7.23,7.23,10.65,74.08,9.85,72.72,10.8,0.982,False,False,False,0.982,False,-0.1113,False,False,False,False,0,No Significant Anomaly,No Significant Direction,62.9,72.9,False
S038,Machine Learning,F04,16.2,72.9,76.1,66.1,100,False,No_Anomaly,54.0,67.87,-1.77,1.77,-2.61,73.24,9.91,72.78,9.96,-0.172,False,False,False,0.172,False,-0.157,False,False,False,False,0,No Significant Anomaly,No Significant Direction,62.9,72.9,False
S038,Software Engineering,F03,16.2,72.9,76.1,62.0,100,False,No_Anomaly,54.0,67.87,-5.87,5.87,-8.65,73.88,11.06,72.8,10.07,-0.698,False,False,False,0.698,False,-0.1025,False,False,False,False,0,No Significant Anomaly,No Significant Direction,62.9,72.9,False
S039,Compiler Design,F03,22.9,70.9,76.7,78.4,100,False,No_Anomaly,76.33,73.69,4.71,4.71,6.39,73.88,11.06,72.59,10.04,0.659,False,False,False,0.659,False,-0.1199,False,False,False,False,0,No Significant Anomaly,No Significant Direction,68.7,78.7,False
S039,Computer Networks,F04,22.9,70.9,76.7,66.8,100,False,No_Anomaly,76.33,73.69,-6.89,6.89,-9.35,73.24,9.91,72.72,10.8,-0.829,False,False,False,0.829,False,-0.1359,False,False,False,False,0,No Significant Anomaly,No Significant Direction,68.7,78.7,False
S039,Machine Learning,F06,22.9,70.9,76.7,76.3,100,False,No_Anomaly,76.33,73.69,2.61,2.61,3.54,72.75,9.99,72.78,9.96,0.39,False,False,False,0.39,False,-0.1708,False,False,False,False,0,No Significant Anomaly,No Significant Direction,68.7,78.7,False
S039,Software Engineering,F08,22.9,70.9,76.7,69.9,100,False,No_Anomaly,76.33,73.69,-3.79,3.79,-5.14,73.65,10.19,72.8,10.07,-0.431,False,False,False,0.431,False,-0.1691,False,False,False,False,0,No Significant Anomaly,No Significant Direction,68.7,78.7,False
S040,Compiler Design,F05,21.0,70.3,98.0,80.4,100,False,No_Anomaly,70.0,75.75,4.65,4.65,6.14,74.08,9.85,72.59,10.04,0.651,False,False,False,0.651,False,-0.1227,False,False,False,False,0,No Significant Anomaly,No Significant Direction,70.8,80.8,False
S040,Computer Networks,F01,21.0,70.3,98.0,74.6,100,False,No_Anomaly,70.0,75.75,-1.15,1.15,-1.52,73.7,9.66,72.72,10.8,-0.093,False,False,False,0.093,False,-0.1333,False,False,False,False,0,No Significant Anomaly,No Significant Direction,70.8,80.8,False
S040,Machine Learning,F08,21.0,70.3,98.0,84.2,100,False,No_Anomaly,70.0,75.75,8.45,8.45,11.16,73.65,10.19,72.78,9.96,1.139,False,False,False,1.139,False,-0.115,False,False,False,False,0,No Significant Anomaly,No Significant Direction,70.8,80.8,False
S040,Software Engineering,F03,21.0,70.3,98.0,65.7,100,False,No_Anomaly,70.0,75.75,-10.05,10.05,-13.27,73.88,11.06,72.8,10.07,-1.234,False,False,False,1.234,False,-0.0712,False,False,False,False,0,No Significant Anomaly,Potential Under-marking,70.8,80.8,False
S041,Compiler Design,F04,22.9,57.7,83.8,62.3,100,False,No_Anomaly,76.33,68.51,-6.21,6.21,-9.06,73.24,9.91,72.59,10.04,-0.742,False,False,False,0.742,False,-0.1362,False,False,False,False,0,No Significant Anomaly,No Significant Direction,63.5,73.5,False
S041,Computer Networks,F04,22.9,57.7,83.8,61.5,100,False,No_Anomaly,76.33,68.51,-7.01,7.01,-10.23,73.24,9.91,72.72,10.8,-0.844,False,False,False,0.844,False,-0.1187,False,False,False,False,0,No Significant Anomaly,No Significant Direction,63.5,73.5,False
S041,Machine Learning,F01,22.9,57.7,83.8,62.4,100,False,No_Anomaly,76.33,68.51,-6.11,6.11,-8.92,73.7,9.66,72.78,9.96,-0.729,False,False,False,0.729,False,-0.1461,False,False,False,False,0,No Significant Anomaly,No Significant Direction,63.5,73.5,False
S041,Software Engineering,F05,22.9,57.7,83.8,71.0,100,False,No_Anomaly,76.33,68.51,2.49,2.49,3.63,74.08,9.85,72.8,10.07,0.374,False,False,False,0.374,False,-0.1607,False,False,False,False,0,No Significant Anomaly,No Significant Direction,63.5,73.5,False
S042,Compiler Design,F07,23.4,86.3,90.4,85.4,100,False,No_Anomaly,78.0,84.63,0.77,0.77,0.91,69.71,10.67,72.59,10.04,0.154,False,False,False,0.154,False,-0.0641,False,False,False,False,0,No Significant Anomaly,No Significant Direction,79.6,89.6,False
S042,Computer Networks,F06,23.4,86.3,90.4,87.6,100,False,No_Anomaly,78.0,84.63,2.97,2.97,3.51,72.75,9.99,72.72,10.8,0.436,False,False,False,0.436,False,-0.0973,False,False,False,False,0,No Significant Anomaly,No Significant Direction,79.6,89.6,False
S042,Machine Learning,F08,23.4,86.3,90.4,86.3,100,False,No_Anomaly,78.0,84.63,1.67,1.67,1.97,73.65,10.19,72.78,9.96,0.269,False,False,False,0.269,False,-0.1205,False,False,False,False,0,No Significant Anomaly,No Significant Direction,79.6,89.6,False
S042,Software Engineering,F04,23.4,86.3,90.4,84.9,100,False,No_Anomaly,78.0,84.63,0.27,0.27,0.32,73.24,9.91,72.8,10.07,0.09,False,False,False,0.09,False,-0.1332,False,False,False,False,0,No Significant Anomaly,No Significant Direction,79.6,89.6,False
S043,Compiler Design,F07,19.4,87.6,70.1,100.0,100,True,Severe_Overmarking,64.67,77.22,22.78,22.78,29.5,69.71,10.67,72.59,10.04,2.977,True,True,True,2.977,True,0.0526,True,True,True,True,4,Strong Review Recommended,Potential Over-marking,72.2,82.2,True
S043,Computer Networks,F06,19.4,87.6,70.1,72.5,100,False,No_Anomaly,64.67,77.22,-4.72,4.72,-6.11,72.75,9.99,72.72,10.8,-0.551,False,False,False,0.551,False,-0.1079,False,False,False,False,0,No Significant Anomaly,No Significant Direction,72.2,82.2,False
S043,Machine Learning,F01,19.4,87.6,70.1,79.9,100,False,No_Anomaly,64.67,77.22,2.68,2.68,3.47,73.7,9.66,72.78,9.96,0.399,False,False,False,0.399,False,-0.1316,False,False,False,False,0,No Significant Anomaly,No Significant Direction,72.2,82.2,False
S043,Software Engineering,F04,19.4,87.6,70.1,74.7,100,False,No_Anomaly,64.67,77.22,-2.52,2.52,-3.26,73.24,9.91,72.8,10.07,-0.268,False,False,False,0.268,False,-0.1473,False,False,False,False,0,No Significant Anomaly,No Significant Direction,72.2,82.2,False
S044,Compiler Design,F03,16.5,58.9,78.1,75.1,100,False,No_Anomaly,55.0,61.57,13.53,13.53,21.97,73.88,11.06,72.59,10.04,1.791,False,False,False,1.791,False,-0.0405,False,False,False,False,0,No Significant Anomaly,Potential Over-marking,56.6,66.6,False
S044,Computer Networks,F03,16.5,58.9,78.1,59.9,100,False,No_Anomaly,55.0,61.57,-1.67,1.67,-2.71,73.88,11.06,72.72,10.8,-0.159,False,False,False,0.159,False,-0.0695,False,False,False,False,0,No Significant Anomaly,No Significant Direction,56.6,66.6,False
S044,Machine Learning,F02,16.5,58.9,78.1,64.9,100,False,No_Anomaly,55.0,61.57,3.33,3.33,5.41,70.46,9.46,72.78,9.96,0.482,False,False,False,0.482,False,-0.0916,False,False,False,False,0,No Significant Anomaly,No Significant Direction,56.6,66.6,False
S044,Software Engineering,F05,16.5,58.9,78.1,70.6,100,False,No_Anomaly,55.0,61.57,9.03,9.03,14.67,74.08,9.85,72.8,10.07,1.213,False,False,False,1.213,False,-0.1071,False,False,False,False,0,No Significant Anomaly,No Significant Direction,56.6,66.6,False
S045,Compiler Design,F02,16.1,77.6,79.8,69.8,100,False,No_Anomaly,53.67,70.86,-1.06,1.06,-1.5,70.46,9.46,72.59,10.04,-0.081,False,False,False,0.081,False,-0.0942,False,False,False,False,0,No Significant Anomaly,No Significant Direction,65.9,75.9,False
S045,Computer Networks,F08,16.1,77.6,79.8,73.3,100,False,No_Anomaly,53.67,70.86,2.44,2.44,3.44,73.65,10.19,72.72,10.8,0.368,False,False,False,0.368,False,-0.1329,False,False,False,False,0,No Significant Anomaly,No Significant Direction,65.9,75.9,False
S045,Machine Learning,F06,16.1,77.6,79.8,72.6,100,False,No_Anomaly,53.67,70.86,1.74,1.74,2.46,72.75,9.99,72.78,9.96,0.278,False,False,False,0.278,False,-0.156,False,False,False,False,0,No Significant Anomaly,No Significant Direction,65.9,75.9,False
S045,Software Engineering,F07,16.1,77.6,79.8,72.4,100,False,No_Anomaly,53.67,70.86,1.54,1.54,2.17,69.71,10.67,72.8,10.07,0.252,False,False,False,0.252,False,-0.1122,False,False,False,False,0,No Significant Anomaly,No Significant Direction,65.9,75.9,False
S046,Compiler Design,F04,25.4,57.8,85.1,70.5,100,False,No_Anomaly,84.67,71.32,-0.82,0.82,-1.15,73.24,9.91,72.59,10.04,-0.05,False,False,False,0.05,False,-0.1437,False,False,False,False,0,No Significant Anomaly,No Significant Direction,66.3,76.3,False
S046,Computer Networks,F01,25.4,57.8,85.1,71.0,100,False,No_Anomaly,84.67,71.32,-0.32,0.32,-0.45,73.7,9.66,72.72,10.8,0.014,False,False,False,0.014,False,-0.1327,False,False,False,False,0,No Significant Anomaly,No Significant Direction,66.3,76.3,False
S046,Machine Learning,F03,25.4,57.8,85.1,76.1,100,False,No_Anomaly,84.67,71.32,4.78,4.78,6.7,73.88,11.06,72.78,9.96,0.668,False,False,False,0.668,False,-0.1097,False,False,False,False,0,No Significant Anomaly,No Significant Direction,66.3,76.3,False
S046,Software Engineering,F01,25.4,57.8,85.1,67.4,100,False,No_Anomaly,84.67,71.32,-3.92,3.92,-5.5,73.7,9.66,72.8,10.07,-0.448,False,False,False,0.448,False,-0.1524,False,False,False,False,0,No Significant Anomaly,No Significant Direction,66.3,76.3,False
S047,Compiler Design,F07,23.7,94.0,100.0,100.0,100,False,No_Anomaly,79.0,90.7,9.3,9.3,10.25,69.71,10.67,72.59,10.04,1.248,False,False,False,1.248,True,0.0358,False,False,True,False,1,No Significant Anomaly,No Significant Direction,85.7,95.7,False
S047,Computer Networks,F04,23.7,94.0,100.0,95.0,100,False,No_Anomaly,79.0,90.7,4.3,4.3,4.74,73.24,9.91,72.72,10.8,0.607,False,False,False,0.607,False,-0.041,False,False,False,False,0,No Significant Anomaly,No Significant Direction,85.7,95.7,False
S047,Machine Learning,F04,23.7,94.0,100.0,82.9,100,False,No_Anomaly,79.0,90.7,-7.8,7.8,-8.6,73.24,9.91,72.78,9.96,-0.946,False,False,False,0.946,False,-0.0569,False,False,False,False,0,No Significant Anomaly,No Significant Direction,85.7,95.7,False
S047,Software Engineering,F08,23.7,94.0,100.0,86.4,100,False,No_Anomaly,79.0,90.7,-4.3,4.3,-4.74,73.65,10.19,72.8,10.07,-0.497,False,False,False,0.497,False,-0.0642,False,False,False,False,0,No Significant Anomaly,No Significant Direction,85.7,95.7,False
S048,Compiler Design,F05,23.1,58.1,60.7,76.8,100,False,No_Anomaly,77.0,64.29,12.51,12.51,19.46,74.08,9.85,72.59,10.04,1.66,False,False,False,1.66,False,-0.0419,False,False,False,False,0,No Significant Anomaly,Potential Over-marking,59.3,69.3,False
S048,Computer Networks,F04,23.1,58.1,60.7,66.0,100,False,No_Anomaly,77.0,64.29,1.71,1.71,2.66,73.24,9.91,72.72,10.8,0.274,False,False,False,0.274,False,-0.1063,False,False,False,False,0,No Significant Anomaly,No Significant Direction,59.3,69.3,False
S048,Machine Learning,F06,23.1,58.1,60.7,58.2,100,False,No_Anomaly,77.0,64.29,-6.09,6.09,-9.47,72.75,9.99,72.78,9.96,-0.726,False,False,False,0.726,False,-0.1008,False,False,False,False,0,No Significant Anomaly,No Significant Direction,59.3,69.3,False
S048,Software Engineering,F01,23.1,58.1,60.7,58.0,100,False,No_Anomaly,77.0,64.29,-6.29,6.29,-9.78,73.7,9.66,72.8,10.07,-0.752,False,False,False,0.752,False,-0.1002,False,False,False,False,0,No Significant Anomaly,No Significant Direction,59.3,69.3,False
S049,Compiler Design,F04,19.6,60.2,77.8,65.9,100,False,No_Anomaly,65.33,65.26,0.64,0.64,0.98,73.24,9.91,72.59,10.04,0.137,False,False,False,0.137,False,-0.1422,False,False,False,False,0,No Significant Anomaly,No Significant Direction,60.3,70.3,False
S049,Computer Networks,F08,19.6,60.2,77.8,71.1,100,False,No_Anomaly,65.33,65.26,5.84,5.84,8.95,73.65,10.19,72.72,10.8,0.804,False,False,False,0.804,False,-0.1242,False,False,False,False,0,No Significant Anomaly,No Significant Direction,60.3,70.3,False
S049,Machine Learning,F04,19.6,60.2,77.8,62.5,100,False,No_Anomaly,65.33,65.26,-2.76,2.76,-4.23,73.24,9.91,72.78,9.96,-0.299,False,False,False,0.299,False,-0.1558,False,False,False,False,0,No Significant Anomaly,No Significant Direction,60.3,70.3,False
S049,Software Engineering,F03,19.6,60.2,77.8,66.9,100,False,No_Anomaly,65.33,65.26,1.64,1.64,2.51,73.88,11.06,72.8,10.07,0.265,False,False,False,0.265,False,-0.1281,False,False,False,False,0,No Significant Anomaly,No Significant Direction,60.3,70.3,False
S050,Compiler Design,F01,22.6,68.3,92.7,78.5,100,False,No_Anomaly,75.33,75.29,3.21,3.21,4.26,73.7,9.66,72.59,10.04,0.467,False,False,False,0.467,False,-0.1462,False,False,False,False,0,No Significant Anomaly,No Significant Direction,70.3,80.3,False
S050,Computer Networks,F03,22.6,68.3,92.7,82.0,100,False,No_Anomaly,75.33,75.29,6.71,6.71,8.91,73.88,11.06,72.72,10.8,0.916,False,False,False,0.916,False,-0.0743,False,False,False,False,0,No Significant Anomaly,No Significant Direction,70.3,80.3,False
S050,Machine Learning,F02,22.6,68.3,92.7,71.8,100,False,No_Anomaly,75.33,75.29,-3.49,3.49,-4.64,70.46,9.46,72.78,9.96,-0.393,False,False,False,0.393,False,-0.1257,False,False,False,False,0,No Significant Anomaly,No Significant Direction,70.3,80.3,False
S050,Software Engineering,F08,22.6,68.3,92.7,81.6,100,False,No_Anomaly,75.33,75.29,6.31,6.31,8.38,73.65,10.19,72.8,10.07,0.864,False,False,False,0.864,False,-0.1493,False,False,False,False,0,No Significant Anomaly,No Significant Direction,70.3,80.3,False
S051,Compiler Design,F05,15.3,68.1,71.6,66.5,100,False,No_Anomaly,51.0,63.67,2.83,2.83,4.44,74.08,9.85,72.59,10.04,0.418,False,False,False,0.418,False,-0.1109,False,False,False,False,0,No Significant Anomaly,No Significant Direction,58.7,68.7,False
S051,Computer Networks,F01,15.3,68.1,71.6,61.4,100,False,No_Anomaly,51.0,63.67,-2.27,2.27,-3.57,73.7,9.66,72.72,10.8,-0.236,False,False,False,0.236,False,-0.1014,False,False,False,False,0,No Significant Anomaly,No Significant Direction,58.7,68.7,False
S051,Machine Learning,F01,15.3,68.1,71.6,64.1,100,False,No_Anomaly,51.0,63.67,0.43,0.43,0.68,73.7,9.66,72.78,9.96,0.11,False,False,False,0.11,False,-0.1261,False,False,False,False,0,No Significant Anomaly,No Significant Direction,58.7,68.7,False
S051,Software Engineering,F06,15.3,68.1,71.6,65.0,100,False,No_Anomaly,51.0,63.67,1.33,1.33,2.09,72.75,9.99,72.8,10.07,0.226,False,False,False,0.226,False,-0.13,False,False,False,False,0,No Significant Anomaly,No Significant Direction,58.7,68.7,False
S052,Compiler Design,F03,29.1,64.2,81.5,76.4,100,False,No_Anomaly,97.0,77.5,-1.1,1.1,-1.42,73.88,11.06,72.59,10.04,-0.086,False,False,False,0.086,False,-0.1028,False,False,False,False,0,No Significant Anomaly,No Significant Direction,72.5,82.5,False
S052,Computer Networks,F02,29.1,64.2,81.5,67.1,100,False,No_Anomaly,97.0,77.5,-10.4,10.4,-13.42,70.46,9.46,72.72,10.8,-1.279,False,False,False,1.279,False,-0.0375,False,False,False,False,0,No Significant Anomaly,Potential Under-marking,72.5,82.5,False
S052,Machine Learning,F06,29.1,64.2,81.5,79.6,100,False,No_Anomaly,97.0,77.5,2.1,2.1,2.71,72.75,9.99,72.78,9.96,0.324,False,False,False,0.324,False,-0.1407,False,False,False,False,0,No Significant Anomaly,No Significant Direction,72.5,82.5,False
S052,Software Engineering,F02,29.1,64.2,81.5,72.2,100,False,No_Anomaly,97.0,77.5,-5.3,5.3,-6.84,70.46,9.46,72.8,10.07,-0.625,False,False,False,0.625,False,-0.1102,False,False,False,False,0,No Significant Anomaly,No Significant Direction,72.5,82.5,False
S053,Compiler Design,F01,20.0,71.6,91.8,73.0,100,False,No_Anomaly,66.67,74.16,-1.16,1.16,-1.56,73.7,9.66,72.59,10.04,-0.094,False,False,False,0.094,False,-0.1473,False,False,False,False,0,No Significant Anomaly,No Significant Direction,69.2,79.2,False
S053,Computer Networks,F06,20.0,71.6,91.8,100.0,100,True,Severe_Overmarking,66.67,74.16,25.84,25.84,34.84,72.75,9.99,72.72,10.8,3.37,True,True,True,3.37,True,0.0341,True,True,True,True,4,Strong Review Recommended,Potential Over-marking,69.2,79.2,True
S053,Machine Learning,F02,20.0,71.6,91.8,75.8,100,False,No_Anomaly,66.67,74.16,1.64,1.64,2.21,70.46,9.46,72.78,9.96,0.265,False,False,False,0.265,False,-0.1231,False,False,False,False,0,No Significant Anomaly,No Significant Direction,69.2,79.2,False
S053,Software Engineering,F02,20.0,71.6,91.8,67.2,100,False,No_Anomaly,66.67,74.16,-6.96,6.96,-9.39,70.46,9.46,72.8,10.07,-0.838,False,False,False,0.838,False,-0.1206,False,False,False,False,0,No Significant Anomaly,No Significant Direction,69.2,79.2,False
S054,Compiler Design,F08,19.1,55.8,72.3,67.8,100,False,No_Anomaly,63.67,61.46,6.34,6.34,10.32,73.65,10.19,72.59,10.04,0.868,False,False,False,0.868,False,-0.1116,False,False,False,False,0,No Significant Anomaly,No Significant Direction,56.5,66.5,False
S054,Computer Networks,F05,19.1,55.8,72.3,64.5,100,False,No_Anomaly,63.67,61.46,3.04,3.04,4.95,74.08,9.85,72.72,10.8,0.445,False,False,False,0.445,False,-0.1101,False,False,False,False,0,No Significant Anomaly,No Significant Direction,56.5,66.5,False
S054,Machine Learning,F04,19.1,55.8,72.3,67.1,100,False,No_Anomaly,63.67,61.46,5.64,5.64,9.18,73.24,9.91,72.78,9.96,0.778,False,False,False,0.778,False,-0.1316,False,False,False,False,0,No Significant Anomaly,No Significant Direction,56.5,66.5,False
S054,Software Engineering,F01,19.1,55.8,72.3,82.0,100,True,Severe_Overmarking,63.67,61.46,20.54,20.54,33.42,73.7,9.66,72.8,10.07,2.69,True,True,True,2.69,False,-0.0128,True,True,False,True,3,Strong Review Recommended,Potential Over-marking,56.5,66.5,True
S055,Compiler Design,F04,25.4,95.5,73.8,86.0,100,False,No_Anomaly,84.67,87.91,-1.91,1.91,-2.17,73.24,9.91,72.59,10.04,-0.19,False,False,False,0.19,False,-0.0947,False,False,False,False,0,No Significant Anomaly,No Significant Direction,82.9,92.9,False
S055,Computer Networks,F04,25.4,95.5,73.8,93.3,100,False,No_Anomaly,84.67,87.91,5.39,5.39,6.13,73.24,9.91,72.72,10.8,0.746,False,False,False,0.746,False,-0.061,False,False,False,False,0,No Significant Anomaly,No Significant Direction,82.9,92.9,False
S055,Machine Learning,F01,25.4,95.5,73.8,87.3,100,False,No_Anomaly,84.67,87.91,-0.61,0.61,-0.69,73.7,9.66,72.78,9.96,-0.023,False,False,False,0.023,False,-0.0825,False,False,False,False,0,No Significant Anomaly,No Significant Direction,82.9,92.9,False
S055,Software Engineering,F04,25.4,95.5,73.8,87.4,100,False,No_Anomaly,84.67,87.91,-0.51,0.51,-0.58,73.24,9.91,72.8,10.07,-0.011,False,False,False,0.011,False,-0.0977,False,False,False,False,0,No Significant Anomaly,No Significant Direction,82.9,92.9,False
S056,Compiler Design,F08,23.5,59.2,91.3,78.1,100,False,No_Anomaly,78.33,71.36,6.74,6.74,9.45,73.65,10.19,72.59,10.04,0.92,False,False,False,0.92,False,-0.1233,False,False,False,False,0,No Significant Anomaly,No Significant Direction,66.4,76.4,False
S056,Computer Networks,F07,23.5,59.2,91.3,74.5,100,False,No_Anomaly,78.33,71.36,3.14,3.14,4.4,69.71,10.67,72.72,10.8,0.458,False,False,False,0.458,False,-0.0868,False,False,False,False,0,No Significant Anomaly,No Significant Direction,66.4,76.4,False
S056,Machine Learning,F02,23.5,59.2,91.3,76.2,100,False,No_Anomaly,78.33,71.36,4.84,4.84,6.78,70.46,9.46,72.78,9.96,0.676,False,False,False,0.676,False,-0.1067,False,False,False,False,0,No Significant Anomaly,No Significant Direction,66.4,76.4,False
S056,Software Engineering,F03,23.5,59.2,91.3,100.0,100,True,Severe_Overmarking,78.33,71.36,28.64,28.64,40.13,73.88,11.06,72.8,10.07,3.729,True,True,True,3.729,True,0.0432,True,True,True,True,4,Strong Review Recommended,Potential Over-marking,66.4,76.4,True
S057,Compiler Design,F07,19.4,68.1,81.6,71.5,100,False,No_Anomaly,64.67,69.77,1.73,1.73,2.48,69.71,10.67,72.59,10.04,0.277,False,False,False,0.277,False,-0.1008,False,False,False,False,0,No Significant Anomaly,No Significant Direction,64.8,74.8,False
S057,Computer Networks,F03,19.4,68.1,81.6,72.7,100,False,No_Anomaly,64.67,69.77,2.93,2.93,4.2,73.88,11.06,72.72,10.8,0.431,False,False,False,0.431,False,-0.1102,False,False,False,False,0,No Significant Anomaly,No Significant Direction,64.8,74.8,False
S057,Machine Learning,F01,19.4,68.1,81.6,65.7,100,False,No_Anomaly,64.67,69.77,-4.07,4.07,-5.83,73.7,9.66,72.78,9.96,-0.467,False,False,False,0.467,False,-0.1594,False,False,False,False,0,No Significant Anomaly,No Significant Direction,64.8,74.8,False
S057,Software Engineering,F03,19.4,68.1,81.6,73.7,100,False,No_Anomaly,64.67,69.77,3.93,3.93,5.63,73.88,11.06,72.8,10.07,0.559,False,False,False,0.559,False,-0.1358,False,False,False,False,0,No Significant Anomaly,No Significant Direction,64.8,74.8,False
S058,Compiler Design,F05,17.1,75.4,77.5,60.8,100,False,No_Anomaly,57.0,70.3,-9.5,9.5,-13.51,74.08,9.85,72.59,10.04,-1.164,False,False,False,1.164,False,-0.0911,False,False,False,False,0,No Significant Anomaly,No Significant Direction,65.3,75.3,False
S058,Computer Networks,F03,17.1,75.4,77.5,78.3,100,False,No_Anomaly,57.0,70.3,8.0,8.0,11.38,73.88,11.06,72.72,10.8,1.081,False,False,False,1.081,False,-0.0686,False,False,False,False,0,No Significant Anomaly,No Significant Direction,65.3,75.3,False
S058,Machine Learning,F04,17.1,75.4,77.5,71.5,100,False,No_Anomaly,57.0,70.3,1.2,1.2,1.71,73.24,9.91,72.78,9.96,0.209,False,False,False,0.209,False,-0.1629,False,False,False,False,0,No Significant Anomaly,No Significant Direction,65.3,75.3,False
S058,Software Engineering,F07,17.1,75.4,77.5,69.7,100,False,No_Anomaly,57.0,70.3,-0.6,0.6,-0.85,69.71,10.67,72.8,10.07,-0.022,False,False,False,0.022,False,-0.1093,False,False,False,False,0,No Significant Anomaly,No Significant Direction,65.3,75.3,False
S059,Compiler Design,F01,28.3,54.7,83.7,77.9,100,False,No_Anomaly,94.33,72.39,5.51,5.51,7.61,73.7,9.66,72.59,10.04,0.762,False,False,False,0.762,False,-0.1155,False,False,False,False,0,No Significant Anomaly,No Significant Direction,67.4,77.4,False
S059,Computer Networks,F05,28.3,54.7,83.7,74.0,100,False,No_Anomaly,94.33,72.39,1.61,1.61,2.22,74.08,9.85,72.72,10.8,0.261,False,False,False,0.261,False,-0.1197,False,False,False,False,0,No Significant Anomaly,No Significant Direction,67.4,77.4,False
S059,Machine Learning,F07,28.3,54.7,83.7,60.5,100,False,No_Anomaly,94.33,72.39,-11.89,11.89,-16.42,69.71,10.67,72.78,9.96,-1.47,False,False,False,1.47,False,-0.0286,False,False,False,False,0,No Significant Anomaly,Potential Under-marking,67.4,77.4,False
S059,Software Engineering,F07,28.3,54.7,83.7,100.0,100,True,Severe_Overmarking,94.33,72.39,27.61,27.61,38.14,69.71,10.67,72.8,10.07,3.597,True,True,True,3.597,True,0.0531,True,True,True,True,4,Strong Review Recommended,Potential Over-marking,67.4,77.4,True
S060,Compiler Design,F06,23.1,71.9,80.8,69.0,100,False,No_Anomaly,77.0,75.21,-6.21,6.21,-8.26,72.75,9.99,72.59,10.04,-0.742,False,False,False,0.742,False,-0.1468,False,False,False,False,0,No Significant Anomaly,No Significant Direction,70.2,80.2,False
S060,Computer Networks,F08,23.1,71.9,80.8,79.6,100,False,No_Anomaly,77.0,75.21,4.39,4.39,5.84,73.65,10.19,72.72,10.8,0.618,False,False,False,0.618,False,-0.1425,False,False,False,False,0,No Significant Anomaly,No Significant Direction,70.2,80.2,False
S060,Machine Learning,F02,23.1,71.9,80.8,69.2,100,False,No_Anomaly,77.0,75.21,-6.01,6.01,-7.99,70.46,9.46,72.78,9.96,-0.716,False,False,False,0.716,False,-0.1351,False,False,False,False,0,No Significant Anomaly,No Significant Direction,70.2,80.2,False
S060,Software Engineering,F07,23.1,71.9,80.8,73.5,100,False,No_Anomaly,77.0,75.21,-1.71,1.71,-2.27,69.71,10.67,72.8,10.07,-0.164,False,False,False,0.164,False,-0.1308,False,False,False,False,0,No Significant Anomaly,No Significant Direction,70.2,80.2,False
S061,Compiler Design,F04,20.4,85.7,84.2,73.7,100,False,No_Anomaly,68.0,80.09,-6.39,6.39,-7.98,73.24,9.91,72.59,10.04,-0.765,False,False,False,0.765,False,-0.1357,False,False,False,False,0,No Significant Anomaly,No Significant Direction,75.1,85.1,False
S061,Computer Networks,F08,20.4,85.7,84.2,93.4,100,False,No_Anomaly,68.0,80.09,13.31,13.31,16.62,73.65,10.19,72.72,10.8,1.762,False,False,False,1.762,False,-0.0484,False,False,False,False,0,No Significant Anomaly,Potential Over-marking,75.1,85.1,False
S061,Machine Learning,F05,20.4,85.7,84.2,77.7,100,False,No_Anomaly,68.0,80.09,-2.39,2.39,-2.98,74.08,9.85,72.78,9.96,-0.252,False,False,False,0.252,False,-0.1421,False,False,False,False,0,No Significant Anomaly,No Significant Direction,75.1,85.1,False
S061,Software Engineering,F02,20.4,85.7,84.2,75.3,100,False,No_Anomaly,68.0,80.09,-4.79,4.79,-5.98,70.46,9.46,72.8,10.07,-0.56,False,False,False,0.56,False,-0.1156,False,False,False,False,0,No Significant Anomaly,No Significant Direction,75.1,85.1,False
S062,Compiler Design,F01,28.1,83.3,86.3,78.1,100,False,No_Anomaly,93.67,87.01,-8.91,8.91,-10.24,73.7,9.66,72.59,10.04,-1.088,False,False,False,1.088,False,-0.071,False,False,False,False,0,No Significant Anomaly,No Significant Direction,82.0,92.0,False
S062,Computer Networks,F01,28.1,83.3,86.3,84.8,100,False,No_Anomaly,93.67,87.01,-2.21,2.21,-2.54,73.7,9.66,72.72,10.8,-0.229,False,False,False,0.229,False,-0.086,False,False,False,False,0,No Significant Anomaly,No Significant Direction,82.0,92.0,False
S062,Machine Learning,F07,28.1,83.3,86.3,69.7,100,False,No_Anomaly,93.67,87.01,-17.31,17.31,-19.89,69.71,10.67,72.78,9.96,-2.166,False,True,True,2.166,True,0.0064,False,True,True,False,2,Review Recommended,Potential Under-marking,82.0,92.0,True
S062,Software Engineering,F07,28.1,83.3,86.3,79.6,100,False,No_Anomaly,93.67,87.01,-7.41,7.41,-8.52,69.71,10.67,72.8,10.07,-0.896,False,False,False,0.896,False,-0.0563,False,False,False,False,0,No Significant Anomaly,No Significant Direction,82.0,92.0,False
S063,Compiler Design,F03,16.5,72.2,69.8,65.1,100,False,No_Anomaly,55.0,66.56,-1.46,1.46,-2.19,73.88,11.06,72.59,10.04,-0.132,False,False,False,0.132,False,-0.0943,False,False,False,False,0,No Significant Anomaly,No Significant Direction,61.6,71.6,False
S063,Computer Networks,F06,16.5,72.2,69.8,59.5,100,False,No_Anomaly,55.0,66.56,-7.06,7.06,-10.61,72.75,9.99,72.72,10.8,-0.851,False,False,False,0.851,False,-0.0875,False,False,False,False,0,No Significant Anomaly,No Significant Direction,61.6,71.6,False
S063,Machine Learning,F02,16.5,72.2,69.8,65.9,100,False,No_Anomaly,55.0,66.56,-0.66,0.66,-0.99,70.46,9.46,72.78,9.96,-0.03,False,False,False,0.03,False,-0.1025,False,False,False,False,0,No Significant Anomaly,No Significant Direction,61.6,71.6,False
S063,Software Engineering,F04,16.5,72.2,69.8,68.6,100,False,No_Anomaly,55.0,66.56,2.04,2.04,3.06,73.24,9.91,72.8,10.07,0.317,False,False,False,0.317,False,-0.1562,False,False,False,False,0,No Significant Anomaly,No Significant Direction,61.6,71.6,False
S064,Compiler Design,F01,21.3,89.8,99.2,72.9,100,False,No_Anomaly,71.0,86.04,-13.14,13.14,-15.27,73.7,9.66,72.59,10.04,-1.631,False,False,False,1.631,False,-0.031,False,False,False,False,0,No Significant Anomaly,Potential Under-marking,81.0,91.0,False
S064,Computer Networks,F06,21.3,89.8,99.2,81.1,100,False,No_Anomaly,71.0,86.04,-4.94,4.94,-5.74,72.75,9.99,72.72,10.8,-0.579,False,False,False,0.579,False,-0.0707,False,False,False,False,0,No Significant Anomaly,No Significant Direction,81.0,91.0,False
S064,Machine Learning,F05,21.3,89.8,99.2,83.7,100,False,No_Anomaly,71.0,86.04,-2.34,2.34,-2.72,74.08,9.85,72.78,9.96,-0.245,False,False,False,0.245,False,-0.0859,False,False,False,False,0,No Significant Anomaly,No Significant Direction,81.0,91.0,False
S064,Software Engineering,F03,21.3,89.8,99.2,93.2,100,False,No_Anomaly,71.0,86.04,7.16,7.16,8.32,73.88,11.06,72.8,10.07,0.973,False,False,False,0.973,False,-0.0355,False,False,False,False,0,No Significant Anomaly,No Significant Direction,81.0,91.0,False
S065,Compiler Design,F01,17.6,65.4,96.6,77.9,100,False,No_Anomaly,58.67,69.62,8.28,8.28,11.89,73.7,9.66,72.59,10.04,1.117,False,False,False,1.117,False,-0.1001,False,False,False,False,0,No Significant Anomaly,No Significant Direction,64.6,74.6,False
S065,Computer Networks,F06,17.6,65.4,96.6,73.0,100,False,No_Anomaly,58.67,69.62,3.38,3.38,4.85,72.75,9.99,72.72,10.8,0.489,False,False,False,0.489,False,-0.1199,False,False,False,False,0,No Significant Anomaly,No Significant Direction,64.6,74.6,False
S065,Machine Learning,F01,17.6,65.4,96.6,78.1,100,False,No_Anomaly,58.67,69.62,8.48,8.48,12.18,73.7,9.66,72.78,9.96,1.143,False,False,False,1.143,False,-0.109,False,False,False,False,0,No Significant Anomaly,No Significant Direction,64.6,74.6,False
S065,Software Engineering,F06,17.6,65.4,96.6,76.2,100,False,No_Anomaly,58.67,69.62,6.58,6.58,9.45,72.75,9.99,72.8,10.07,0.899,False,False,False,0.899,False,-0.1306,False,False,False,False,0,No Significant Anomaly,No Significant Direction,64.6,74.6,False
S066,Compiler Design,F07,20.4,59.3,88.4,59.7,100,False,No_Anomaly,68.0,67.73,-8.03,8.03,-11.86,69.71,10.67,72.59,10.04,-0.975,False,False,False,0.975,False,-0.066,False,False,False,False,0,No Significant Anomaly,No Significant Direction,62.7,72.7,False
S066,Computer Networks,F08,20.4,59.3,88.4,65.1,100,False,No_Anomaly,68.0,67.73,-2.63,2.63,-3.88,73.65,10.19,72.72,10.8,-0.282,False,False,False,0.282,False,-0.1367,False,False,False,False,0,No Significant Anomaly,No Significant Direction,62.7,72.7,False
S066,Machine Learning,F08,20.4,59.3,88.4,78.5,100,False,No_Anomaly,68.0,67.73,10.77,10.77,15.9,73.65,10.19,72.78,9.96,1.437,False,False,False,1.437,False,-0.1055,False,False,False,False,0,No Significant Anomaly,Potential Over-marking,62.7,72.7,False
S066,Software Engineering,F07,20.4,59.3,88.4,65.5,100,False,No_Anomaly,68.0,67.73,-2.23,2.23,-3.29,69.71,10.67,72.8,10.07,-0.231,False,False,False,0.231,False,-0.1145,False,False,False,False,0,No Significant Anomaly,No Significant Direction,62.7,72.7,False
S067,Compiler Design,F07,23.4,69.9,80.4,69.0,100,False,No_Anomaly,78.0,74.43,-5.43,5.43,-7.3,69.71,10.67,72.59,10.04,-0.642,False,False,False,0.642,False,-0.1081,False,False,False,False,0,No Significant Anomaly,No Significant Direction,69.4,79.4,False
S067,Computer Networks,F05,23.4,69.9,80.4,76.2,100,False,No_Anomaly,78.0,74.43,1.77,1.77,2.38,74.08,9.85,72.72,10.8,0.282,False,False,False,0.282,False,-0.1515,False,False,False,False,0,No Significant Anomaly,No Significant Direction,69.4,79.4,False
S067,Machine Learning,F06,23.4,69.9,80.4,77.0,100,False,No_Anomaly,78.0,74.43,2.57,2.57,3.45,72.75,9.99,72.78,9.96,0.385,False,False,False,0.385,False,-0.1721,False,False,False,False,0,No Significant Anomaly,No Significant Direction,69.4,79.4,False
S067,Software Engineering,F08,23.4,69.9,80.4,71.3,100,False,No_Anomaly,78.0,74.43,-3.13,3.13,-4.21,73.65,10.19,72.8,10.07,-0.347,False,False,False,0.347,False,-0.1773,False,False,False,False,0,No Significant Anomaly,No Significant Direction,69.4,79.4,False
S068,Compiler Design,F03,24.6,86.9,82.9,79.7,100,False,No_Anomaly,82.0,84.63,-4.93,4.93,-5.83,73.88,11.06,72.59,10.04,-0.578,False,False,False,0.578,False,-0.0896,False,False,False,False,0,No Significant Anomaly,No Significant Direction,79.6,89.6,False
S068,Computer Networks,F06,24.6,86.9,82.9,75.4,100,False,No_Anomaly,82.0,84.63,-9.23,9.23,-10.91,72.75,9.99,72.72,10.8,-1.129,False,False,False,1.129,False,-0.0758,False,False,False,False,0,No Significant Anomaly,No Significant Direction,79.6,89.6,False
S068,Machine Learning,F07,24.6,86.9,82.9,78.0,100,False,No_Anomaly,82.0,84.63,-6.63,6.63,-7.83,69.71,10.67,72.78,9.96,-0.796,False,False,False,0.796,False,-0.0812,False,False,False,False,0,No Significant Anomaly,No Significant Direction,79.6,89.6,False
S068,Software Engineering,F02,24.6,86.9,82.9,87.4,100,False,No_Anomaly,82.0,84.63,2.77,2.77,3.27,70.46,9.46,72.8,10.07,0.41,False,False,False,0.41,False,-0.0848,False,False,False,False,0,No Significant Anomaly,No Significant Direction,79.6,89.6,False
S069,Compiler Design,F05,18.6,45.4,81.5,93.8,100,True,Severe_Overmarking,62.0,57.6,36.2,36.2,62.85,74.08,9.85,72.59,10.04,4.699,True,True,True,4.699,True,0.0837,True,True,True,True,4,Strong Review Recommended,Potential Over-marking,52.6,62.6,True
S069,Computer Networks,F06,18.6,45.4,81.5,55.2,100,False,No_Anomaly,62.0,57.6,-2.4,2.4,-4.17,72.75,9.99,72.72,10.8,-0.253,False,False,False,0.253,False,-0.0682,False,False,False,False,0,No Significant Anomaly,No Significant Direction,52.6,62.6,False
S069,Machine Learning,F07,18.6,45.4,81.5,53.7,100,False,No_Anomaly,62.0,57.6,-3.9,3.9,-6.77,69.71,10.67,72.78,9.96,-0.445,False,False,False,0.445,False,-0.0337,False,False,False,False,0,No Significant Anomaly,No Significant Direction,52.6,62.6,False
S069,Software Engineering,F08,18.6,45.4,81.5,87.0,100,True,Severe_Overmarking,62.0,57.6,29.4,29.4,51.04,73.65,10.19,72.8,10.07,3.826,True,True,True,3.826,True,0.0604,True,True,True,True,4,Strong Review Recommended,Potential Over-marking,52.6,62.6,True
S070,Compiler Design,F04,20.7,55.4,73.2,59.6,100,False,No_Anomaly,69.0,63.04,-3.44,3.44,-5.46,73.24,9.91,72.59,10.04,-0.386,False,False,False,0.386,False,-0.1174,False,False,False,False,0,No Significant Anomaly,No Significant Direction,58.0,68.0,False
S070,Computer Networks,F05,20.7,55.4,73.2,66.0,100,False,No_Anomaly,69.0,63.04,2.96,2.96,4.7,74.08,9.85,72.72,10.8,0.435,False,False,False,0.435,False,-0.1157,False,False,False,False,0,No Significant Anomaly,No Significant Direction,58.0,68.0,False
S070,Machine Learning,F03,20.7,55.4,73.2,72.4,100,False,No_Anomaly,69.0,63.04,9.36,9.36,14.85,73.88,11.06,72.78,9.96,1.256,False,False,False,1.256,False,-0.0792,False,False,False,False,0,No Significant Anomaly,No Significant Direction,58.0,68.0,False
S070,Software Engineering,F02,20.7,55.4,73.2,63.0,100,False,No_Anomaly,69.0,63.04,-0.04,0.04,-0.06,70.46,9.46,72.8,10.07,0.05,False,False,False,0.05,False,-0.091,False,False,False,False,0,No Significant Anomaly,No Significant Direction,58.0,68.0,False
S071,Compiler Design,F05,22.1,81.0,68.7,80.6,100,False,No_Anomaly,73.67,76.34,4.26,4.26,5.58,74.08,9.85,72.59,10.04,0.601,False,False,False,0.601,False,-0.1318,False,False,False,False,0,No Significant Anomaly,No Significant Direction,71.3,81.3,False
S071,Computer Networks,F03,22.1,81.0,68.7,79.8,100,False,No_Anomaly,73.67,76.34,3.46,3.46,4.53,73.88,11.06,72.72,10.8,0.499,False,False,False,0.499,False,-0.0963,False,False,False,False,0,No Significant Anomaly,No Significant Direction,71.3,81.3,False
S071,Machine Learning,F03,22.1,81.0,68.7,80.4,100,False,No_Anomaly,73.67,76.34,4.06,4.06,5.32,73.88,11.06,72.78,9.96,0.576,False,False,False,0.576,False,-0.1138,False,False,False,False,0,No Significant Anomaly,No Significant Direction,71.3,81.3,False
S071,Software Engineering,F06,22.1,81.0,68.7,72.4,100,False,No_Anomaly,73.67,76.34,-3.94,3.94,-5.16,72.75,9.99,72.8,10.07,-0.451,False,False,False,0.451,False,-0.1546,False,False,False,False,0,No Significant Anomaly,No Significant Direction,71.3,81.3,False
S072,Compiler Design,F02,26.0,64.2,78.7,80.0,100,False,No_Anomaly,86.67,73.84,6.16,6.16,8.34,70.46,9.46,72.59,10.04,0.845,False,False,False,0.845,False,-0.0915,False,False,False,False,0,No Significant Anomaly,No Significant Direction,68.8,78.8,False
S072,Computer Networks,F06,26.0,64.2,78.7,80.5,100,False,No_Anomaly,86.67,73.84,6.66,6.66,9.02,72.75,9.99,72.72,10.8,0.909,False,False,False,0.909,False,-0.1174,False,False,False,False,0,No Significant Anomaly,No Significant Direction,68.8,78.8,False
S072,Machine Learning,F04,26.0,64.2,78.7,73.6,100,False,No_Anomaly,86.67,73.84,-0.24,0.24,-0.33,73.24,9.91,72.78,9.96,0.024,False,False,False,0.024,False,-0.161,False,False,False,False,0,No Significant Anomaly,No Significant Direction,68.8,78.8,False
S072,Software Engineering,F05,26.0,64.2,78.7,74.7,100,False,No_Anomaly,86.67,73.84,0.86,0.86,1.16,74.08,9.85,72.8,10.07,0.165,False,False,False,0.165,False,-0.1629,False,False,False,False,0,No Significant Anomaly,No Significant Direction,68.8,78.8,False
S073,Compiler Design,F01,21.4,76.5,95.4,79.3,100,False,No_Anomaly,71.33,78.73,0.57,0.57,0.72,73.7,9.66,72.59,10.04,0.128,False,False,False,0.128,False,-0.139,False,False,False,False,0,No Significant Anomaly,No Significant Direction,73.7,83.7,False
S073,Computer Networks,F01,21.4,76.5,95.4,76.5,100,False,No_Anomaly,71.33,78.73,-2.23,2.23,-2.83,73.7,9.66,72.72,10.8,-0.231,False,False,False,0.231,False,-0.1278,False,False,False,False,0,No Significant Anomaly,No Significant Direction,73.7,83.7,False
S073,Machine Learning,F03,21.4,76.5,95.4,79.5,100,False,No_Anomaly,71.33,78.73,0.77,0.77,0.98,73.88,11.06,72.78,9.96,0.154,False,False,False,0.154,False,-0.1201,False,False,False,False,0,No Significant Anomaly,No Significant Direction,73.7,83.7,False
S073,Software Engineering,F04,21.4,76.5,95.4,73.8,100,False,No_Anomaly,71.33,78.73,-4.93,4.93,-6.26,73.24,9.91,72.8,10.07,-0.578,False,False,False,0.578,False,-0.1524,False,False,False,False,0,No Significant Anomaly,No Significant Direction,73.7,83.7,False
S074,Compiler Design,F04,23.0,61.6,79.8,78.7,100,False,No_Anomaly,76.67,69.76,8.94,8.94,12.82,73.24,9.91,72.59,10.04,1.202,False,False,False,1.202,False,-0.1324,False,False,False,False,0,No Significant Anomaly,No Significant Direction,64.8,74.8,False
S074,Computer Networks,F04,23.0,61.6,79.8,72.5,100,False,No_Anomaly,76.67,69.76,2.74,2.74,3.93,73.24,9.91,72.72,10.8,0.406,False,False,False,0.406,False,-0.1556,False,False,False,False,0,No Significant Anomaly,No Significant Direction,64.8,74.8,False
S074,Machine Learning,F03,23.0,61.6,79.8,73.8,100,False,No_Anomaly,76.67,69.76,4.04,4.04,5.79,73.88,11.06,72.78,9.96,0.573,False,False,False,0.573,False,-0.1341,False,False,False,False,0,No Significant Anomaly,No Significant Direction,64.8,74.8,False
S074,Software Engineering,F01,23.0,61.6,79.8,61.9,100,False,No_Anomaly,76.67,69.76,-7.86,7.86,-11.27,73.7,9.66,72.8,10.07,-0.953,False,False,False,0.953,False,-0.1388,False,False,False,False,0,No Significant Anomaly,No Significant Direction,64.8,74.8,False
S075,Compiler Design,F05,22.4,72.1,71.2,74.9,100,False,No_Anomaly,74.67,72.69,2.21,2.21,3.04,74.08,9.85,72.59,10.04,0.338,False,False,False,0.338,False,-0.1519,False,False,False,False,0,No Significant Anomaly,No Significant Direction,67.7,77.7,False
S075,Computer Networks,F07,22.4,72.1,71.2,71.9,100,False,No_Anomaly,74.67,72.69,-0.79,0.79,-1.09,69.71,10.67,72.72,10.8,-0.046,False,False,False,0.046,False,-0.0962,False,False,False,False,0,No Significant Anomaly,No Significant Direction,67.7,77.7,False
S075,Machine Learning,F08,22.4,72.1,71.2,73.6,100,False,No_Anomaly,74.67,72.69,0.91,0.91,1.25,73.65,10.19,72.78,9.96,0.172,False,False,False,0.172,False,-0.1655,False,False,False,False,0,No Significant Anomaly,No Significant Direction,67.7,77.7,False
S075,Software Engineering,F07,22.4,72.1,71.2,76.4,100,False,No_Anomaly,74.67,72.69,3.71,3.71,5.1,69.71,10.67,72.8,10.07,0.531,False,False,False,0.531,False,-0.1155,False,False,False,False,0,No Significant Anomaly,No Significant Direction,67.7,77.7,False
S076,Compiler Design,F07,29.5,72.7,100.0,83.1,100,False,No_Anomaly,98.33,85.85,-2.75,2.75,-3.2,69.71,10.67,72.59,10.04,-0.298,False,False,False,0.298,False,-0.0298,False,False,False,False,0,No Significant Anomaly,No Significant Direction,80.8,90.8,False
S076,Computer Networks,F04,29.5,72.7,100.0,88.3,100,False,No_Anomaly,98.33,85.85,2.45,2.45,2.85,73.24,9.91,72.72,10.8,0.369,False,False,False,0.369,False,-0.0592,False,False,False,False,0,No Significant Anomaly,No Significant Direction,80.8,90.8,False
S076,Machine Learning,F02,29.5,72.7,100.0,73.6,100,False,No_Anomaly,98.33,85.85,-12.25,12.25,-14.27,70.46,9.46,72.78,9.96,-1.517,False,False,False,1.517,False,-0.018,False,False,False,False,0,No Significant Anomaly,Potential Under-marking,80.8,90.8,False
S076,Software Engineering,F08,29.5,72.7,100.0,90.9,100,False,No_Anomaly,98.33,85.85,5.05,5.05,5.88,73.65,10.19,72.8,10.07,0.703,False,False,False,0.703,False,-0.0715,False,False,False,False,0,No Significant Anomaly,No Significant Direction,80.8,90.8,False
S077,Compiler Design,F03,16.1,59.8,79.1,67.5,100,False,No_Anomaly,53.67,61.82,5.68,5.68,9.19,73.88,11.06,72.59,10.04,0.784,False,False,False,0.784,False,-0.079,False,False,False,False,0,No Significant Anomaly,No Significant Direction,56.8,66.8,False
S077,Computer Networks,F02,16.1,59.8,79.1,66.5,100,False,No_Anomaly,53.67,61.82,4.68,4.68,7.57,70.46,9.46,72.72,10.8,0.655,False,False,False,0.655,False,-0.0621,False,False,False,False,0,No Significant Anomaly,No Significant Direction,56.8,66.8,False
S077,Machine Learning,F04,16.1,59.8,79.1,62.5,100,False,No_Anomaly,53.67,61.82,0.68,0.68,1.1,73.24,9.91,72.78,9.96,0.142,False,False,False,0.142,False,-0.137,False,False,False,False,0,No Significant Anomaly,No Significant Direction,56.8,66.8,False
S077,Software Engineering,F06,16.1,59.8,79.1,67.2,100,False,No_Anomaly,53.67,61.82,5.38,5.38,8.7,72.75,9.99,72.8,10.07,0.745,False,False,False,0.745,False,-0.1317,False,False,False,False,0,No Significant Anomaly,No Significant Direction,56.8,66.8,False
S078,Compiler Design,F03,26.8,62.9,85.2,76.6,100,False,No_Anomaly,89.33,75.29,1.31,1.31,1.74,73.88,11.06,72.59,10.04,0.223,False,False,False,0.223,False,-0.119,False,False,False,False,0,No Significant Anomaly,No Significant Direction,70.3,80.3,False
S078,Computer Networks,F06,26.8,62.9,85.2,78.3,100,False,No_Anomaly,89.33,75.29,3.01,3.01,4.0,72.75,9.99,72.72,10.8,0.441,False,False,False,0.441,False,-0.1346,False,False,False,False,0,No Significant Anomaly,No Significant Direction,70.3,80.3,False
S078,Machine Learning,F04,26.8,62.9,85.2,79.2,100,False,No_Anomaly,89.33,75.29,3.91,3.91,5.19,73.24,9.91,72.78,9.96,0.556,False,False,False,0.556,False,-0.1536,False,False,False,False,0,No Significant Anomaly,No Significant Direction,70.3,80.3,False
S078,Software Engineering,F07,26.8,62.9,85.2,66.0,100,False,No_Anomaly,89.33,75.29,-9.29,9.29,-12.34,69.71,10.67,72.8,10.07,-1.137,False,False,False,1.137,False,-0.0863,False,False,False,False,0,No Significant Anomaly,No Significant Direction,70.3,80.3,False
S079,Compiler Design,F03,13.4,61.3,75.5,66.5,100,False,No_Anomaly,44.67,59.15,7.35,7.35,12.43,73.88,11.06,72.59,10.04,0.998,False,False,False,0.998,False,-0.0374,False,False,False,False,0,No Significant Anomaly,No Significant Direction,54.2,64.2,False
S079,Computer Networks,F01,13.4,61.3,75.5,58.4,100,False,No_Anomaly,44.67,59.15,-0.75,0.75,-1.27,73.7,9.66,72.72,10.8,-0.041,False,False,False,0.041,False,-0.0695,False,False,False,False,0,No Significant Anomaly,No Significant Direction,54.2,64.2,False
S079,Machine Learning,F05,13.4,61.3,75.5,53.4,100,False,No_Anomaly,44.67,59.15,-5.75,5.75,-9.72,74.08,9.85,72.78,9.96,-0.683,False,False,False,0.683,False,-0.0681,False,False,False,False,0,No Significant Anomaly,No Significant Direction,54.2,64.2,False
S079,Software Engineering,F05,13.4,61.3,75.5,60.8,100,False,No_Anomaly,44.67,59.15,1.65,1.65,2.79,74.08,9.85,72.8,10.07,0.267,False,False,False,0.267,False,-0.1024,False,False,False,False,0,No Significant Anomaly,No Significant Direction,54.2,64.2,False
S080,Compiler Design,F02,19.9,68.0,71.4,61.6,100,False,No_Anomaly,66.33,68.18,-6.58,6.58,-9.65,70.46,9.46,72.59,10.04,-0.789,False,False,False,0.789,False,-0.0883,False,False,False,False,0,No Significant Anomaly,No Significant Direction,63.2,73.2,False
S080,Computer Networks,F07,19.9,68.0,71.4,73.9,100,False,No_Anomaly,66.33,68.18,5.72,5.72,8.39,69.71,10.67,72.72,10.8,0.789,False,False,False,0.789,False,-0.0769,False,False,False,False,0,No Significant Anomaly,No Significant Direction,63.2,73.2,False
S080,Machine Learning,F05,19.9,68.0,71.4,67.9,100,False,No_Anomaly,66.33,68.18,-0.28,0.28,-0.41,74.08,9.85,72.78,9.96,0.019,False,False,False,0.019,False,-0.1522,False,False,False,False,0,No Significant Anomaly,No Significant Direction,63.2,73.2,False
S080,Software Engineering,F03,19.9,68.0,71.4,75.2,100,False,No_Anomaly,66.33,68.18,7.02,7.02,10.3,73.88,11.06,72.8,10.07,0.955,False,False,False,0.955,False,-0.1097,False,False,False,False,0,No Significant Anomaly,No Significant Direction,63.2,73.2,False
S081,Compiler Design,F01,15.0,59.5,81.1,56.9,100,False,No_Anomaly,50.0,60.97,-4.07,4.07,-6.68,73.7,9.66,72.59,10.04,-0.467,False,False,False,0.467,False,-0.0875,False,False,False,False,0,No Significant Anomaly,No Significant Direction,56.0,66.0,False
S081,Computer Networks,F02,15.0,59.5,81.1,58.1,100,False,No_Anomaly,50.0,60.97,-2.87,2.87,-4.71,70.46,9.46,72.72,10.8,-0.313,False,False,False,0.313,False,-0.0559,False,False,False,False,0,No Significant Anomaly,No Significant Direction,56.0,66.0,False
S081,Machine Learning,F02,15.0,59.5,81.1,59.8,100,False,No_Anomaly,50.0,60.97,-1.17,1.17,-1.92,70.46,9.46,72.78,9.96,-0.095,False,False,False,0.095,False,-0.0777,False,False,False,False,0,No Significant Anomaly,No Significant Direction,56.0,66.0,False
S081,Software Engineering,F04,15.0,59.5,81.1,69.6,100,False,No_Anomaly,50.0,60.97,8.63,8.63,14.15,73.24,9.91,72.8,10.07,1.162,False,False,False,1.162,False,-0.1075,False,False,False,False,0,No Significant Anomaly,No Significant Direction,56.0,66.0,False
S082,Compiler Design,F03,16.9,52.4,100.0,66.5,100,False,No_Anomaly,56.33,63.1,3.4,3.4,5.39,73.88,11.06,72.59,10.04,0.491,False,False,False,0.491,False,-0.056,False,False,False,False,0,No Significant Anomaly,No Significant Direction,58.1,68.1,False
S082,Computer Networks,F06,16.9,52.4,100.0,71.2,100,False,No_Anomaly,56.33,63.1,8.1,8.1,12.84,72.75,9.99,72.72,10.8,1.094,False,False,False,1.094,False,-0.0551,False,False,False,False,0,No Significant Anomaly,No Significant Direction,58.1,68.1,False
S082,Machine Learning,F05,16.9,52.4,100.0,63.3,100,False,No_Anomaly,56.33,63.1,0.2,0.2,0.32,74.08,9.85,72.78,9.96,0.081,False,False,False,0.081,False,-0.0987,False,False,False,False,0,No Significant Anomaly,No Significant Direction,58.1,68.1,False
S082,Software Engineering,F05,16.9,52.4,100.0,68.8,100,False,No_Anomaly,56.33,63.1,5.7,5.7,9.03,74.08,9.85,72.8,10.07,0.786,False,False,False,0.786,False,-0.0968,False,False,False,False,0,No Significant Anomaly,No Significant Direction,58.1,68.1,False
S083,Compiler Design,F08,30.0,56.8,100.0,81.5,100,False,No_Anomaly,100.0,78.4,3.1,3.1,3.95,73.65,10.19,72.59,10.04,0.453,False,False,False,0.453,False,-0.0836,False,False,False,False,0,No Significant Anomaly,No Significant Direction,73.4,83.4,False
S083,Computer Networks,F04,30.0,56.8,100.0,74.7,100,False,No_Anomaly,100.0,78.4,-3.7,3.7,-4.72,73.24,9.91,72.72,10.8,-0.42,False,False,False,0.42,False,-0.0787,False,False,False,False,0,No Significant Anomaly,No Significant Direction,73.4,83.4,False
S083,Machine Learning,F06,30.0,56.8,100.0,70.1,100,False,No_Anomaly,100.0,78.4,-8.3,8.3,-10.59,72.75,9.99,72.78,9.96,-1.01,False,False,False,1.01,False,-0.071,False,False,False,False,0,No Significant Anomaly,No Significant Direction,73.4,83.4,False
S083,Software Engineering,F01,30.0,56.8,100.0,79.6,100,False,No_Anomaly,100.0,78.4,1.2,1.2,1.53,73.7,9.66,72.8,10.07,0.209,False,False,False,0.209,False,-0.1034,False,False,False,False,0,No Significant Anomaly,No Significant Direction,73.4,83.4,False
S084,Compiler Design,F07,23.4,55.9,78.3,56.3,100,False,No_Anomaly,78.0,67.01,-10.71,10.71,-15.98,69.71,10.67,72.59,10.04,-1.319,False,False,False,1.319,False,-0.0473,False,False,False,False,0,No Significant Anomaly,Potential Under-marking,62.0,72.0,False
S084,Computer Networks,F05,23.4,55.9,78.3,75.8,100,False,No_Anomaly,78.0,67.01,8.79,8.79,13.12,74.08,9.85,72.72,10.8,1.183,False,False,False,1.183,False,-0.0993,False,False,False,False,0,No Significant Anomaly,No Significant Direction,62.0,72.0,False
S084,Machine Learning,F01,23.4,55.9,78.3,71.1,100,False,No_Anomaly,78.0,67.01,4.09,4.09,6.1,73.7,9.66,72.78,9.96,0.58,False,False,False,0.58,False,-0.1537,False,False,False,False,0,No Significant Anomaly,No Significant Direction,62.0,72.0,False
S084,Software Engineering,F03,23.4,55.9,78.3,65.7,100,False,No_Anomaly,78.0,67.01,-1.31,1.31,-1.95,73.88,11.06,72.8,10.07,-0.113,False,False,False,0.113,False,-0.1218,False,False,False,False,0,No Significant Anomaly,No Significant Direction,62.0,72.0,False
S085,Compiler Design,F05,21.0,90.7,72.1,83.8,100,False,No_Anomaly,70.0,80.77,3.03,3.03,3.75,74.08,9.85,72.59,10.04,0.444,False,False,False,0.444,False,-0.1061,False,False,False,False,0,No Significant Anomaly,No Significant Direction,75.8,85.8,False
S085,Computer Networks,F06,21.0,90.7,72.1,86.4,100,False,No_Anomaly,70.0,80.77,5.63,5.63,6.97,72.75,9.99,72.72,10.8,0.777,False,False,False,0.777,False,-0.0903,False,False,False,False,0,No Significant Anomaly,No Significant Direction,75.8,85.8,False
S085,Machine Learning,F01,21.0,90.7,72.1,73.6,100,False,No_Anomaly,70.0,80.77,-7.17,7.17,-8.88,73.7,9.66,72.78,9.96,-0.865,False,False,False,0.865,False,-0.1117,False,False,False,False,0,No Significant Anomaly,No Significant Direction,75.8,85.8,False
S085,Software Engineering,F06,21.0,90.7,72.1,74.9,100,False,No_Anomaly,70.0,80.77,-5.87,5.87,-7.27,72.75,9.99,72.8,10.07,-0.698,False,False,False,0.698,False,-0.1194,False,False,False,False,0,No Significant Anomaly,No Significant Direction,75.8,85.8,False
S086,Compiler Design,F02,20.5,79.3,86.3,75.2,100,False,No_Anomaly,68.33,77.41,-2.21,2.21,-2.85,70.46,9.46,72.59,10.04,-0.229,False,False,False,0.229,False,-0.1102,False,False,False,False,0,No Significant Anomaly,No Significant Direction,72.4,82.4,False
S086,Computer Networks,F08,20.5,79.3,86.3,77.3,100,False,No_Anomaly,68.33,77.41,-0.11,0.11,-0.14,73.65,10.19,72.72,10.8,0.041,False,False,False,0.041,False,-0.1374,False,False,False,False,0,No Significant Anomaly,No Significant Direction,72.4,82.4,False
S086,Machine Learning,F05,20.5,79.3,86.3,78.3,100,False,No_Anomaly,68.33,77.41,0.89,0.89,1.15,74.08,9.85,72.78,9.96,0.169,False,False,False,0.169,False,-0.16,False,False,False,False,0,No Significant Anomaly,No Significant Direction,72.4,82.4,False
S086,Software Engineering,F08,20.5,79.3,86.3,78.3,100,False,No_Anomaly,68.33,77.41,0.89,0.89,1.15,73.65,10.19,72.8,10.07,0.169,False,False,False,0.169,False,-0.1668,False,False,False,False,0,No Significant Anomaly,No Significant Direction,72.4,82.4,False
S087,Compiler Design,F02,21.0,68.4,68.3,62.1,100,False,No_Anomaly,70.0,68.86,-6.76,6.76,-9.82,70.46,9.46,72.59,10.04,-0.812,False,False,False,0.812,False,-0.0791,False,False,False,False,0,No Significant Anomaly,No Significant Direction,63.9,73.9,False
S087,Computer Networks,F02,21.0,68.4,68.3,59.3,100,False,No_Anomaly,70.0,68.86,-9.56,9.56,-13.88,70.46,9.46,72.72,10.8,-1.171,False,False,False,1.171,False,-0.0447,False,False,False,False,0,No Significant Anomaly,No Significant Direction,63.9,73.9,False
S087,Machine Learning,F05,21.0,68.4,68.3,66.3,100,False,No_Anomaly,70.0,68.86,-2.56,2.56,-3.72,74.08,9.85,72.78,9.96,-0.273,False,False,False,0.273,False,-0.1499,False,False,False,False,0,No Significant Anomaly,No Significant Direction,63.9,73.9,False
S087,Software Engineering,F06,21.0,68.4,68.3,64.1,100,False,No_Anomaly,70.0,68.86,-4.76,4.76,-6.91,72.75,9.99,72.8,10.07,-0.556,False,False,False,0.556,False,-0.1456,False,False,False,False,0,No Significant Anomaly,No Significant Direction,63.9,73.9,False
S088,Compiler Design,F03,19.8,66.8,84.3,68.3,100,False,No_Anomaly,66.0,70.06,-1.76,1.76,-2.51,73.88,11.06,72.59,10.04,-0.171,False,False,False,0.171,False,-0.1235,False,False,False,False,0,No Significant Anomaly,No Significant Direction,65.1,75.1,False
S088,Computer Networks,F08,19.8,66.8,84.3,66.4,100,False,No_Anomaly,66.0,70.06,-3.66,3.66,-5.22,73.65,10.19,72.72,10.8,-0.415,False,False,False,0.415,False,-0.1446,False,False,False,False,0,No Significant Anomaly,No Significant Direction,65.1,75.1,False
S088,Machine Learning,F02,19.8,66.8,84.3,67.5,100,False,No_Anomaly,66.0,70.06,-2.56,2.56,-3.65,70.46,9.46,72.78,9.96,-0.273,False,False,False,0.273,False,-0.1284,False,False,False,False,0,No Significant Anomaly,No Significant Direction,65.1,75.1,False
S088,Software Engineering,F08,19.8,66.8,84.3,61.9,100,False,No_Anomaly,66.0,70.06,-8.16,8.16,-11.65,73.65,10.19,72.8,10.07,-0.992,False,False,False,0.992,False,-0.1377,False,False,False,False,0,No Significant Anomaly,No Significant Direction,65.1,75.1,False
S089,Compiler Design,F06,22.6,75.7,92.1,83.8,100,False,No_Anomaly,75.33,78.87,4.93,4.93,6.25,72.75,9.99,72.59,10.04,0.687,False,False,False,0.687,False,-0.1246,False,False,False,False,0,No Significant Anomaly,No Significant Direction,73.9,83.9,False
S089,Computer Networks,F02,22.6,75.7,92.1,74.7,100,False,No_Anomaly,75.33,78.87,-4.17,4.17,-5.29,70.46,9.46,72.72,10.8,-0.48,False,False,False,0.48,False,-0.089,False,False,False,False,0,No Significant Anomaly,No Significant Direction,73.9,83.9,False
S089,Machine Learning,F05,22.6,75.7,92.1,100.0,100,True,Severe_Overmarking,75.33,78.87,21.13,21.13,26.79,74.08,9.85,72.78,9.96,2.766,True,True,True,2.766,False,-0.0064,True,True,False,True,3,Strong Review Recommended,Potential Over-marking,73.9,83.9,True
S089,Software Engineering,F01,22.6,75.7,92.1,82.3,100,False,No_Anomaly,75.33,78.87,3.43,3.43,4.35,73.7,9.66,72.8,10.07,0.495,False,False,False,0.495,False,-0.154,False,False,False,False,0,No Significant Anomaly,No Significant Direction,73.9,83.9,False
S090,Compiler Design,F04,22.0,74.2,82.5,79.8,100,False,No_Anomaly,73.33,75.6,4.2,4.2,5.56,73.24,9.91,72.59,10.04,0.594,False,False,False,0.594,False,-0.1612,False,False,False,False,0,No Significant Anomaly,No Significant Direction,70.6,80.6,False
S090,Computer Networks,F01,22.0,74.2,82.5,71.3,100,False,No_Anomaly,73.33,75.6,-4.3,4.3,-5.69,73.7,9.66,72.72,10.8,-0.497,False,False,False,0.497,False,-0.1479,False,False,False,False,0,No Significant Anomaly,No Significant Direction,70.6,80.6,False
S090,Machine Learning,F08,22.0,74.2,82.5,67.6,100,False,No_Anomaly,73.33,75.6,-8.0,8.0,-10.58,73.65,10.19,72.78,9.96,-0.971,False,False,False,0.971,False,-0.1542,False,False,False,False,0,No Significant Anomaly,No Significant Direction,70.6,80.6,False
S090,Software Engineering,F02,22.0,74.2,82.5,72.5,100,False,No_Anomaly,73.33,75.6,-3.1,3.1,-4.1,70.46,9.46,72.8,10.07,-0.343,False,False,False,0.343,False,-0.1405,False,False,False,False,0,No Significant Anomaly,No Significant Direction,70.6,80.6,False
S091,Compiler Design,F03,21.6,61.3,85.2,73.4,100,False,No_Anomaly,72.0,69.29,4.11,4.11,5.93,73.88,11.06,72.59,10.04,0.582,False,False,False,0.582,False,-0.1215,False,False,False,False,0,No Significant Anomaly,No Significant Direction,64.3,74.3,False
S091,Computer Networks,F07,21.6,61.3,85.2,73.3,100,False,No_Anomaly,72.0,69.29,4.01,4.01,5.79,69.71,10.67,72.72,10.8,0.569,False,False,False,0.569,False,-0.0905,False,False,False,False,0,No Significant Anomaly,No Significant Direction,64.3,74.3,False
S091,Machine Learning,F07,21.6,61.3,85.2,42.8,100,True,Severe_Undermarking,72.0,69.29,-26.49,26.49,-38.23,69.71,10.67,72.78,9.96,-3.343,True,True,True,3.343,True,0.049,True,True,True,True,4,Strong Review Recommended,Potential Under-marking,64.3,74.3,True
S091,Software Engineering,F05,21.6,61.3,85.2,71.4,100,False,No_Anomaly,72.0,69.29,2.11,2.11,3.05,74.08,9.85,72.8,10.07,0.326,False,False,False,0.326,False,-0.1678,False,False,False,False,0,No Significant Anomaly,No Significant Direction,64.3,74.3,False
S092,Compiler Design,F01,23.5,95.1,97.7,88.1,100,False,No_Anomaly,78.33,90.59,-2.49,2.49,-2.75,73.7,9.66,72.59,10.04,-0.265,False,False,False,0.265,False,-0.0506,False,False,False,False,0,No Significant Anomaly,No Significant Direction,85.6,95.6,False
S092,Computer Networks,F07,23.5,95.1,97.7,91.0,100,False,No_Anomaly,78.33,90.59,0.41,0.41,0.45,69.71,10.67,72.72,10.8,0.108,False,False,False,0.108,True,0.002,False,False,True,False,1,No Significant Anomaly,No Significant Direction,85.6,95.6,False
S092,Machine Learning,F03,23.5,95.1,97.7,90.6,100,False,No_Anomaly,78.33,90.59,0.01,0.01,0.01,73.88,11.06,72.78,9.96,0.056,False,False,False,0.056,False,-0.0248,False,False,False,False,0,No Significant Anomaly,No Significant Direction,85.6,95.6,False
S092,Software Engineering,F04,23.5,95.1,97.7,86.1,100,False,No_Anomaly,78.33,90.59,-4.49,4.49,-4.96,73.24,9.91,72.8,10.07,-0.521,False,False,False,0.521,False,-0.0748,False,False,False,False,0,No Significant Anomaly,No Significant Direction,85.6,95.6,False
S093,Compiler Design,F04,26.8,60.8,70.9,67.5,100,False,No_Anomaly,89.33,71.38,-3.88,3.88,-5.44,73.24,9.91,72.59,10.04,-0.443,False,False,False,0.443,False,-0.134,False,False,False,False,0,No Significant Anomaly,No Significant Direction,66.4,76.4,False
S093,Computer Networks,F08,26.8,60.8,70.9,65.2,100,False,No_Anomaly,89.33,71.38,-6.18,6.18,-8.66,73.65,10.19,72.72,10.8,-0.738,False,False,False,0.738,False,-0.1056,False,False,False,False,0,No Significant Anomaly,No Significant Direction,66.4,76.4,False
S093,Machine Learning,F07,26.8,60.8,70.9,40.8,100,True,Severe_Undermarking,89.33,71.38,-30.58,30.58,-42.84,69.71,10.67,72.78,9.96,-3.868,True,True,True,3.868,True,0.0887,True,True,True,True,4,Strong Review Recommended,Potential Under-marking,66.4,76.4,True
S093,Software Engineering,F05,26.8,60.8,70.9,65.1,100,False,No_Anomaly,89.33,71.38,-6.28,6.28,-8.8,74.08,9.85,72.8,10.07,-0.751,False,False,False,0.751,False,-0.1339,False,False,False,False,0,No Significant Anomaly,No Significant Direction,66.4,76.4,False
S094,Compiler Design,F01,15.0,73.2,86.8,78.9,100,False,No_Anomaly,50.0,68.96,9.94,9.94,14.41,73.7,9.66,72.59,10.04,1.33,False,False,False,1.33,False,-0.0893,False,False,False,False,0,No Significant Anomaly,No Significant Direction,64.0,74.0,False
S094,Computer Networks,F04,15.0,73.2,86.8,64.2,100,False,No_Anomaly,50.0,68.96,-4.76,4.76,-6.9,73.24,9.91,72.72,10.8,-0.556,False,False,False,0.556,False,-0.1212,False,False,False,False,0,No Significant Anomaly,No Significant Direction,64.0,74.0,False
S094,Machine Learning,F01,15.0,73.2,86.8,74.6,100,False,No_Anomaly,50.0,68.96,5.64,5.64,8.18,73.7,9.66,72.78,9.96,0.778,False,False,False,0.778,False,-0.1328,False,False,False,False,0,No Significant Anomaly,No Significant Direction,64.0,74.0,False
S094,Software Engineering,F06,15.0,73.2,86.8,67.2,100,False,No_Anomaly,50.0,68.96,-1.76,1.76,-2.55,72.75,9.99,72.8,10.07,-0.171,False,False,False,0.171,False,-0.1475,False,False,False,False,0,No Significant Anomaly,No Significant Direction,64.0,74.0,False
S095,Compiler Design,F04,17.6,81.1,86.5,73.7,100,False,No_Anomaly,58.67,75.45,-1.75,1.75,-2.32,73.24,9.91,72.59,10.04,-0.17,False,False,False,0.17,False,-0.1473,False,False,False,False,0,No Significant Anomaly,No Significant Direction,70.4,80.4,False
S095,Computer Networks,F01,17.6,81.1,86.5,77.1,100,False,No_Anomaly,58.67,75.45,1.65,1.65,2.19,73.7,9.66,72.72,10.8,0.267,False,False,False,0.267,False,-0.1321,False,False,False,False,0,No Significant Anomaly,No Significant Direction,70.4,80.4,False
S095,Machine Learning,F05,17.6,81.1,86.5,73.3,100,False,No_Anomaly,58.67,75.45,-2.15,2.15,-2.85,74.08,9.85,72.78,9.96,-0.221,False,False,False,0.221,False,-0.148,False,False,False,False,0,No Significant Anomaly,No Significant Direction,70.4,80.4,False
S095,Software Engineering,F05,17.6,81.1,86.5,74.7,100,False,No_Anomaly,58.67,75.45,-0.75,0.75,-0.99,74.08,9.85,72.8,10.07,-0.041,False,False,False,0.041,False,-0.1531,False,False,False,False,0,No Significant Anomaly,No Significant Direction,70.4,80.4,False
S096,Compiler Design,F04,22.2,64.3,84.6,66.4,100,False,No_Anomaly,74.0,71.27,-4.87,4.87,-6.83,73.24,9.91,72.59,10.04,-0.57,False,False,False,0.57,False,-0.1496,False,False,False,False,0,No Significant Anomaly,No Significant Direction,66.3,76.3,False
S096,Computer Networks,F01,22.2,64.3,84.6,78.4,100,False,No_Anomaly,74.0,71.27,7.13,7.13,10.0,73.7,9.66,72.72,10.8,0.97,False,False,False,0.97,False,-0.1234,False,False,False,False,0,No Significant Anomaly,No Significant Direction,66.3,76.3,False
S096,Machine Learning,F01,22.2,64.3,84.6,67.8,100,False,No_Anomaly,74.0,71.27,-3.47,3.47,-4.87,73.7,9.66,72.78,9.96,-0.39,False,False,False,0.39,False,-0.1666,False,False,False,False,0,No Significant Anomaly,No Significant Direction,66.3,76.3,False
S096,Software Engineering,F05,22.2,64.3,84.6,71.8,100,False,No_Anomaly,74.0,71.27,0.53,0.53,0.74,74.08,9.85,72.8,10.07,0.123,False,False,False,0.123,False,-0.1692,False,False,False,False,0,No Significant Anomaly,No Significant Direction,66.3,76.3,False
S097,Compiler Design,F03,21.0,66.5,81.0,73.2,100,False,No_Anomaly,70.0,70.45,2.75,2.75,3.9,73.88,11.06,72.59,10.04,0.408,False,False,False,0.408,False,-0.1277,False,False,False,False,0,No Significant Anomaly,No Significant Direction,65.4,75.4,False
S097,Computer Networks,F04,21.0,66.5,81.0,62.5,100,False,No_Anomaly,70.0,70.45,-7.95,7.95,-11.28,73.24,9.91,72.72,10.8,-0.965,False,False,False,0.965,False,-0.1183,False,False,False,False,0,No Significant Anomaly,No Significant Direction,65.4,75.4,False
S097,Machine Learning,F01,21.0,66.5,81.0,72.6,100,False,No_Anomaly,70.0,70.45,2.15,2.15,3.05,73.7,9.66,72.78,9.96,0.331,False,False,False,0.331,False,-0.1735,False,False,False,False,0,No Significant Anomaly,No Significant Direction,65.4,75.4,False
S097,Software Engineering,F07,21.0,66.5,81.0,61.7,100,False,No_Anomaly,70.0,70.45,-8.75,8.75,-12.42,69.71,10.67,72.8,10.07,-1.068,False,False,False,1.068,False,-0.1028,False,False,False,False,0,No Significant Anomaly,No Significant Direction,65.4,75.4,False
S098,Compiler Design,F07,11.7,71.8,96.7,69.9,100,False,No_Anomaly,39.0,66.94,2.96,2.96,4.42,69.71,10.67,72.59,10.04,0.435,False,False,False,0.435,False,-0.0319,False,False,False,False,0,No Significant Anomaly,No Significant Direction,61.9,71.9,False
S098,Computer Networks,F02,11.7,71.8,96.7,67.7,100,False,No_Anomaly,39.0,66.94,0.76,0.76,1.14,70.46,9.46,72.72,10.8,0.152,False,False,False,0.152,False,-0.0584,False,False,False,False,0,No Significant Anomaly,No Significant Direction,61.9,71.9,False
S098,Machine Learning,F04,11.7,71.8,96.7,56.3,100,False,No_Anomaly,39.0,66.94,-10.64,10.64,-15.89,73.24,9.91,72.78,9.96,-1.31,False,False,False,1.31,False,-0.0478,False,False,False,False,0,No Significant Anomaly,Potential Under-marking,61.9,71.9,False
S098,Software Engineering,F06,11.7,71.8,96.7,71.2,100,False,No_Anomaly,39.0,66.94,4.26,4.26,6.36,72.75,9.99,72.8,10.07,0.601,False,False,False,0.601,False,-0.1066,False,False,False,False,0,No Significant Anomaly,No Significant Direction,61.9,71.9,False
S099,Compiler Design,F02,23.2,67.2,83.8,75.3,100,False,No_Anomaly,77.33,73.56,1.74,1.74,2.37,70.46,9.46,72.59,10.04,0.278,False,False,False,0.278,False,-0.1142,False,False,False,False,0,No Significant Anomaly,No Significant Direction,68.6,78.6,False
S099,Computer Networks,F06,23.2,67.2,83.8,69.9,100,False,No_Anomaly,77.33,73.56,-3.66,3.66,-4.98,72.75,9.99,72.72,10.8,-0.415,False,False,False,0.415,False,-0.1476,False,False,False,False,0,No Significant Anomaly,No Significant Direction,68.6,78.6,False
S099,Machine Learning,F08,23.2,67.2,83.8,72.4,100,False,No_Anomaly,77.33,73.56,-1.16,1.16,-1.58,73.65,10.19,72.78,9.96,-0.094,False,False,False,0.094,False,-0.1711,False,False,False,False,0,No Significant Anomaly,No Significant Direction,68.6,78.6,False
S099,Software Engineering,F08,23.2,67.2,83.8,72.2,100,False,No_Anomaly,77.33,73.56,-1.36,1.36,-1.85,73.65,10.19,72.8,10.07,-0.12,False,False,False,0.12,False,-0.176,False,False,False,False,0,No Significant Anomaly,No Significant Direction,68.6,78.6,False
S100,Compiler Design,F02,23.3,65.5,64.4,64.8,100,False,No_Anomaly,77.67,68.93,-4.13,4.13,-5.99,70.46,9.46,72.59,10.04,-0.475,False,False,False,0.475,False,-0.0799,False,False,False,False,0,No Significant Anomaly,No Significant Direction,63.9,73.9,False
S100,Computer Networks,F03,23.3,65.5,64.4,70.8,100,False,No_Anomaly,77.67,68.93,1.87,1.87,2.71,73.88,11.06,72.72,10.8,0.295,False,False,False,0.295,False,-0.0944,False,False,False,False,0,No Significant Anomaly,No Significant Direction,63.9,73.9,False
S100,Machine Learning,F05,23.3,65.5,64.4,68.9,100,False,No_Anomaly,77.67,68.93,-0.03,0.03,-0.04,74.08,9.85,72.78,9.96,0.051,False,False,False,0.051,False,-0.1385,False,False,False,False,0,No Significant Anomaly,No Significant Direction,63.9,73.9,False
S100,Software Engineering,F05,23.3,65.5,64.4,70.8,100,False,No_Anomaly,77.67,68.93,1.87,1.87,2.71,74.08,9.85,72.8,10.07,0.295,False,False,False,0.295,False,-0.1502,False,False,False,False,0,No Significant Anomaly,No Significant Direction,63.9,73.9,False
S101,Compiler Design,F01,25.5,90.7,66.7,78.5,100,False,No_Anomaly,85.0,84.19,-5.69,5.69,-6.76,73.7,9.66,72.59,10.04,-0.675,False,False,False,0.675,False,-0.0873,False,False,False,False,0,No Significant Anomaly,No Significant Direction,79.2,89.2,False
S101,Computer Networks,F04,25.5,90.7,66.7,81.9,100,False,No_Anomaly,85.0,84.19,-2.29,2.29,-2.72,73.24,9.91,72.72,10.8,-0.239,False,False,False,0.239,False,-0.1004,False,False,False,False,0,No Significant Anomaly,No Significant Direction,79.2,89.2,False
S101,Machine Learning,F08,25.5,90.7,66.7,93.8,100,False,No_Anomaly,85.0,84.19,9.61,9.61,11.41,73.65,10.19,72.78,9.96,1.288,False,False,False,1.288,False,-0.0539,False,False,False,False,0,No Significant Anomaly,No Significant Direction,79.2,89.2,False
S101,Software Engineering,F08,25.5,90.7,66.7,76.9,100,False,No_Anomaly,85.0,84.19,-7.29,7.29,-8.66,73.65,10.19,72.8,10.07,-0.88,False,False,False,0.88,False,-0.1004,False,False,False,False,0,No Significant Anomaly,No Significant Direction,79.2,89.2,False
S102,Compiler Design,F07,17.8,66.1,81.4,64.0,100,False,No_Anomaly,59.33,67.13,-3.13,3.13,-4.66,69.71,10.67,72.59,10.04,-0.347,False,False,False,0.347,False,-0.0875,False,False,False,False,0,No Significant Anomaly,No Significant Direction,62.1,72.1,False
S102,Computer Networks,F05,17.8,66.1,81.4,55.6,100,False,No_Anomaly,59.33,67.13,-11.53,11.53,-17.18,74.08,9.85,72.72,10.8,-1.424,False,False,False,1.424,False,-0.053,False,False,False,False,0,No Significant Anomaly,Potential Under-marking,62.1,72.1,False
S102,Machine Learning,F05,17.8,66.1,81.4,73.6,100,False,No_Anomaly,59.33,67.13,6.47,6.47,9.64,74.08,9.85,72.78,9.96,0.885,False,False,False,0.885,False,-0.1455,False,False,False,False,0,No Significant Anomaly,No Significant Direction,62.1,72.1,False
S102,Software Engineering,F05,17.8,66.1,81.4,71.0,100,False,No_Anomaly,59.33,67.13,3.87,3.87,5.76,74.08,9.85,72.8,10.07,0.551,False,False,False,0.551,False,-0.1589,False,False,False,False,0,No Significant Anomaly,No Significant Direction,62.1,72.1,False
S103,Compiler Design,F03,24.3,66.0,95.0,76.1,100,False,No_Anomaly,81.0,76.3,-0.2,0.2,-0.26,73.88,11.06,72.59,10.04,0.029,False,False,False,0.029,False,-0.1138,False,False,False,False,0,No Significant Anomaly,No Significant Direction,71.3,81.3,False
S103,Computer Networks,F05,24.3,66.0,95.0,84.4,100,False,No_Anomaly,81.0,76.3,8.1,8.1,10.62,74.08,9.85,72.72,10.8,1.094,False,False,False,1.094,False,-0.0909,False,False,False,False,0,No Significant Anomaly,No Significant Direction,71.3,81.3,False
S103,Machine Learning,F01,24.3,66.0,95.0,77.0,100,False,No_Anomaly,81.0,76.3,0.7,0.7,0.92,73.7,9.66,72.78,9.96,0.145,False,False,False,0.145,False,-0.1547,False,False,False,False,0,No Significant Anomaly,No Significant Direction,71.3,81.3,False
S103,Software Engineering,F05,24.3,66.0,95.0,79.8,100,False,No_Anomaly,81.0,76.3,3.5,3.5,4.59,74.08,9.85,72.8,10.07,0.504,False,False,False,0.504,False,-0.1546,False,False,False,False,0,No Significant Anomaly,No Significant Direction,71.3,81.3,False
S104,Compiler Design,F04,23.8,90.8,93.8,91.2,100,False,No_Anomaly,79.33,87.96,3.24,3.24,3.68,73.24,9.91,72.59,10.04,0.471,False,False,False,0.471,False,-0.0786,False,False,False,False,0,No Significant Anomaly,No Significant Direction,83.0,93.0,False
S104,Computer Networks,F06,23.8,90.8,93.8,83.0,100,False,No_Anomaly,79.33,87.96,-4.96,4.96,-5.64,72.75,9.99,72.72,10.8,-0.581,False,False,False,0.581,False,-0.0739,False,False,False,False,0,No Significant Anomaly,No Significant Direction,83.0,93.0,False
S104,Machine Learning,F04,23.8,90.8,93.8,95.4,100,False,No_Anomaly,79.33,87.96,7.44,7.44,8.46,73.24,9.91,72.78,9.96,1.009,False,False,False,1.009,False,-0.0614,False,False,False,False,0,No Significant Anomaly,No Significant Direction,83.0,93.0,False
S104,Software Engineering,F06,23.8,90.8,93.8,91.6,100,False,No_Anomaly,79.33,87.96,3.64,3.64,4.14,72.75,9.99,72.8,10.07,0.522,False,False,False,0.522,False,-0.0863,False,False,False,False,0,No Significant Anomaly,No Significant Direction,83.0,93.0,False
S105,Compiler Design,F04,25.3,90.9,86.4,86.7,100,False,No_Anomaly,84.33,88.03,-1.33,1.33,-1.51,73.24,9.91,72.59,10.04,-0.116,False,False,False,0.116,False,-0.1018,False,False,False,False,0,No Significant Anomaly,No Significant Direction,83.0,93.0,False
S105,Computer Networks,F04,25.3,90.9,86.4,84.0,100,False,No_Anomaly,84.33,88.03,-4.03,4.03,-4.58,73.24,9.91,72.72,10.8,-0.462,False,False,False,0.462,False,-0.0906,False,False,False,False,0,No Significant Anomaly,No Significant Direction,83.0,93.0,False
S105,Machine Learning,F05,25.3,90.9,86.4,85.3,100,False,No_Anomaly,84.33,88.03,-2.73,2.73,-3.1,74.08,9.85,72.78,9.96,-0.295,False,False,False,0.295,False,-0.0937,False,False,False,False,0,No Significant Anomaly,No Significant Direction,83.0,93.0,False
S105,Software Engineering,F07,25.3,90.9,86.4,76.9,100,False,No_Anomaly,84.33,88.03,-11.13,11.13,-12.64,69.71,10.67,72.8,10.07,-1.373,False,False,False,1.373,False,-0.0338,False,False,False,False,0,No Significant Anomaly,Potential Under-marking,83.0,93.0,False
S106,Compiler Design,F03,19.2,66.4,82.7,82.3,100,False,No_Anomaly,64.0,68.94,13.36,13.36,19.38,73.88,11.06,72.59,10.04,1.769,False,False,False,1.769,False,-0.056,False,False,False,False,0,No Significant Anomaly,Potential Over-marking,63.9,73.9,False
S106,Computer Networks,F05,19.2,66.4,82.7,75.7,100,False,No_Anomaly,64.0,68.94,6.76,6.76,9.81,74.08,9.85,72.72,10.8,0.922,False,False,False,0.922,False,-0.1265,False,False,False,False,0,No Significant Anomaly,No Significant Direction,63.9,73.9,False
S106,Machine Learning,F06,19.2,66.4,82.7,71.6,100,False,No_Anomaly,64.0,68.94,2.66,2.66,3.86,72.75,9.99,72.78,9.96,0.396,False,False,False,0.396,False,-0.1651,False,False,False,False,0,No Significant Anomaly,No Significant Direction,63.9,73.9,False
S106,Software Engineering,F08,19.2,66.4,82.7,81.1,100,False,No_Anomaly,64.0,68.94,12.16,12.16,17.64,73.65,10.19,72.8,10.07,1.615,False,False,False,1.615,False,-0.1084,False,False,False,False,0,No Significant Anomaly,Potential Over-marking,63.9,73.9,False
S107,Compiler Design,F06,25.1,81.9,70.2,82.5,100,False,No_Anomaly,83.67,80.09,2.41,2.41,3.01,72.75,9.99,72.59,10.04,0.364,False,False,False,0.364,False,-0.129,False,False,False,False,0,No Significant Anomaly,No Significant Direction,75.1,85.1,False
S107,Computer Networks,F05,25.1,81.9,70.2,78.2,100,False,No_Anomaly,83.67,80.09,-1.89,1.89,-2.36,74.08,9.85,72.72,10.8,-0.188,False,False,False,0.188,False,-0.1237,False,False,False,False,0,No Significant Anomaly,No Significant Direction,75.1,85.1,False
S107,Machine Learning,F04,25.1,81.9,70.2,83.8,100,False,No_Anomaly,83.67,80.09,3.71,3.71,4.63,73.24,9.91,72.78,9.96,0.531,False,False,False,0.531,False,-0.1435,False,False,False,False,0,No Significant Anomaly,No Significant Direction,75.1,85.1,False
S107,Software Engineering,F02,25.1,81.9,70.2,76.9,100,False,No_Anomaly,83.67,80.09,-3.19,3.19,-3.98,70.46,9.46,72.8,10.07,-0.354,False,False,False,0.354,False,-0.1148,False,False,False,False,0,No Significant Anomaly,No Significant Direction,75.1,85.1,False
S108,Compiler Design,F04,25.0,67.7,93.7,65.4,100,False,No_Anomaly,83.33,77.59,-12.19,12.19,-15.71,73.24,9.91,72.59,10.04,-1.509,False,False,False,1.509,False,-0.0866,False,False,False,False,0,No Significant Anomaly,Potential Under-marking,72.6,82.6,False
S108,Computer Networks,F04,25.0,67.7,93.7,78.8,100,False,No_Anomaly,83.33,77.59,1.21,1.21,1.56,73.24,9.91,72.72,10.8,0.21,False,False,False,0.21,False,-0.1421,False,False,False,False,0,No Significant Anomaly,No Significant Direction,72.6,82.6,False
S108,Machine Learning,F02,25.0,67.7,93.7,80.1,100,False,No_Anomaly,83.33,77.59,2.51,2.51,3.23,70.46,9.46,72.78,9.96,0.377,False,False,False,0.377,False,-0.1071,False,False,False,False,0,No Significant Anomaly,No Significant Direction,72.6,82.6,False
S108,Software Engineering,F02,25.0,67.7,93.7,71.5,100,False,No_Anomaly,83.33,77.59,-6.09,6.09,-7.85,70.46,9.46,72.8,10.07,-0.726,False,False,False,0.726,False,-0.115,False,False,False,False,0,No Significant Anomaly,No Significant Direction,72.6,82.6,False
S109,Compiler Design,F08,15.7,91.8,89.3,81.1,100,False,No_Anomaly,52.33,79.46,1.64,1.64,2.06,73.65,10.19,72.59,10.04,0.265,False,False,False,0.265,False,-0.1015,False,False,False,False,0,No Significant Anomaly,No Significant Direction,74.5,84.5,False
S109,Computer Networks,F01,15.7,91.8,89.3,79.0,100,False,No_Anomaly,52.33,79.46,-0.46,0.46,-0.58,73.7,9.66,72.72,10.8,-0.004,False,False,False,0.004,False,-0.0898,False,False,False,False,0,No Significant Anomaly,No Significant Direction,74.5,84.5,False
S109,Machine Learning,F04,15.7,91.8,89.3,81.9,100,False,No_Anomaly,52.33,79.46,2.44,2.44,3.07,73.24,9.91,72.78,9.96,0.368,False,False,False,0.368,False,-0.1194,False,False,False,False,0,No Significant Anomaly,No Significant Direction,74.5,84.5,False
S109,Software Engineering,F01,15.7,91.8,89.3,78.9,100,False,No_Anomaly,52.33,79.46,-0.56,0.56,-0.7,73.7,9.66,72.8,10.07,-0.017,False,False,False,0.017,False,-0.1053,False,False,False,False,0,No Significant Anomaly,No Significant Direction,74.5,84.5,False
S110,Compiler Design,F02,19.9,69.2,70.3,69.8,100,False,No_Anomaly,66.33,68.56,1.24,1.24,1.81,70.46,9.46,72.59,10.04,0.214,False,False,False,0.214,False,-0.0989,False,False,False,False,0,No Significant Anomaly,No Significant Direction,63.6,73.6,False
S110,Computer Networks,F02,19.9,69.2,70.3,67.4,100,False,No_Anomaly,66.33,68.56,-1.16,1.16,-1.69,70.46,9.46,72.72,10.8,-0.094,False,False,False,0.094,False,-0.0946,False,False,False,False,0,No Significant Anomaly,No Significant Direction,63.6,73.6,False
S110,Machine Learning,F08,19.9,69.2,70.3,76.0,100,False,No_Anomaly,66.33,68.56,7.44,7.44,10.85,73.65,10.19,72.78,9.96,1.009,False,False,False,1.009,False,-0.1405,False,False,False,False,0,No Significant Anomaly,No Significant Direction,63.6,73.6,False
S110,Software Engineering,F07,19.9,69.2,70.3,61.9,100,False,No_Anomaly,66.33,68.56,-6.66,6.66,-9.71,69.71,10.67,72.8,10.07,-0.799,False,False,False,0.799,False,-0.0978,False,False,False,False,0,No Significant Anomaly,No Significant Direction,63.6,73.6,False
S111,Compiler Design,F05,19.2,88.1,88.4,85.2,100,False,No_Anomaly,64.0,80.93,4.27,4.27,5.28,74.08,9.85,72.59,10.04,0.603,False,False,False,0.603,False,-0.1049,False,False,False,False,0,No Significant Anomaly,No Significant Direction,75.9,85.9,False
S111,Computer Networks,F01,19.2,88.1,88.4,49.1,100,True,Severe_Undermarking,64.0,80.93,-31.83,31.83,-39.33,73.7,9.66,72.72,10.8,-4.028,True,True,True,4.028,True,0.0674,True,True,True,True,4,Strong Review Recommended,Potential Under-marking,75.9,85.9,True
S111,Machine Learning,F04,19.2,88.1,88.4,77.0,100,False,No_Anomaly,64.0,80.93,-3.93,3.93,-4.86,73.24,9.91,72.78,9.96,-0.449,False,False,False,0.449,False,-0.1345,False,False,False,False,0,No Significant Anomaly,No Significant Direction,75.9,85.9,False
S111,Software Engineering,F07,19.2,88.1,88.4,78.6,100,False,No_Anomaly,64.0,80.93,-2.33,2.33,-2.88,69.71,10.67,72.8,10.07,-0.244,False,False,False,0.244,False,-0.0896,False,False,False,False,0,No Significant Anomaly,No Significant Direction,75.9,85.9,False
S112,Compiler Design,F03,17.1,57.8,82.3,56.1,100,False,No_Anomaly,57.0,62.46,-6.36,6.36,-10.18,73.88,11.06,72.59,10.04,-0.761,False,False,False,0.761,False,-0.0551,False,False,False,False,0,No Significant Anomaly,No Significant Direction,57.5,67.5,False
S112,Computer Networks,F08,17.1,57.8,82.3,67.3,100,False,No_Anomaly,57.0,62.46,4.84,4.84,7.75,73.65,10.19,72.72,10.8,0.676,False,False,False,0.676,False,-0.109,False,False,False,False,0,No Significant Anomaly,No Significant Direction,57.5,67.5,False
S112,Machine Learning,F04,17.1,57.8,82.3,66.3,100,False,No_Anomaly,57.0,62.46,3.84,3.84,6.15,73.24,9.91,72.78,9.96,0.548,False,False,False,0.548,False,-0.1389,False,False,False,False,0,No Significant Anomaly,No Significant Direction,57.5,67.5,False
S112,Software Engineering,F02,17.1,57.8,82.3,60.2,100,False,No_Anomaly,57.0,62.46,-2.26,2.26,-3.62,70.46,9.46,72.8,10.07,-0.235,False,False,False,0.235,False,-0.1003,False,False,False,False,0,No Significant Anomaly,No Significant Direction,57.5,67.5,False
S113,Compiler Design,F01,26.6,61.9,85.1,71.7,100,False,No_Anomaly,88.67,74.57,-2.87,2.87,-3.85,73.7,9.66,72.59,10.04,-0.313,False,False,False,0.313,False,-0.1427,False,False,False,False,0,No Significant Anomaly,No Significant Direction,69.6,79.6,False
S113,Computer Networks,F01,26.6,61.9,85.1,68.6,100,False,No_Anomaly,88.67,74.57,-5.97,5.97,-8.01,73.7,9.66,72.72,10.8,-0.711,False,False,False,0.711,False,-0.1242,False,False,False,False,0,No Significant Anomaly,No Significant Direction,69.6,79.6,False
S113,Machine Learning,F01,26.6,61.9,85.1,71.3,100,False,No_Anomaly,88.67,74.57,-3.27,3.27,-4.39,73.7,9.66,72.78,9.96,-0.365,False,False,False,0.365,False,-0.1531,False,False,False,False,0,No Significant Anomaly,No Significant Direction,69.6,79.6,False
S113,Software Engineering,F06,26.6,61.9,85.1,82.5,100,False,No_Anomaly,88.67,74.57,7.93,7.93,10.63,72.75,9.99,72.8,10.07,1.072,False,False,False,1.072,False,-0.1237,False,False,False,False,0,No Significant Anomaly,No Significant Direction,69.6,79.6,False
S114,Compiler Design,F06,23.2,77.3,59.1,73.1,100,False,No_Anomaly,77.33,73.67,-0.57,0.57,-0.77,72.75,9.99,72.59,10.04,-0.018,False,False,False,0.018,False,-0.113,False,False,False,False,0,No Significant Anomaly,No Significant Direction,68.7,78.7,False
S114,Computer Networks,F08,23.2,77.3,59.1,70.5,100,False,No_Anomaly,77.33,73.67,-3.17,3.17,-4.3,73.65,10.19,72.72,10.8,-0.352,False,False,False,0.352,False,-0.1216,False,False,False,False,0,No Significant Anomaly,No Significant Direction,68.7,78.7,False
S114,Machine Learning,F03,23.2,77.3,59.1,83.5,100,False,No_Anomaly,77.33,73.67,9.83,9.83,13.34,73.88,11.06,72.78,9.96,1.316,False,False,False,1.316,False,-0.0573,False,False,False,False,0,No Significant Anomaly,No Significant Direction,68.7,78.7,False
S114,Software Engineering,F03,23.2,77.3,59.1,67.6,100,False,No_Anomaly,77.33,73.67,-6.07,6.07,-8.24,73.88,11.06,72.8,10.07,-0.724,False,False,False,0.724,False,-0.0911,False,False,False,False,0,No Significant Anomaly,No Significant Direction,68.7,78.7,False
S115,Compiler Design,F05,28.5,70.9,86.1,75.0,100,False,No_Anomaly,95.0,81.17,-6.17,6.17,-7.6,74.08,9.85,72.59,10.04,-0.737,False,False,False,0.737,False,-0.1226,False,False,False,False,0,No Significant Anomaly,No Significant Direction,76.2,86.2,False
S115,Computer Networks,F01,28.5,70.9,86.1,83.8,100,False,No_Anomaly,95.0,81.17,2.63,2.63,3.24,73.7,9.66,72.72,10.8,0.392,False,False,False,0.392,False,-0.1064,False,False,False,False,0,No Significant Anomaly,No Significant Direction,76.2,86.2,False
S115,Machine Learning,F01,28.5,70.9,86.1,88.9,100,False,No_Anomaly,95.0,81.17,7.73,7.73,9.52,73.7,9.66,72.78,9.96,1.047,False,False,False,1.047,False,-0.0945,False,False,False,False,0,No Significant Anomaly,No Significant Direction,76.2,86.2,False
S115,Software Engineering,F01,28.5,70.9,86.1,83.5,100,False,No_Anomaly,95.0,81.17,2.33,2.33,2.87,73.7,9.66,72.8,10.07,0.354,False,False,False,0.354,False,-0.1402,False,False,False,False,0,No Significant Anomaly,No Significant Direction,76.2,86.2,False
S116,Compiler Design,F07,24.4,45.2,76.1,56.8,100,False,No_Anomaly,81.33,62.22,-5.42,5.42,-8.71,69.71,10.67,72.59,10.04,-0.64,False,False,False,0.64,False,-0.0441,False,False,False,False,0,No Significant Anomaly,No Significant Direction,57.2,67.2,False
S116,Computer Networks,F02,24.4,45.2,76.1,62.2,100,False,No_Anomaly,81.33,62.22,-0.02,0.02,-0.03,70.46,9.46,72.72,10.8,0.052,False,False,False,0.052,False,-0.046,False,False,False,False,0,No Significant Anomaly,No Significant Direction,57.2,67.2,False
S116,Machine Learning,F05,24.4,45.2,76.1,65.1,100,False,No_Anomaly,81.33,62.22,2.88,2.88,4.63,74.08,9.85,72.78,9.96,0.424,False,False,False,0.424,False,-0.1161,False,False,False,False,0,No Significant Anomaly,No Significant Direction,57.2,67.2,False
S116,Software Engineering,F04,24.4,45.2,76.1,67.3,100,False,No_Anomaly,81.33,62.22,5.08,5.08,8.16,73.24,9.91,72.8,10.07,0.707,False,False,False,0.707,False,-0.1244,False,False,False,False,0,No Significant Anomaly,No Significant Direction,57.2,67.2,False
S117,Compiler Design,F01,23.5,51.0,96.8,73.4,100,False,No_Anomaly,78.33,68.36,5.04,5.04,7.37,73.7,9.66,72.59,10.04,0.701,False,False,False,0.701,False,-0.1049,False,False,False,False,0,No Significant Anomaly,No Significant Direction,63.4,73.4,False
S117,Computer Networks,F07,23.5,51.0,96.8,64.1,100,False,No_Anomaly,78.33,68.36,-4.26,4.26,-6.23,69.71,10.67,72.72,10.8,-0.492,False,False,False,0.492,False,-0.0503,False,False,False,False,0,No Significant Anomaly,No Significant Direction,63.4,73.4,False
S117,Machine Learning,F08,23.5,51.0,96.8,70.5,100,False,No_Anomaly,78.33,68.36,2.14,2.14,3.13,73.65,10.19,72.78,9.96,0.329,False,False,False,0.329,False,-0.1335,False,False,False,False,0,No Significant Anomaly,No Significant Direction,63.4,73.4,False
S117,Software Engineering,F03,23.5,51.0,96.8,72.5,100,False,No_Anomaly,78.33,68.36,4.14,4.14,6.06,73.88,11.06,72.8,10.07,0.586,False,False,False,0.586,False,-0.0941,False,False,False,False,0,No Significant Anomaly,No Significant Direction,63.4,73.4,False
S118,Compiler Design,F03,25.3,80.2,76.3,79.6,100,False,No_Anomaly,84.33,80.66,-1.06,1.06,-1.31,73.88,11.06,72.59,10.04,-0.081,False,False,False,0.081,False,-0.1198,False,False,False,False,0,No Significant Anomaly,No Significant Direction,75.7,85.7,False
S118,Computer Networks,F06,25.3,80.2,76.3,92.2,100,False,No_Anomaly,84.33,80.66,11.54,11.54,14.31,72.75,9.99,72.72,10.8,1.535,False,False,False,1.535,False,-0.0589,False,False,False,False,0,No Significant Anomaly,Potential Over-marking,75.7,85.7,False
S118,Machine Learning,F08,25.3,80.2,76.3,80.1,100,False,No_Anomaly,84.33,80.66,-0.56,0.56,-0.69,73.65,10.19,72.78,9.96,-0.017,False,False,False,0.017,False,-0.1449,False,False,False,False,0,No Significant Anomaly,No Significant Direction,75.7,85.7,False
S118,Software Engineering,F01,25.3,80.2,76.3,83.3,100,False,No_Anomaly,84.33,80.66,2.64,2.64,3.27,73.7,9.66,72.8,10.07,0.394,False,False,False,0.394,False,-0.1497,False,False,False,False,0,No Significant Anomaly,No Significant Direction,75.7,85.7,False
S119,Compiler Design,F03,22.9,82.8,84.3,85.1,100,False,No_Anomaly,76.33,81.16,3.94,3.94,4.85,73.88,11.06,72.59,10.04,0.56,False,False,False,0.56,False,-0.1091,False,False,False,False,0,No Significant Anomaly,No Significant Direction,76.2,86.2,False
S119,Computer Networks,F08,22.9,82.8,84.3,85.6,100,False,No_Anomaly,76.33,81.16,4.44,4.44,5.47,73.65,10.19,72.72,10.8,0.624,False,False,False,0.624,False,-0.119,False,False,False,False,0,No Significant Anomaly,No Significant Direction,76.2,86.2,False
S119,Machine Learning,F06,22.9,82.8,84.3,76.4,100,False,No_Anomaly,76.33,81.16,-4.76,4.76,-5.86,72.75,9.99,72.78,9.96,-0.556,False,False,False,0.556,False,-0.1526,False,False,False,False,0,No Significant Anomaly,No Significant Direction,76.2,86.2,False
S119,Software Engineering,F07,22.9,82.8,84.3,78.8,100,False,No_Anomaly,76.33,81.16,-2.36,2.36,-2.91,69.71,10.67,72.8,10.07,-0.248,False,False,False,0.248,False,-0.1177,False,False,False,False,0,No Significant Anomaly,No Significant Direction,76.2,86.2,False
S120,Compiler Design,F02,21.4,73.2,73.4,68.1,100,False,No_Anomaly,71.33,72.68,-4.58,4.58,-6.3,70.46,9.46,72.59,10.04,-0.533,False,False,False,0.533,False,-0.1112,False,False,False,False,0,No Significant Anomaly,No Significant Direction,67.7,77.7,False
S120,Computer Networks,F01,21.4,73.2,73.4,76.4,100,False,No_Anomaly,71.33,72.68,3.72,3.72,5.12,73.7,9.66,72.72,10.8,0.532,False,False,False,0.532,False,-0.1475,False,False,False,False,0,No Significant Anomaly,No Significant Direction,67.7,77.7,False
S120,Machine Learning,F06,21.4,73.2,73.4,64.2,100,False,No_Anomaly,71.33,72.68,-8.48,8.48,-11.67,72.75,9.99,72.78,9.96,-1.033,False,False,False,1.033,False,-0.1322,False,False,False,False,0,No Significant Anomaly,No Significant Direction,67.7,77.7,False
S120,Software Engineering,F06,21.4,73.2,73.4,67.2,100,False,No_Anomaly,71.33,72.68,-5.48,5.48,-7.54,72.75,9.99,72.8,10.07,-0.648,False,False,False,0.648,False,-0.1573,False,False,False,False,0,No Significant Anomaly,No Significant Direction,67.7,77.7,False
S121,Compiler Design,F05,26.0,68.2,85.8,77.9,100,False,No_Anomaly,86.67,77.26,0.64,0.64,0.83,74.08,9.85,72.59,10.04,0.137,False,False,False,0.137,False,-0.1491,False,False,False,False,0,No Significant Anomaly,No Significant Direction,72.3,82.3,False
S121,Computer Networks,F08,26.0,68.2,85.8,82.5,100,False,No_Anomaly,86.67,77.26,5.24,5.24,6.78,73.65,10.19,72.72,10.8,0.727,False,False,False,0.727,False,-0.1238,False,False,False,False,0,No Significant Anomaly,No Significant Direction,72.3,82.3,False
S121,Machine Learning,F03,26.0,68.2,85.8,82.7,100,False,No_Anomaly,86.67,77.26,5.44,5.44,7.04,73.88,11.06,72.78,9.96,0.753,False,False,False,0.753,False,-0.1025,False,False,False,False,0,No Significant Anomaly,No Significant Direction,72.3,82.3,False
S121,Software Engineering,F07,26.0,68.2,85.8,55.4,100,True,Severe_Undermarking,86.67,77.26,-21.86,21.86,-28.29,69.71,10.67,72.8,10.07,-2.749,True,True,True,2.749,False,-0.0016,True,True,False,True,3,Strong Review Recommended,Potential Under-marking,72.3,82.3,True
S122,Compiler Design,F04,27.9,57.3,80.7,76.2,100,False,No_Anomaly,93.0,72.69,3.51,3.51,4.83,73.24,9.91,72.59,10.04,0.505,False,False,False,0.505,False,-0.1426,False,False,False,False,0,No Significant Anomaly,No Significant Direction,67.7,77.7,False
S122,Computer Networks,F02,27.9,57.3,80.7,74.4,100,False,No_Anomaly,93.0,72.69,1.71,1.71,2.35,70.46,9.46,72.72,10.8,0.274,False,False,False,0.274,False,-0.0803,False,False,False,False,0,No Significant Anomaly,No Significant Direction,67.7,77.7,False
S122,Machine Learning,F03,27.9,57.3,80.7,72.9,100,False,No_Anomaly,93.0,72.69,0.21,0.21,0.29,73.88,11.06,72.78,9.96,0.082,False,False,False,0.082,False,-0.1055,False,False,False,False,0,No Significant Anomaly,No Significant Direction,67.7,77.7,False
S122,Software Engineering,F02,27.9,57.3,80.7,71.7,100,False,No_Anomaly,93.0,72.69,-0.99,0.99,-1.36,70.46,9.46,72.8,10.07,-0.072,False,False,False,0.072,False,-0.1071,False,False,False,False,0,No Significant Anomaly,No Significant Direction,67.7,77.7,False
S123,Compiler Design,F03,22.8,61.1,73.8,76.4,100,False,No_Anomaly,76.0,68.11,8.29,8.29,12.17,73.88,11.06,72.59,10.04,1.118,False,False,False,1.118,False,-0.0864,False,False,False,False,0,No Significant Anomaly,No Significant Direction,63.1,73.1,False
S123,Computer Networks,F04,22.8,61.1,73.8,70.3,100,False,No_Anomaly,76.0,68.11,2.19,2.19,3.22,73.24,9.91,72.72,10.8,0.336,False,False,False,0.336,False,-0.15,False,False,False,False,0,No Significant Anomaly,No Significant Direction,63.1,73.1,False
S123,Machine Learning,F04,22.8,61.1,73.8,67.1,100,False,No_Anomaly,76.0,68.11,-1.01,1.01,-1.48,73.24,9.91,72.78,9.96,-0.075,False,False,False,0.075,False,-0.1613,False,False,False,False,0,No Significant Anomaly,No Significant Direction,63.1,73.1,False
S123,Software Engineering,F01,22.8,61.1,73.8,70.6,100,False,No_Anomaly,76.0,68.11,2.49,2.49,3.66,73.7,9.66,72.8,10.07,0.374,False,False,False,0.374,False,-0.1649,False,False,False,False,0,No Significant Anomaly,No Significant Direction,63.1,73.1,False
S124,Compiler Design,F07,27.3,80.1,82.1,71.8,100,False,No_Anomaly,91.0,83.77,-11.97,11.97,-14.29,69.71,10.67,72.59,10.04,-1.481,False,False,False,1.481,False,-0.0443,False,False,False,False,0,No Significant Anomaly,Potential Under-marking,78.8,88.8,False
S124,Computer Networks,F07,27.3,80.1,82.1,55.0,100,True,Severe_Undermarking,91.0,83.77,-28.77,28.77,-34.34,69.71,10.67,72.72,10.8,-3.636,True,True,True,3.636,True,0.0684,True,True,True,True,4,Strong Review Recommended,Potential Under-marking,78.8,88.8,True
S124,Machine Learning,F08,27.3,80.1,82.1,88.4,100,False,No_Anomaly,91.0,83.77,4.63,4.63,5.53,73.65,10.19,72.78,9.96,0.649,False,False,False,0.649,False,-0.1096,False,False,False,False,0,No Significant Anomaly,No Significant Direction,78.8,88.8,False
S124,Software Engineering,F06,27.3,80.1,82.1,88.1,100,False,No_Anomaly,91.0,83.77,4.33,4.33,5.17,72.75,9.99,72.8,10.07,0.61,False,False,False,0.61,False,-0.1172,False,False,False,False,0,No Significant Anomaly,No Significant Direction,78.8,88.8,False
S125,Compiler Design,F03,24.2,80.3,90.4,83.2,100,False,No_Anomaly,80.67,82.43,0.77,0.77,0.93,73.88,11.06,72.59,10.04,0.154,False,False,False,0.154,False,-0.116,False,False,False,False,0,No Significant Anomaly,No Significant Direction,77.4,87.4,False
S125,Computer Networks,F04,24.2,80.3,90.4,78.0,100,False,No_Anomaly,80.67,82.43,-4.43,4.43,-5.37,73.24,9.91,72.72,10.8,-0.513,False,False,False,0.513,False,-0.1228,False,False,False,False,0,No Significant Anomaly,No Significant Direction,77.4,87.4,False
S125,Machine Learning,F05,24.2,80.3,90.4,58.5,100,True,Severe_Undermarking,80.67,82.43,-23.93,23.93,-29.03,74.08,9.85,72.78,9.96,-3.015,True,True,True,3.015,True,0.0078,True,True,True,True,4,Strong Review Recommended,Potential Under-marking,77.4,87.4,True
S125,Software Engineering,F06,24.2,80.3,90.4,68.0,100,False,No_Anomaly,80.67,82.43,-14.43,14.43,-17.51,72.75,9.99,72.8,10.07,-1.796,False,False,False,1.796,False,-0.0716,False,False,False,False,0,No Significant Anomaly,Potential Under-marking,77.4,87.4,False
S126,Compiler Design,F07,14.0,97.9,79.9,79.6,100,False,No_Anomaly,46.67,78.93,0.67,0.67,0.85,69.71,10.67,72.59,10.04,0.141,False,False,False,0.141,False,-0.0307,False,False,False,False,0,No Significant Anomaly,No Significant Direction,73.9,83.9,False
S126,Computer Networks,F08,14.0,97.9,79.9,77.7,100,False,No_Anomaly,46.67,78.93,-1.23,1.23,-1.56,73.65,10.19,72.72,10.8,-0.103,False,False,False,0.103,False,-0.0676,False,False,False,False,0,No Significant Anomaly,No Significant Direction,73.9,83.9,False
S126,Machine Learning,F07,14.0,97.9,79.9,71.4,100,False,No_Anomaly,46.67,78.93,-7.53,7.53,-9.54,69.71,10.67,72.78,9.96,-0.911,False,False,False,0.911,False,-0.0309,False,False,False,False,0,No Significant Anomaly,No Significant Direction,73.9,83.9,False
S126,Software Engineering,F03,14.0,97.9,79.9,88.1,100,False,No_Anomaly,46.67,78.93,9.17,9.17,11.62,73.88,11.06,72.8,10.07,1.231,False,False,False,1.231,False,-0.0275,False,False,False,False,0,No Significant Anomaly,No Significant Direction,73.9,83.9,False
S127,Compiler Design,F05,22.4,89.3,77.4,81.4,100,False,No_Anomaly,74.67,82.53,-1.13,1.13,-1.37,74.08,9.85,72.59,10.04,-0.09,False,False,False,0.09,False,-0.121,False,False,False,False,0,No Significant Anomaly,No Significant Direction,77.5,87.5,False
S127,Computer Networks,F03,22.4,89.3,77.4,86.6,100,False,No_Anomaly,74.67,82.53,4.07,4.07,4.93,73.88,11.06,72.72,10.8,0.577,False,False,False,0.577,False,-0.071,False,False,False,False,0,No Significant Anomaly,No Significant Direction,77.5,87.5,False
S127,Machine Learning,F03,22.4,89.3,77.4,88.4,100,False,No_Anomaly,74.67,82.53,5.87,5.87,7.11,73.88,11.06,72.78,9.96,0.808,False,False,False,0.808,False,-0.0776,False,False,False,False,0,No Significant Anomaly,No Significant Direction,77.5,87.5,False
S127,Software Engineering,F03,22.4,89.3,77.4,79.9,100,False,No_Anomaly,74.67,82.53,-2.63,2.63,-3.19,73.88,11.06,72.8,10.07,-0.282,False,False,False,0.282,False,-0.1118,False,False,False,False,0,No Significant Anomaly,No Significant Direction,77.5,87.5,False
S128,Compiler Design,F01,17.0,85.7,66.0,89.2,100,False,No_Anomaly,56.67,73.05,16.15,16.15,22.11,73.7,9.66,72.59,10.04,2.127,False,True,True,2.127,False,-0.0262,False,True,False,False,1,No Significant Anomaly,Potential Over-marking,68.0,78.0,False
S128,Computer Networks,F05,17.0,85.7,66.0,85.7,100,False,No_Anomaly,56.67,73.05,12.65,12.65,17.32,74.08,9.85,72.72,10.8,1.678,False,False,False,1.678,False,-0.0385,False,False,False,False,0,No Significant Anomaly,Potential Over-marking,68.0,78.0,False
S128,Machine Learning,F04,17.0,85.7,66.0,72.0,100,False,No_Anomaly,56.67,73.05,-1.05,1.05,-1.44,73.24,9.91,72.78,9.96,-0.08,False,False,False,0.08,False,-0.1392,False,False,False,False,0,No Significant Anomaly,No Significant Direction,68.0,78.0,False
S128,Software Engineering,F06,17.0,85.7,66.0,68.5,100,False,No_Anomaly,56.67,73.05,-4.55,4.55,-6.23,72.75,9.99,72.8,10.07,-0.529,False,False,False,0.529,False,-0.1278,False,False,False,False,0,No Significant Anomaly,No Significant Direction,68.0,78.0,False
S129,Compiler Design,F07,23.8,50.8,74.1,54.1,100,False,No_Anomaly,79.33,64.02,-9.92,9.92,-15.5,69.71,10.67,72.59,10.04,-1.218,False,False,False,1.218,False,-0.0273,False,False,False,False,0,No Significant Anomaly,No Significant Direction,59.0,69.0,False
S129,Computer Networks,F08,23.8,50.8,74.1,34.3,100,True,Severe_Undermarking,79.33,64.02,-29.72,29.72,-46.42,73.65,10.19,72.72,10.8,-3.758,True,True,True,3.758,True,0.0787,True,True,True,True,4,Strong Review Recommended,Potential Under-marking,59.0,69.0,True
S129,Machine Learning,F05,23.8,50.8,74.1,69.3,100,False,No_Anomaly,79.33,64.02,5.28,5.28,8.25,74.08,9.85,72.78,9.96,0.732,False,False,False,0.732,False,-0.1309,False,False,False,False,0,No Significant Anomaly,No Significant Direction,59.0,69.0,False
S129,Software Engineering,F08,23.8,50.8,74.1,69.5,100,False,No_Anomaly,79.33,64.02,5.48,5.48,8.56,73.65,10.19,72.8,10.07,0.758,False,False,False,0.758,False,-0.1307,False,False,False,False,0,No Significant Anomaly,No Significant Direction,59.0,69.0,False
S130,Compiler Design,F06,16.3,76.3,84.8,71.8,100,False,No_Anomaly,54.33,71.41,0.39,0.39,0.55,72.75,9.99,72.59,10.04,0.105,False,False,False,0.105,False,-0.1327,False,False,False,False,0,No Significant Anomaly,No Significant Direction,66.4,76.4,False
S130,Computer Networks,F05,16.3,76.3,84.8,73.8,100,False,No_Anomaly,54.33,71.41,2.39,2.39,3.35,74.08,9.85,72.72,10.8,0.362,False,False,False,0.362,False,-0.132,False,False,False,False,0,No Significant Anomaly,No Significant Direction,66.4,76.4,False
S130,Machine Learning,F04,16.3,76.3,84.8,71.7,100,False,No_Anomaly,54.33,71.41,0.29,0.29,0.41,73.24,9.91,72.78,9.96,0.092,False,False,False,0.092,False,-0.1572,False,False,False,False,0,No Significant Anomaly,No Significant Direction,66.4,76.4,False
S130,Software Engineering,F01,16.3,76.3,84.8,74.1,100,False,No_Anomaly,54.33,71.41,2.69,2.69,3.77,73.7,9.66,72.8,10.07,0.4,False,False,False,0.4,False,-0.1575,False,False,False,False,0,No Significant Anomaly,No Significant Direction,66.4,76.4,False
S131,Compiler Design,F01,20.1,42.3,82.5,62.1,100,False,No_Anomaly,67.0,57.75,4.35,4.35,7.53,73.7,9.66,72.59,10.04,0.613,False,False,False,0.613,False,-0.0841,False,False,False,False,0,No Significant Anomaly,No Significant Direction,52.8,62.8,False
S131,Computer Networks,F05,20.1,42.3,82.5,54.6,100,False,No_Anomaly,67.0,57.75,-3.15,3.15,-5.45,74.08,9.85,72.72,10.8,-0.349,False,False,False,0.349,False,-0.0566,False,False,False,False,0,No Significant Anomaly,No Significant Direction,52.8,62.8,False
S131,Machine Learning,F04,20.1,42.3,82.5,61.8,100,False,No_Anomaly,67.0,57.75,4.05,4.05,7.01,73.24,9.91,72.78,9.96,0.574,False,False,False,0.574,False,-0.1074,False,False,False,False,0,No Significant Anomaly,No Significant Direction,52.8,62.8,False
S131,Software Engineering,F04,20.1,42.3,82.5,60.4,100,False,No_Anomaly,67.0,57.75,2.65,2.65,4.59,73.24,9.91,72.8,10.07,0.395,False,False,False,0.395,False,-0.1119,False,False,False,False,0,No Significant Anomaly,No Significant Direction,52.8,62.8,False
S132,Compiler Design,F04,22.6,75.5,89.0,65.3,100,False,No_Anomaly,75.33,78.15,-12.85,12.85,-16.44,73.24,9.91,72.59,10.04,-1.594,False,False,False,1.594,False,-0.0927,False,False,False,False,0,No Significant Anomaly,Potential Under-marking,73.2,83.2,False
S132,Computer Networks,F05,22.6,75.5,89.0,78.0,100,False,No_Anomaly,75.33,78.15,-0.15,0.15,-0.19,74.08,9.85,72.72,10.8,0.036,False,False,False,0.036,False,-0.1364,False,False,False,False,0,No Significant Anomaly,No Significant Direction,73.2,83.2,False
S132,Machine Learning,F06,22.6,75.5,89.0,63.8,100,False,No_Anomaly,75.33,78.15,-14.35,14.35,-18.36,72.75,9.99,72.78,9.96,-1.786,False,False,False,1.786,False,-0.0795,False,False,False,False,0,No Significant Anomaly,Potential Under-marking,73.2,83.2,False
S132,Software Engineering,F03,22.6,75.5,89.0,80.3,100,False,No_Anomaly,75.33,78.15,2.15,2.15,2.75,73.88,11.06,72.8,10.07,0.331,False,False,False,0.331,False,-0.1341,False,False,False,False,0,No Significant Anomaly,No Significant Direction,73.2,83.2,False
S133,Compiler Design,F07,24.1,79.1,84.3,73.5,100,False,No_Anomaly,80.33,80.51,-7.01,7.01,-8.71,69.71,10.67,72.59,10.04,-0.844,False,False,False,0.844,False,-0.0894,False,False,False,False,0,No Significant Anomaly,No Significant Direction,75.5,85.5,False
S133,Computer Networks,F08,24.1,79.1,84.3,72.7,100,False,No_Anomaly,80.33,80.51,-7.81,7.81,-9.7,73.65,10.19,72.72,10.8,-0.947,False,False,False,0.947,False,-0.1093,False,False,False,False,0,No Significant Anomaly,No Significant Direction,75.5,85.5,False
S133,Machine Learning,F01,24.1,79.1,84.3,80.8,100,False,No_Anomaly,80.33,80.51,0.29,0.29,0.36,73.7,9.66,72.78,9.96,0.092,False,False,False,0.092,False,-0.153,False,False,False,False,0,No Significant Anomaly,No Significant Direction,75.5,85.5,False
S133,Software Engineering,F05,24.1,79.1,84.3,76.5,100,False,No_Anomaly,80.33,80.51,-4.01,4.01,-4.98,74.08,9.85,72.8,10.07,-0.459,False,False,False,0.459,False,-0.1503,False,False,False,False,0,No Significant Anomaly,No Significant Direction,75.5,85.5,False
S134,Compiler Design,F01,22.8,61.5,80.2,65.9,100,False,No_Anomaly,76.0,69.59,-3.69,3.69,-5.3,73.7,9.66,72.59,10.04,-0.418,False,False,False,0.418,False,-0.1425,False,False,False,False,0,No Significant Anomaly,No Significant Direction,64.6,74.6,False
S134,Computer Networks,F01,22.8,61.5,80.2,71.8,100,False,No_Anomaly,76.0,69.59,2.21,2.21,3.18,73.7,9.66,72.72,10.8,0.338,False,False,False,0.338,False,-0.1496,False,False,False,False,0,No Significant Anomaly,No Significant Direction,64.6,74.6,False
S134,Machine Learning,F01,22.8,61.5,80.2,79.4,100,False,No_Anomaly,76.0,69.59,9.81,9.81,14.1,73.7,9.66,72.78,9.96,1.313,False,False,False,1.313,False,-0.124,False,False,False,False,0,No Significant Anomaly,No Significant Direction,64.6,74.6,False
S134,Software Engineering,F07,22.8,61.5,80.2,61.4,100,False,No_Anomaly,76.0,69.59,-8.19,8.19,-11.77,69.71,10.67,72.8,10.07,-0.996,False,False,False,0.996,False,-0.1039,False,False,False,False,0,No Significant Anomaly,No Significant Direction,64.6,74.6,False
S135,Compiler Design,F03,24.1,79.8,78.1,84.3,100,False,No_Anomaly,80.33,79.62,4.68,4.68,5.88,73.88,11.06,72.59,10.04,0.655,False,False,False,0.655,False,-0.1065,False,False,False,False,0,No Significant Anomaly,No Significant Direction,74.6,84.6,False
S135,Computer Networks,F05,24.1,79.8,78.1,76.7,100,False,No_Anomaly,80.33,79.62,-2.92,2.92,-3.67,74.08,9.85,72.72,10.8,-0.32,False,False,False,0.32,False,-0.1348,False,False,False,False,0,No Significant Anomaly,No Significant Direction,74.6,84.6,False
S135,Machine Learning,F07,24.1,79.8,78.1,71.6,100,False,No_Anomaly,80.33,79.62,-8.02,8.02,-10.07,69.71,10.67,72.78,9.96,-0.974,False,False,False,0.974,False,-0.106,False,False,False,False,0,No Significant Anomaly,No Significant Direction,74.6,84.6,False
S135,Software Engineering,F05,24.1,79.8,78.1,83.2,100,False,No_Anomaly,80.33,79.62,3.58,3.58,4.5,74.08,9.85,72.8,10.07,0.514,False,False,False,0.514,False,-0.1547,False,False,False,False,0,No Significant Anomaly,No Significant Direction,74.6,84.6,False
S136,Compiler Design,F05,25.3,66.8,80.8,74.6,100,False,No_Anomaly,84.33,74.86,-0.26,0.26,-0.35,74.08,9.85,72.59,10.04,0.022,False,False,False,0.022,False,-0.1484,False,False,False,False,0,No Significant Anomaly,No Significant Direction,69.9,79.9,False
S136,Computer Networks,F06,25.3,66.8,80.8,72.9,100,False,No_Anomaly,84.33,74.86,-1.96,1.96,-2.62,72.75,9.99,72.72,10.8,-0.197,False,False,False,0.197,False,-0.1479,False,False,False,False,0,No Significant Anomaly,No Significant Direction,69.9,79.9,False
S136,Machine Learning,F02,25.3,66.8,80.8,76.1,100,False,No_Anomaly,84.33,74.86,1.24,1.24,1.66,70.46,9.46,72.78,9.96,0.214,False,False,False,0.214,False,-0.1293,False,False,False,False,0,No Significant Anomaly,No Significant Direction,69.9,79.9,False
S136,Software Engineering,F05,25.3,66.8,80.8,76.9,100,False,No_Anomaly,84.33,74.86,2.04,2.04,2.73,74.08,9.85,72.8,10.07,0.317,False,False,False,0.317,False,-0.171,False,False,False,False,0,No Significant Anomaly,No Significant Direction,69.9,79.9,False
S137,Compiler Design,F04,16.1,46.1,69.0,56.9,100,False,No_Anomaly,53.67,52.95,3.95,3.95,7.46,73.24,9.91,72.59,10.04,0.562,False,False,False,0.562,False,-0.0567,False,False,False,False,0,No Significant Anomaly,No Significant Direction,48.0,58.0,False
S137,Computer Networks,F04,16.1,46.1,69.0,49.9,100,False,No_Anomaly,53.67,52.95,-3.05,3.05,-5.76,73.24,9.91,72.72,10.8,-0.336,False,False,False,0.336,False,-0.0304,False,False,False,False,0,No Significant Anomaly,No Significant Direction,48.0,58.0,False
S137,Machine Learning,F08,16.1,46.1,69.0,57.0,100,False,No_Anomaly,53.67,52.95,4.05,4.05,7.65,73.65,10.19,72.78,9.96,0.574,False,False,False,0.574,False,-0.0669,False,False,False,False,0,No Significant Anomaly,No Significant Direction,48.0,58.0,False
S137,Software Engineering,F07,16.1,46.1,69.0,44.6,100,False,No_Anomaly,53.67,52.95,-8.35,8.35,-15.77,69.71,10.67,72.8,10.07,-1.016,False,False,False,1.016,True,0.0167,False,False,True,False,1,No Significant Anomaly,No Significant Direction,48.0,58.0,False
S138,Compiler Design,F05,25.0,42.0,75.2,65.6,100,False,No_Anomaly,83.33,61.04,4.56,4.56,7.47,74.08,9.85,72.59,10.04,0.64,False,False,False,0.64,False,-0.0823,False,False,False,False,0,No Significant Anomaly,No Significant Direction,56.0,66.0,False
S138,Computer Networks,F08,25.0,42.0,75.2,62.8,100,False,No_Anomaly,83.33,61.04,1.76,1.76,2.88,73.65,10.19,72.72,10.8,0.281,False,False,False,0.281,False,-0.0848,False,False,False,False,0,No Significant Anomaly,No Significant Direction,56.0,66.0,False
S138,Machine Learning,F04,25.0,42.0,75.2,54.5,100,False,No_Anomaly,83.33,61.04,-6.54,6.54,-10.71,73.24,9.91,72.78,9.96,-0.784,False,False,False,0.784,False,-0.081,False,False,False,False,0,No Significant Anomaly,No Significant Direction,56.0,66.0,False
S138,Software Engineering,F07,25.0,42.0,75.2,64.0,100,False,No_Anomaly,83.33,61.04,2.96,2.96,4.85,69.71,10.67,72.8,10.07,0.435,False,False,False,0.435,False,-0.0565,False,False,False,False,0,No Significant Anomaly,No Significant Direction,56.0,66.0,False
S139,Compiler Design,F02,26.4,66.6,84.0,74.3,100,False,No_Anomaly,88.0,76.5,-2.2,2.2,-2.88,70.46,9.46,72.59,10.04,-0.227,False,False,False,0.227,False,-0.1086,False,False,False,False,0,No Significant Anomaly,No Significant Direction,71.5,81.5,False
S139,Computer Networks,F01,26.4,66.6,84.0,80.9,100,False,No_Anomaly,88.0,76.5,4.4,4.4,5.75,73.7,9.66,72.72,10.8,0.619,False,False,False,0.619,False,-0.1287,False,False,False,False,0,No Significant Anomaly,No Significant Direction,71.5,81.5,False
S139,Machine Learning,F04,26.4,66.6,84.0,100.0,100,True,Severe_Overmarking,88.0,76.5,23.5,23.5,30.72,73.24,9.91,72.78,9.96,3.07,True,True,True,3.07,False,-0.0123,True,True,False,True,3,Strong Review Recommended,Potential Over-marking,71.5,81.5,True
S139,Software Engineering,F03,26.4,66.6,84.0,77.9,100,False,No_Anomaly,88.0,76.5,1.4,1.4,1.83,73.88,11.06,72.8,10.07,0.235,False,False,False,0.235,False,-0.1348,False,False,False,False,0,No Significant Anomaly,No Significant Direction,71.5,81.5,False
S140,Compiler Design,F08,27.4,85.9,81.3,78.8,100,False,No_Anomaly,91.33,86.61,-7.81,7.81,-9.02,73.65,10.19,72.59,10.04,-0.947,False,False,False,0.947,False,-0.0866,False,False,False,False,0,No Significant Anomaly,No Significant Direction,81.6,91.6,False
S140,Computer Networks,F08,27.4,85.9,81.3,77.4,100,False,No_Anomaly,91.33,86.61,-9.21,9.21,-10.63,73.65,10.19,72.72,10.8,-1.127,False,False,False,1.127,False,-0.0562,False,False,False,False,0,No Significant Anomaly,No Significant Direction,81.6,91.6,False
S140,Machine Learning,F08,27.4,85.9,81.3,77.8,100,False,No_Anomaly,91.33,86.61,-8.81,8.81,-10.17,73.65,10.19,72.78,9.96,-1.075,False,False,False,1.075,False,-0.0759,False,False,False,False,0,No Significant Anomaly,No Significant Direction,81.6,91.6,False
S140,Software Engineering,F03,27.4,85.9,81.3,79.6,100,False,No_Anomaly,91.33,86.61,-7.01,7.01,-8.09,73.88,11.06,72.8,10.07,-0.844,False,False,False,0.844,False,-0.0729,False,False,False,False,0,No Significant Anomaly,No Significant Direction,81.6,91.6,False
S141,Compiler Design,F05,19.6,71.1,73.6,77.5,100,False,No_Anomaly,65.33,69.87,7.63,7.63,10.92,74.08,9.85,72.59,10.04,1.034,False,False,False,1.034,False,-0.1276,False,False,False,False,0,No Significant Anomaly,No Significant Direction,64.9,74.9,False
S141,Computer Networks,F05,19.6,71.1,73.6,76.1,100,False,No_Anomaly,65.33,69.87,6.23,6.23,8.92,74.08,9.85,72.72,10.8,0.854,False,False,False,0.854,False,-0.1266,False,False,False,False,0,No Significant Anomaly,No Significant Direction,64.9,74.9,False
S141,Machine Learning,F03,19.6,71.1,73.6,68.2,100,False,No_Anomaly,65.33,69.87,-1.67,1.67,-2.39,73.88,11.06,72.78,9.96,-0.159,False,False,False,0.159,False,-0.1289,False,False,False,False,0,No Significant Anomaly,No Significant Direction,64.9,74.9,False
S141,Software Engineering,F05,19.6,71.1,73.6,72.7,100,False,No_Anomaly,65.33,69.87,2.83,2.83,4.05,74.08,9.85,72.8,10.07,0.418,False,False,False,0.418,False,-0.1644,False,False,False,False,0,No Significant Anomaly,No Significant Direction,64.9,74.9,False
S142,Compiler Design,F04,20.6,52.2,73.1,61.0,100,False,No_Anomaly,68.67,61.32,-0.32,0.32,-0.52,73.24,9.91,72.59,10.04,0.014,False,False,False,0.014,False,-0.1042,False,False,False,False,0,No Significant Anomaly,No Significant Direction,56.3,66.3,False
S142,Computer Networks,F05,20.6,52.2,73.1,65.2,100,False,No_Anomaly,68.67,61.32,3.88,3.88,6.33,74.08,9.85,72.72,10.8,0.553,False,False,False,0.553,False,-0.1036,False,False,False,False,0,No Significant Anomaly,No Significant Direction,56.3,66.3,False
S142,Machine Learning,F07,20.6,52.2,73.1,53.5,100,False,No_Anomaly,68.67,61.32,-7.82,7.82,-12.75,69.71,10.67,72.78,9.96,-0.948,False,False,False,0.948,False,-0.0383,False,False,False,False,0,No Significant Anomaly,No Significant Direction,56.3,66.3,False
S142,Software Engineering,F06,20.6,52.2,73.1,66.5,100,False,No_Anomaly,68.67,61.32,5.18,5.18,8.45,72.75,9.99,72.8,10.07,0.719,False,False,False,0.719,False,-0.125,False,False,False,False,0,No Significant Anomaly,No Significant Direction,56.3,66.3,False
S143,Compiler Design,F03,16.5,79.6,99.2,73.2,100,False,No_Anomaly,55.0,76.14,-2.94,2.94,-3.86,73.88,11.06,72.59,10.04,-0.322,False,False,False,0.322,False,-0.0814,False,False,False,False,0,No Significant Anomaly,No Significant Direction,71.1,81.1,False
S143,Computer Networks,F04,16.5,79.6,99.2,70.7,100,False,No_Anomaly,55.0,76.14,-5.44,5.44,-7.14,73.24,9.91,72.72,10.8,-0.643,False,False,False,0.643,False,-0.0906,False,False,False,False,0,No Significant Anomaly,No Significant Direction,71.1,81.1,False
S143,Machine Learning,F04,16.5,79.6,99.2,83.8,100,False,No_Anomaly,55.0,76.14,7.66,7.66,10.06,73.24,9.91,72.78,9.96,1.038,False,False,False,1.038,False,-0.1027,False,False,False,False,0,No Significant Anomaly,No Significant Direction,71.1,81.1,False
S143,Software Engineering,F05,16.5,79.6,99.2,80.1,100,False,No_Anomaly,55.0,76.14,3.96,3.96,5.2,74.08,9.85,72.8,10.07,0.563,False,False,False,0.563,False,-0.1182,False,False,False,False,0,No Significant Anomaly,No Significant Direction,71.1,81.1,False
S144,Compiler Design,F02,23.9,74.7,71.6,67.0,100,False,No_Anomaly,79.67,75.57,-8.57,8.57,-11.34,70.46,9.46,72.59,10.04,-1.044,False,False,False,1.044,False,-0.0881,False,False,False,False,0,No Significant Anomaly,No Significant Direction,70.6,80.6,False
S144,Computer Networks,F08,23.9,74.7,71.6,75.5,100,False,No_Anomaly,79.67,75.57,-0.07,0.07,-0.09,73.65,10.19,72.72,10.8,0.046,False,False,False,0.046,False,-0.1402,False,False,False,False,0,No Significant Anomaly,No Significant Direction,70.6,80.6,False
S144,Machine Learning,F07,23.9,74.7,71.6,71.9,100,False,No_Anomaly,79.67,75.57,-3.67,3.67,-4.86,69.71,10.67,72.78,9.96,-0.416,False,False,False,0.416,False,-0.1145,False,False,False,False,0,No Significant Anomaly,No Significant Direction,70.6,80.6,False
S144,Software Engineering,F03,23.9,74.7,71.6,67.1,100,False,No_Anomaly,79.67,75.57,-8.47,8.47,-11.21,73.88,11.06,72.8,10.07,-1.032,False,False,False,1.032,False,-0.1038,False,False,False,False,0,No Significant Anomaly,No Significant Direction,70.6,80.6,False
S145,Compiler Design,F02,25.7,68.4,63.7,74.0,100,False,No_Anomaly,85.67,72.64,1.36,1.36,1.87,70.46,9.46,72.59,10.04,0.229,False,False,False,0.229,False,-0.084,False,False,False,False,0,No Significant Anomaly,No Significant Direction,67.6,77.6,False
S145,Computer Networks,F03,25.7,68.4,63.7,66.6,100,False,No_Anomaly,85.67,72.64,-6.04,6.04,-8.31,73.88,11.06,72.72,10.8,-0.72,False,False,False,0.72,False,-0.068,False,False,False,False,0,No Significant Anomaly,No Significant Direction,67.6,77.6,False
S145,Machine Learning,F06,25.7,68.4,63.7,72.3,100,False,No_Anomaly,85.67,72.64,-0.34,0.34,-0.47,72.75,9.99,72.78,9.96,0.011,False,False,False,0.011,False,-0.1479,False,False,False,False,0,No Significant Anomaly,No Significant Direction,67.6,77.6,False
S145,Software Engineering,F04,25.7,68.4,63.7,70.4,100,False,No_Anomaly,85.67,72.64,-2.24,2.24,-3.08,73.24,9.91,72.8,10.07,-0.232,False,False,False,0.232,False,-0.1554,False,False,False,False,0,No Significant Anomaly,No Significant Direction,67.6,77.6,False
S146,Compiler Design,F08,17.7,62.7,76.7,70.5,100,False,No_Anomaly,59.0,64.39,6.11,6.11,9.49,73.65,10.19,72.59,10.04,0.839,False,False,False,0.839,False,-0.1253,False,False,False,False,0,No Significant Anomaly,No Significant Direction,59.4,69.4,False
S146,Computer Networks,F07,17.7,62.7,76.7,64.5,100,False,No_Anomaly,59.0,64.39,0.11,0.11,0.17,69.71,10.67,72.72,10.8,0.069,False,False,False,0.069,False,-0.07,False,False,False,False,0,No Significant Anomaly,No Significant Direction,59.4,69.4,False
S146,Machine Learning,F06,17.7,62.7,76.7,61.8,100,False,No_Anomaly,59.0,64.39,-2.59,2.59,-4.02,72.75,9.99,72.78,9.96,-0.277,False,False,False,0.277,False,-0.1441,False,False,False,False,0,No Significant Anomaly,No Significant Direction,59.4,69.4,False
S146,Software Engineering,F03,17.7,62.7,76.7,97.3,100,True,Severe_Overmarking,59.0,64.39,32.91,32.91,51.11,73.88,11.06,72.8,10.07,4.277,True,True,True,4.277,True,0.0711,True,True,True,True,4,Strong Review Recommended,Potential Over-marking,59.4,69.4,True
S147,Compiler Design,F07,21.2,62.1,86.3,68.4,100,False,No_Anomaly,70.67,69.51,-1.11,1.11,-1.6,69.71,10.67,72.59,10.04,-0.087,False,False,False,0.087,False,-0.1023,False,False,False,False,0,No Significant Anomaly,No Significant Direction,64.5,74.5,False
S147,Computer Networks,F02,21.2,62.1,86.3,74.6,100,False,No_Anomaly,70.67,69.51,5.09,5.09,7.32,70.46,9.46,72.72,10.8,0.708,False,False,False,0.708,False,-0.0842,False,False,False,False,0,No Significant Anomaly,No Significant Direction,64.5,74.5,False
S147,Machine Learning,F06,21.2,62.1,86.3,71.0,100,False,No_Anomaly,70.67,69.51,1.49,1.49,2.14,72.75,9.99,72.78,9.96,0.246,False,False,False,0.246,False,-0.1662,False,False,False,False,0,No Significant Anomaly,No Significant Direction,64.5,74.5,False
S147,Software Engineering,F03,21.2,62.1,86.3,75.4,100,False,No_Anomaly,70.67,69.51,5.89,5.89,8.47,73.88,11.06,72.8,10.07,0.81,False,False,False,0.81,False,-0.1261,False,False,False,False,0,No Significant Anomaly,No Significant Direction,64.5,74.5,False
S148,Compiler Design,F04,27.3,73.9,85.6,89.9,100,False,No_Anomaly,91.0,81.37,8.53,8.53,10.48,73.24,9.91,72.59,10.04,1.149,False,False,False,1.149,False,-0.1009,False,False,False,False,0,No Significant Anomaly,No Significant Direction,76.4,86.4,False
S148,Computer Networks,F04,27.3,73.9,85.6,80.3,100,False,No_Anomaly,91.0,81.37,-1.07,1.07,-1.31,73.24,9.91,72.72,10.8,-0.082,False,False,False,0.082,False,-0.1306,False,False,False,False,0,No Significant Anomaly,No Significant Direction,76.4,86.4,False
S148,Machine Learning,F08,27.3,73.9,85.6,78.0,100,False,No_Anomaly,91.0,81.37,-3.37,3.37,-4.14,73.65,10.19,72.78,9.96,-0.377,False,False,False,0.377,False,-0.1444,False,False,False,False,0,No Significant Anomaly,No Significant Direction,76.4,86.4,False
S148,Software Engineering,F02,27.3,73.9,85.6,79.6,100,False,No_Anomaly,91.0,81.37,-1.77,1.77,-2.18,70.46,9.46,72.8,10.07,-0.172,False,False,False,0.172,False,-0.1074,False,False,False,False,0,No Significant Anomaly,No Significant Direction,76.4,86.4,False
S149,Compiler Design,F03,26.3,65.9,67.2,85.2,100,False,No_Anomaly,87.67,72.69,12.51,12.51,17.21,73.88,11.06,72.59,10.04,1.66,False,False,False,1.66,False,-0.0429,False,False,False,False,0,No Significant Anomaly,Potential Over-marking,67.7,77.7,False
S149,Computer Networks,F05,26.3,65.9,67.2,80.7,100,False,No_Anomaly,87.67,72.69,8.01,8.01,11.02,74.08,9.85,72.72,10.8,1.082,False,False,False,1.082,False,-0.0918,False,False,False,False,0,No Significant Anomaly,No Significant Direction,67.7,77.7,False
S149,Machine Learning,F07,26.3,65.9,67.2,65.2,100,False,No_Anomaly,87.67,72.69,-7.49,7.49,-10.3,69.71,10.67,72.78,9.96,-0.906,False,False,False,0.906,False,-0.0809,False,False,False,False,0,No Significant Anomaly,No Significant Direction,67.7,77.7,False
S149,Software Engineering,F03,26.3,65.9,67.2,63.7,100,False,No_Anomaly,87.67,72.69,-8.99,8.99,-12.37,73.88,11.06,72.8,10.07,-1.098,False,False,False,1.098,False,-0.0736,False,False,False,False,0,No Significant Anomaly,No Significant Direction,67.7,77.7,False
S150,Compiler Design,F05,23.5,66.0,93.1,77.3,100,False,No_Anomaly,78.33,75.12,2.18,2.18,2.9,74.08,9.85,72.59,10.04,0.335,False,False,False,0.335,False,-0.1464,False,False,False,False,0,No Significant Anomaly,No Significant Direction,70.1,80.1,False
S150,Computer Networks,F01,23.5,66.0,93.1,79.0,100,False,No_Anomaly,78.33,75.12,3.88,3.88,5.17,73.7,9.66,72.72,10.8,0.553,False,False,False,0.553,False,-0.1353,False,False,False,False,0,No Significant Anomaly,No Significant Direction,70.1,80.1,False
S150,Machine Learning,F07,23.5,66.0,93.1,66.9,100,False,No_Anomaly,78.33,75.12,-8.22,8.22,-10.94,69.71,10.67,72.78,9.96,-1.0,False,False,False,1.0,False,-0.099,False,False,False,False,0,No Significant Anomaly,No Significant Direction,70.1,80.1,False
S150,Software Engineering,F01,23.5,66.0,93.1,41.0,100,True,Severe_Undermarking,78.33,75.12,-34.12,34.12,-45.42,73.7,9.66,72.8,10.07,-4.322,True,True,True,4.322,True,0.0532,True,True,True,True,4,Strong Review Recommended,Potential Under-marking,70.1,80.1,True
S151,Compiler Design,F01,29.8,68.4,85.5,74.8,100,False,No_Anomaly,99.33,81.1,-6.3,6.3,-7.77,73.7,9.66,72.59,10.04,-0.753,False,False,False,0.753,False,-0.1187,False,False,False,False,0,No Significant Anomaly,No Significant Direction,76.1,86.1,False
S151,Computer Networks,F05,29.8,68.4,85.5,80.7,100,False,No_Anomaly,99.33,81.1,-0.4,0.4,-0.49,74.08,9.85,72.72,10.8,0.004,False,False,False,0.004,False,-0.1078,False,False,False,False,0,No Significant Anomaly,No Significant Direction,76.1,86.1,False
S151,Machine Learning,F04,29.8,68.4,85.5,81.5,100,False,No_Anomaly,99.33,81.1,0.4,0.4,0.49,73.24,9.91,72.78,9.96,0.106,False,False,False,0.106,False,-0.1315,False,False,False,False,0,No Significant Anomaly,No Significant Direction,76.1,86.1,False
S151,Software Engineering,F02,29.8,68.4,85.5,79.6,100,False,No_Anomaly,99.33,81.1,-1.5,1.5,-1.85,70.46,9.46,72.8,10.07,-0.138,False,False,False,0.138,False,-0.095,False,False,False,False,0,No Significant Anomaly,No Significant Direction,76.1,86.1,False
S152,Compiler Design,F08,22.6,94.9,82.7,83.7,100,False,No_Anomaly,75.33,86.59,-2.89,2.89,-3.34,73.65,10.19,72.59,10.04,-0.316,False,False,False,0.316,False,-0.1035,False,False,False,False,0,No Significant Anomaly,No Significant Direction,81.6,91.6,False
S152,Computer Networks,F07,22.6,94.9,82.7,80.9,100,False,No_Anomaly,75.33,86.59,-5.69,5.69,-6.57,69.71,10.67,72.72,10.8,-0.675,False,False,False,0.675,False,-0.043,False,False,False,False,0,No Significant Anomaly,No Significant Direction,81.6,91.6,False
S152,Machine Learning,F07,22.6,94.9,82.7,86.2,100,False,No_Anomaly,75.33,86.59,-0.39,0.39,-0.45,69.71,10.67,72.78,9.96,0.005,False,False,False,0.005,False,-0.0524,False,False,False,False,0,No Significant Anomaly,No Significant Direction,81.6,91.6,False
S152,Software Engineering,F07,22.6,94.9,82.7,73.2,100,False,No_Anomaly,75.33,86.59,-13.39,13.39,-15.46,69.71,10.67,72.8,10.07,-1.663,False,False,False,1.663,False,-0.0278,False,False,False,False,0,No Significant Anomaly,Potential Under-marking,81.6,91.6,False
S153,Compiler Design,F05,23.3,82.9,73.5,87.6,100,False,No_Anomaly,77.67,79.45,8.15,8.15,10.26,74.08,9.85,72.59,10.04,1.1,False,False,False,1.1,False,-0.0965,False,False,False,False,0,No Significant Anomaly,No Significant Direction,74.4,84.4,False
S153,Computer Networks,F04,23.3,82.9,73.5,76.6,100,False,No_Anomaly,77.67,79.45,-2.85,2.85,-3.59,73.24,9.91,72.72,10.8,-0.311,False,False,False,0.311,False,-0.1375,False,False,False,False,0,No Significant Anomaly,No Significant Direction,74.4,84.4,False
S153,Machine Learning,F07,23.3,82.9,73.5,72.1,100,False,No_Anomaly,77.67,79.45,-7.35,7.35,-9.25,69.71,10.67,72.78,9.96,-0.888,False,False,False,0.888,False,-0.0988,False,False,False,False,0,No Significant Anomaly,No Significant Direction,74.4,84.4,False
S153,Software Engineering,F07,23.3,82.9,73.5,79.1,100,False,No_Anomaly,77.67,79.45,-0.35,0.35,-0.44,69.71,10.67,72.8,10.07,0.01,False,False,False,0.01,False,-0.1058,False,False,False,False,0,No Significant Anomaly,No Significant Direction,74.4,84.4,False
S154,Compiler Design,F03,18.7,69.7,85.1,71.4,100,False,No_Anomaly,62.33,70.57,0.83,0.83,1.18,73.88,11.06,72.59,10.04,0.161,False,False,False,0.161,False,-0.1274,False,False,False,False,0,No Significant Anomaly,No Significant Direction,65.6,75.6,False
S154,Computer Networks,F02,18.7,69.7,85.1,71.0,100,False,No_Anomaly,62.33,70.57,0.43,0.43,0.61,70.46,9.46,72.72,10.8,0.11,False,False,False,0.11,False,-0.0994,False,False,False,False,0,No Significant Anomaly,No Significant Direction,65.6,75.6,False
S154,Machine Learning,F04,18.7,69.7,85.1,79.4,100,False,No_Anomaly,62.33,70.57,8.83,8.83,12.51,73.24,9.91,72.78,9.96,1.188,False,False,False,1.188,False,-0.1405,False,False,False,False,0,No Significant Anomaly,No Significant Direction,65.6,75.6,False
S154,Software Engineering,F02,18.7,69.7,85.1,59.4,100,False,No_Anomaly,62.33,70.57,-11.17,11.17,-15.83,70.46,9.46,72.8,10.07,-1.378,False,False,False,1.378,False,-0.0779,False,False,False,False,0,No Significant Anomaly,Potential Under-marking,65.6,75.6,False
S155,Compiler Design,F08,17.5,50.9,61.3,54.8,100,False,No_Anomaly,58.33,55.21,-0.41,0.41,-0.74,73.65,10.19,72.59,10.04,0.002,False,False,False,0.002,False,-0.0328,False,False,False,False,0,No Significant Anomaly,No Significant Direction,50.2,60.2,False
S155,Computer Networks,F02,17.5,50.9,61.3,63.5,100,False,No_Anomaly,58.33,55.21,8.29,8.29,15.02,70.46,9.46,72.72,10.8,1.118,False,False,False,1.118,True,0.0096,False,False,True,False,1,No Significant Anomaly,No Significant Direction,50.2,60.2,False
S155,Machine Learning,F07,17.5,50.9,61.3,56.8,100,False,No_Anomaly,58.33,55.21,1.59,1.59,2.88,69.71,10.67,72.78,9.96,0.259,False,False,False,0.259,False,-0.0227,False,False,False,False,0,No Significant Anomaly,No Significant Direction,50.2,60.2,False
S155,Software Engineering,F02,17.5,50.9,61.3,55.9,100,False,No_Anomaly,58.33,55.21,0.69,0.69,1.25,70.46,9.46,72.8,10.07,0.143,False,False,False,0.143,False,-0.0297,False,False,False,False,0,No Significant Anomaly,No Significant Direction,50.2,60.2,False
S156,Compiler Design,F07,29.7,64.5,79.1,63.8,100,False,No_Anomaly,99.0,77.77,-13.97,13.97,-17.96,69.71,10.67,72.59,10.04,-1.737,False,False,False,1.737,False,-0.0255,False,False,False,False,0,No Significant Anomaly,Potential Under-marking,72.8,82.8,False
S156,Computer Networks,F04,29.7,64.5,79.1,84.4,100,False,No_Anomaly,99.0,77.77,6.63,6.63,8.53,73.24,9.91,72.72,10.8,0.905,False,False,False,0.905,False,-0.0975,False,False,False,False,0,No Significant Anomaly,No Significant Direction,72.8,82.8,False
S156,Machine Learning,F03,29.7,64.5,79.1,78.1,100,False,No_Anomaly,99.0,77.77,0.33,0.33,0.42,73.88,11.06,72.78,9.96,0.097,False,False,False,0.097,False,-0.1005,False,False,False,False,0,No Significant Anomaly,No Significant Direction,72.8,82.8,False
S156,Software Engineering,F04,29.7,64.5,79.1,71.5,100,False,No_Anomaly,99.0,77.77,-6.27,6.27,-8.06,73.24,9.91,72.8,10.07,-0.749,False,False,False,0.749,False,-0.1406,False,False,False,False,0,No Significant Anomaly,No Significant Direction,72.8,82.8,False
S157,Compiler Design,F03,23.4,83.3,72.4,78.4,100,False,No_Anomaly,78.0,79.53,-1.13,1.13,-1.42,73.88,11.06,72.59,10.04,-0.09,False,False,False,0.09,False,-0.1127,False,False,False,False,0,No Significant Anomaly,No Significant Direction,74.5,84.5,False
S157,Computer Networks,F08,23.4,83.3,72.4,75.0,100,False,No_Anomaly,78.0,79.53,-4.53,4.53,-5.7,73.65,10.19,72.72,10.8,-0.526,False,False,False,0.526,False,-0.1244,False,False,False,False,0,No Significant Anomaly,No Significant Direction,74.5,84.5,False
S157,Machine Learning,F07,23.4,83.3,72.4,68.5,100,False,No_Anomaly,78.0,79.53,-11.03,11.03,-13.87,69.71,10.67,72.78,9.96,-1.36,False,False,False,1.36,False,-0.0679,False,False,False,False,0,No Significant Anomaly,Potential Under-marking,74.5,84.5,False
S157,Software Engineering,F01,23.4,83.3,72.4,80.6,100,False,No_Anomaly,78.0,79.53,1.07,1.07,1.35,73.7,9.66,72.8,10.07,0.192,False,False,False,0.192,False,-0.1485,False,False,False,False,0,No Significant Anomaly,No Significant Direction,74.5,84.5,False
S158,Compiler Design,F03,22.7,65.1,79.2,72.5,100,False,No_Anomaly,75.67,71.09,1.41,1.41,1.98,73.88,11.06,72.59,10.04,0.236,False,False,False,0.236,False,-0.1329,False,False,False,False,0,No Significant Anomaly,No Significant Direction,66.1,76.1,False
S158,Computer Networks,F01,22.7,65.1,79.2,73.9,100,False,No_Anomaly,75.67,71.09,2.81,2.81,3.95,73.7,9.66,72.72,10.8,0.415,False,False,False,0.415,False,-0.1521,False,False,False,False,0,No Significant Anomaly,No Significant Direction,66.1,76.1,False
S158,Machine Learning,F06,22.7,65.1,79.2,71.3,100,False,No_Anomaly,75.67,71.09,0.21,0.21,0.3,72.75,9.99,72.78,9.96,0.082,False,False,False,0.082,False,-0.1636,False,False,False,False,0,No Significant Anomaly,No Significant Direction,66.1,76.1,False
S158,Software Engineering,F03,22.7,65.1,79.2,72.3,100,False,No_Anomaly,75.67,71.09,1.21,1.21,1.7,73.88,11.06,72.8,10.07,0.21,False,False,False,0.21,False,-0.1443,False,False,False,False,0,No Significant Anomaly,No Significant Direction,66.1,76.1,False
S159,Compiler Design,F04,26.3,77.4,78.6,78.5,100,False,No_Anomaly,87.67,80.72,-2.22,2.22,-2.75,73.24,9.91,72.59,10.04,-0.23,False,False,False,0.23,False,-0.1527,False,False,False,False,0,No Significant Anomaly,No Significant Direction,75.7,85.7,False
S159,Computer Networks,F08,26.3,77.4,78.6,83.4,100,False,No_Anomaly,87.67,80.72,2.68,2.68,3.32,73.65,10.19,72.72,10.8,0.399,False,False,False,0.399,False,-0.1263,False,False,False,False,0,No Significant Anomaly,No Significant Direction,75.7,85.7,False
S159,Machine Learning,F07,26.3,77.4,78.6,79.8,100,False,No_Anomaly,87.67,80.72,-0.92,0.92,-1.14,69.71,10.67,72.78,9.96,-0.063,False,False,False,0.063,False,-0.1024,False,False,False,False,0,No Significant Anomaly,No Significant Direction,75.7,85.7,False
S159,Software Engineering,F05,26.3,77.4,78.6,79.3,100,False,No_Anomaly,87.67,80.72,-1.42,1.42,-1.76,74.08,9.85,72.8,10.07,-0.127,False,False,False,0.127,False,-0.1501,False,False,False,False,0,No Significant Anomaly,No Significant Direction,75.7,85.7,False
S160,Compiler Design,F04,30.0,56.3,82.1,69.8,100,False,No_Anomaly,100.0,74.57,-4.77,4.77,-6.4,73.24,9.91,72.59,10.04,-0.557,False,False,False,0.557,False,-0.1214,False,False,False,False,0,No Significant Anomaly,No Significant Direction,69.6,79.6,False
S160,Computer Networks,F05,30.0,56.3,82.1,76.2,100,False,No_Anomaly,100.0,74.57,1.63,1.63,2.19,74.08,9.85,72.72,10.8,0.264,False,False,False,0.264,False,-0.1056,False,False,False,False,0,No Significant Anomaly,No Significant Direction,69.6,79.6,False
S160,Machine Learning,F01,30.0,56.3,82.1,68.7,100,False,No_Anomaly,100.0,74.57,-5.87,5.87,-7.87,73.7,9.66,72.78,9.96,-0.698,False,False,False,0.698,False,-0.1216,False,False,False,False,0,No Significant Anomaly,No Significant Direction,69.6,79.6,False
S160,Software Engineering,F08,30.0,56.3,82.1,73.4,100,False,No_Anomaly,100.0,74.57,-1.17,1.17,-1.57,73.65,10.19,72.8,10.07,-0.095,False,False,False,0.095,False,-0.1328,False,False,False,False,0,No Significant Anomaly,No Significant Direction,69.6,79.6,False
S161,Compiler Design,F08,22.4,72.7,96.3,75.0,100,False,No_Anomaly,74.67,78.01,-3.01,3.01,-3.86,73.65,10.19,72.59,10.04,-0.331,False,False,False,0.331,False,-0.14,False,False,False,False,0,No Significant Anomaly,No Significant Direction,73.0,83.0,False
S161,Computer Networks,F01,22.4,72.7,96.3,71.1,100,False,No_Anomaly,74.67,78.01,-6.91,6.91,-8.86,73.7,9.66,72.72,10.8,-0.832,False,False,False,0.832,False,-0.1171,False,False,False,False,0,No Significant Anomaly,No Significant Direction,73.0,83.0,False
S161,Machine Learning,F01,22.4,72.7,96.3,75.0,100,False,No_Anomaly,74.67,78.01,-3.01,3.01,-3.86,73.7,9.66,72.78,9.96,-0.331,False,False,False,0.331,False,-0.152,False,False,False,False,0,No Significant Anomaly,No Significant Direction,73.0,83.0,False
S161,Software Engineering,F05,22.4,72.7,96.3,79.8,100,False,No_Anomaly,74.67,78.01,1.79,1.79,2.29,74.08,9.85,72.8,10.07,0.285,False,False,False,0.285,False,-0.1516,False,False,False,False,0,No Significant Anomaly,No Significant Direction,73.0,83.0,False
S162,Compiler Design,F01,21.3,77.0,81.4,70.4,100,False,No_Anomaly,71.0,76.08,-5.68,5.68,-7.47,73.7,9.66,72.59,10.04,-0.674,False,False,False,0.674,False,-0.1501,False,False,False,False,0,No Significant Anomaly,No Significant Direction,71.1,81.1,False
S162,Computer Networks,F06,21.3,77.0,81.4,100.0,100,True,Severe_Overmarking,71.0,76.08,23.92,23.92,31.44,72.75,9.99,72.72,10.8,3.123,True,True,True,3.123,True,0.013,True,True,True,True,4,Strong Review Recommended,Potential Over-marking,71.1,81.1,True
S162,Machine Learning,F03,21.3,77.0,81.4,79.7,100,False,No_Anomaly,71.0,76.08,3.62,3.62,4.76,73.88,11.06,72.78,9.96,0.519,False,False,False,0.519,False,-0.134,False,False,False,False,0,No Significant Anomaly,No Significant Direction,71.1,81.1,False
S162,Software Engineering,F03,21.3,77.0,81.4,67.2,100,False,No_Anomaly,71.0,76.08,-8.88,8.88,-11.67,73.88,11.06,72.8,10.07,-1.084,False,False,False,1.084,False,-0.1056,False,False,False,False,0,No Significant Anomaly,No Significant Direction,71.1,81.1,False
S163,Compiler Design,F08,18.6,60.6,86.3,75.4,100,False,No_Anomaly,62.0,66.16,9.24,9.24,13.97,73.65,10.19,72.59,10.04,1.24,False,False,False,1.24,False,-0.1168,False,False,False,False,0,No Significant Anomaly,No Significant Direction,61.2,71.2,False
S163,Computer Networks,F03,18.6,60.6,86.3,45.8,100,True,Severe_Undermarking,62.0,66.16,-20.36,20.36,-30.77,73.88,11.06,72.72,10.8,-2.557,True,True,True,2.557,True,0.0395,True,True,True,True,4,Strong Review Recommended,Potential Under-marking,61.2,71.2,True
S163,Machine Learning,F02,18.6,60.6,86.3,71.0,100,False,No_Anomaly,62.0,66.16,4.84,4.84,7.32,70.46,9.46,72.78,9.96,0.676,False,False,False,0.676,False,-0.1074,False,False,False,False,0,No Significant Anomaly,No Significant Direction,61.2,71.2,False
S163,Software Engineering,F04,18.6,60.6,86.3,64.0,100,False,No_Anomaly,62.0,66.16,-2.16,2.16,-3.26,73.24,9.91,72.8,10.07,-0.222,False,False,False,0.222,False,-0.164,False,False,False,False,0,No Significant Anomaly,No Significant Direction,61.2,71.2,False
S164,Compiler Design,F02,23.5,78.0,92.9,65.9,100,False,No_Anomaly,78.33,81.08,-15.18,15.18,-18.72,70.46,9.46,72.59,10.04,-1.892,False,False,False,1.892,False,-0.0298,False,False,False,False,0,No Significant Anomaly,Potential Under-marking,76.1,86.1,False
S164,Computer Networks,F05,23.5,78.0,92.9,80.6,100,False,No_Anomaly,78.33,81.08,-0.48,0.48,-0.59,74.08,9.85,72.72,10.8,-0.007,False,False,False,0.007,False,-0.1229,False,False,False,False,0,No Significant Anomaly,No Significant Direction,76.1,86.1,False
S164,Machine Learning,F06,23.5,78.0,92.9,83.6,100,False,No_Anomaly,78.33,81.08,2.52,2.52,3.11,72.75,9.99,72.78,9.96,0.378,False,False,False,0.378,False,-0.1395,False,False,False,False,0,No Significant Anomaly,No Significant Direction,76.1,86.1,False
S164,Software Engineering,F01,23.5,78.0,92.9,82.2,100,False,No_Anomaly,78.33,81.08,1.12,1.12,1.38,73.7,9.66,72.8,10.07,0.199,False,False,False,0.199,False,-0.1463,False,False,False,False,0,No Significant Anomaly,No Significant Direction,76.1,86.1,False
S165,Compiler Design,F03,20.8,66.6,86.5,80.6,100,False,No_Anomaly,69.33,71.4,9.2,9.2,12.89,73.88,11.06,72.59,10.04,1.235,False,False,False,1.235,False,-0.0879,False,False,False,False,0,No Significant Anomaly,No Significant Direction,66.4,76.4,False
S165,Computer Networks,F01,20.8,66.6,86.5,67.6,100,False,No_Anomaly,69.33,71.4,-3.8,3.8,-5.32,73.7,9.66,72.72,10.8,-0.433,False,False,False,0.433,False,-0.1433,False,False,False,False,0,No Significant Anomaly,No Significant Direction,66.4,76.4,False
S165,Machine Learning,F04,20.8,66.6,86.5,67.7,100,False,No_Anomaly,69.33,71.4,-3.7,3.7,-5.18,73.24,9.91,72.78,9.96,-0.42,False,False,False,0.42,False,-0.1692,False,False,False,False,0,No Significant Anomaly,No Significant Direction,66.4,76.4,False
S165,Software Engineering,F01,20.8,66.6,86.5,72.3,100,False,No_Anomaly,69.33,71.4,0.9,0.9,1.26,73.7,9.66,72.8,10.07,0.17,False,False,False,0.17,False,-0.1763,False,False,False,False,0,No Significant Anomaly,No Significant Direction,66.4,76.4,False
S166,Compiler Design,F06,20.7,81.2,63.7,74.4,100,False,No_Anomaly,69.0,74.04,0.36,0.36,0.49,72.75,9.99,72.59,10.04,0.101,False,False,False,0.101,False,-0.1252,False,False,False,False,0,No Significant Anomaly,No Significant Direction,69.0,79.0,False
S166,Computer Networks,F04,20.7,81.2,63.7,67.1,100,False,No_Anomaly,69.0,74.04,-6.94,6.94,-9.37,73.24,9.91,72.72,10.8,-0.835,False,False,False,0.835,False,-0.1077,False,False,False,False,0,No Significant Anomaly,No Significant Direction,69.0,79.0,False
S166,Machine Learning,F04,20.7,81.2,63.7,71.0,100,False,No_Anomaly,69.0,74.04,-3.04,3.04,-4.11,73.24,9.91,72.78,9.96,-0.335,False,False,False,0.335,False,-0.1528,False,False,False,False,0,No Significant Anomaly,No Significant Direction,69.0,79.0,False
S166,Software Engineering,F03,20.7,81.2,63.7,77.6,100,False,No_Anomaly,69.0,74.04,3.56,3.56,4.81,73.88,11.06,72.8,10.07,0.512,False,False,False,0.512,False,-0.1178,False,False,False,False,0,No Significant Anomaly,No Significant Direction,69.0,79.0,False
S167,Compiler Design,F05,27.5,46.1,67.0,63.7,100,False,No_Anomaly,91.67,63.95,-0.25,0.25,-0.39,74.08,9.85,72.59,10.04,0.023,False,False,False,0.023,False,-0.0684,False,False,False,False,0,No Significant Anomaly,No Significant Direction,59.0,69.0,False
S167,Computer Networks,F02,27.5,46.1,67.0,71.6,100,False,No_Anomaly,91.67,63.95,7.65,7.65,11.96,70.46,9.46,72.72,10.8,1.036,False,False,False,1.036,False,-0.0181,False,False,False,False,0,No Significant Anomaly,No Significant Direction,59.0,69.0,False
S167,Machine Learning,F05,27.5,46.1,67.0,65.0,100,False,No_Anomaly,91.67,63.95,1.05,1.05,1.64,74.08,9.85,72.78,9.96,0.19,False,False,False,0.19,False,-0.1014,False,False,False,False,0,No Significant Anomaly,No Significant Direction,59.0,69.0,False
S167,Software Engineering,F07,27.5,46.1,67.0,63.4,100,False,No_Anomaly,91.67,63.95,-0.55,0.55,-0.86,69.71,10.67,72.8,10.07,-0.016,False,False,False,0.016,False,-0.0483,False,False,False,False,0,No Significant Anomaly,No Significant Direction,59.0,69.0,False
S168,Compiler Design,F02,16.0,80.7,74.8,63.9,100,False,No_Anomaly,53.33,71.31,-7.41,7.41,-10.39,70.46,9.46,72.59,10.04,-0.896,False,False,False,0.896,False,-0.0765,False,False,False,False,0,No Significant Anomaly,No Significant Direction,66.3,76.3,False
S168,Computer Networks,F03,16.0,80.7,74.8,71.7,100,False,No_Anomaly,53.33,71.31,0.39,0.39,0.55,73.88,11.06,72.72,10.8,0.105,False,False,False,0.105,False,-0.0932,False,False,False,False,0,No Significant Anomaly,No Significant Direction,66.3,76.3,False
S168,Machine Learning,F01,16.0,80.7,74.8,68.8,100,False,No_Anomaly,53.33,71.31,-2.51,2.51,-3.52,73.7,9.66,72.78,9.96,-0.267,False,False,False,0.267,False,-0.1418,False,False,False,False,0,No Significant Anomaly,No Significant Direction,66.3,76.3,False
S168,Software Engineering,F07,16.0,80.7,74.8,61.3,100,False,No_Anomaly,53.33,71.31,-10.01,10.01,-14.04,69.71,10.67,72.8,10.07,-1.229,False,False,False,1.229,False,-0.0665,False,False,False,False,0,No Significant Anomaly,Potential Under-marking,66.3,76.3,False
S169,Compiler Design,F03,30.0,35.0,76.6,56.7,100,False,No_Anomaly,100.0,62.82,-6.12,6.12,-9.74,73.88,11.06,72.59,10.04,-0.73,False,False,False,0.73,False,-0.0083,False,False,False,False,0,No Significant Anomaly,No Significant Direction,57.8,67.8,False
S169,Computer Networks,F03,30.0,35.0,76.6,59.0,100,False,No_Anomaly,100.0,62.82,-3.82,3.82,-6.08,73.88,11.06,72.72,10.8,-0.435,False,False,False,0.435,False,-0.0074,False,False,False,False,0,No Significant Anomaly,No Significant Direction,57.8,67.8,False
S169,Machine Learning,F06,30.0,35.0,76.6,71.7,100,False,No_Anomaly,100.0,62.82,8.88,8.88,14.14,72.75,9.99,72.78,9.96,1.194,False,False,False,1.194,False,-0.0605,False,False,False,False,0,No Significant Anomaly,No Significant Direction,57.8,67.8,False
S169,Software Engineering,F06,30.0,35.0,76.6,63.8,100,False,No_Anomaly,100.0,62.82,0.98,0.98,1.56,72.75,9.99,72.8,10.07,0.181,False,False,False,0.181,False,-0.0846,False,False,False,False,0,No Significant Anomaly,No Significant Direction,57.8,67.8,False
S170,Compiler Design,F01,23.9,75.2,76.4,73.2,100,False,No_Anomaly,79.67,76.78,-3.58,3.58,-4.66,73.7,9.66,72.59,10.04,-0.404,False,False,False,0.404,False,-0.151,False,False,False,False,0,No Significant Anomaly,No Significant Direction,71.8,81.8,False
S170,Computer Networks,F05,23.9,75.2,76.4,75.2,100,False,No_Anomaly,79.67,76.78,-1.58,1.58,-2.06,74.08,9.85,72.72,10.8,-0.148,False,False,False,0.148,False,-0.1482,False,False,False,False,0,No Significant Anomaly,No Significant Direction,71.8,81.8,False
S170,Machine Learning,F02,23.9,75.2,76.4,71.8,100,False,No_Anomaly,79.67,76.78,-4.98,4.98,-6.49,70.46,9.46,72.78,9.96,-0.584,False,False,False,0.584,False,-0.1306,False,False,False,False,0,No Significant Anomaly,No Significant Direction,71.8,81.8,False
S170,Software Engineering,F05,23.9,75.2,76.4,70.0,100,False,No_Anomaly,79.67,76.78,-6.78,6.78,-8.83,74.08,9.85,72.8,10.07,-0.815,False,False,False,0.815,False,-0.1545,False,False,False,False,0,No Significant Anomaly,No Significant Direction,71.8,81.8,False
S171,Compiler Design,F08,22.4,51.3,79.0,69.4,100,False,No_Anomaly,74.67,63.85,5.55,5.55,8.69,73.65,10.19,72.59,10.04,0.767,False,False,False,0.767,False,-0.119,False,False,False,False,0,No Significant Anomaly,No Significant Direction,58.8,68.8,False
S171,Computer Networks,F01,22.4,51.3,79.0,62.8,100,False,No_Anomaly,74.67,63.85,-1.05,1.05,-1.64,73.7,9.66,72.72,10.8,-0.08,False,False,False,0.08,False,-0.1125,False,False,False,False,0,No Significant Anomaly,No Significant Direction,58.8,68.8,False
S171,Machine Learning,F04,22.4,51.3,79.0,65.8,100,False,No_Anomaly,74.67,63.85,1.95,1.95,3.05,73.24,9.91,72.78,9.96,0.305,False,False,False,0.305,False,-0.1486,False,False,False,False,0,No Significant Anomaly,No Significant Direction,58.8,68.8,False
S171,Software Engineering,F02,22.4,51.3,79.0,73.5,100,False,No_Anomaly,74.67,63.85,9.65,9.65,15.11,70.46,9.46,72.8,10.07,1.293,False,False,False,1.293,False,-0.0704,False,False,False,False,0,No Significant Anomaly,No Significant Direction,58.8,68.8,False
S172,Compiler Design,F07,23.4,69.0,89.9,69.5,100,False,No_Anomaly,78.0,75.88,-6.38,6.38,-8.41,69.71,10.67,72.59,10.04,-0.764,False,False,False,0.764,False,-0.0961,False,False,False,False,0,No Significant Anomaly,No Significant Direction,70.9,80.9,False
S172,Computer Networks,F08,23.4,69.0,89.9,76.1,100,False,No_Anomaly,78.0,75.88,0.22,0.22,0.29,73.65,10.19,72.72,10.8,0.083,False,False,False,0.083,False,-0.1423,False,False,False,False,0,No Significant Anomaly,No Significant Direction,70.9,80.9,False
S172,Machine Learning,F01,23.4,69.0,89.9,69.5,100,False,No_Anomaly,78.0,75.88,-6.38,6.38,-8.41,73.7,9.66,72.78,9.96,-0.764,False,False,False,0.764,False,-0.1588,False,False,False,False,0,No Significant Anomaly,No Significant Direction,70.9,80.9,False
S172,Software Engineering,F02,23.4,69.0,89.9,75.7,100,False,No_Anomaly,78.0,75.88,-0.18,0.18,-0.24,70.46,9.46,72.8,10.07,0.032,False,False,False,0.032,False,-0.1244,False,False,False,False,0,No Significant Anomaly,No Significant Direction,70.9,80.9,False
S173,Compiler Design,F03,25.6,78.0,75.1,74.5,100,False,No_Anomaly,85.33,79.62,-5.12,5.12,-6.43,73.88,11.06,72.59,10.04,-0.602,False,False,False,0.602,False,-0.1012,False,False,False,False,0,No Significant Anomaly,No Significant Direction,74.6,84.6,False
S173,Computer Networks,F06,25.6,78.0,75.1,83.1,100,False,No_Anomaly,85.33,79.62,3.48,3.48,4.37,72.75,9.99,72.72,10.8,0.501,False,False,False,0.501,False,-0.1227,False,False,False,False,0,No Significant Anomaly,No Significant Direction,74.6,84.6,False
S173,Machine Learning,F05,25.6,78.0,75.1,74.7,100,False,No_Anomaly,85.33,79.62,-4.92,4.92,-6.18,74.08,9.85,72.78,9.96,-0.576,False,False,False,0.576,False,-0.1458,False,False,False,False,0,No Significant Anomaly,No Significant Direction,74.6,84.6,False
S173,Software Engineering,F04,25.6,78.0,75.1,83.2,100,False,No_Anomaly,85.33,79.62,3.58,3.58,4.5,73.24,9.91,72.8,10.07,0.514,False,False,False,0.514,False,-0.1536,False,False,False,False,0,No Significant Anomaly,No Significant Direction,74.6,84.6,False
S174,Compiler Design,F05,18.4,89.5,72.3,81.9,100,False,No_Anomaly,61.33,77.61,4.29,4.29,5.53,74.08,9.85,72.59,10.04,0.605,False,False,False,0.605,False,-0.1103,False,False,False,False,0,No Significant Anomaly,No Significant Direction,72.6,82.6,False
S174,Computer Networks,F04,18.4,89.5,72.3,77.8,100,False,No_Anomaly,61.33,77.61,0.19,0.19,0.24,73.24,9.91,72.72,10.8,0.079,False,False,False,0.079,False,-0.1147,False,False,False,False,0,No Significant Anomaly,No Significant Direction,72.6,82.6,False
S174,Machine Learning,F08,18.4,89.5,72.3,84.2,100,False,No_Anomaly,61.33,77.61,6.59,6.59,8.49,73.65,10.19,72.78,9.96,0.9,False,False,False,0.9,False,-0.1076,False,False,False,False,0,No Significant Anomaly,No Significant Direction,72.6,82.6,False
S174,Software Engineering,F05,18.4,89.5,72.3,70.3,100,False,No_Anomaly,61.33,77.61,-7.31,7.31,-9.42,74.08,9.85,72.8,10.07,-0.883,False,False,False,0.883,False,-0.1152,False,False,False,False,0,No Significant Anomaly,No Significant Direction,72.6,82.6,False
S175,Compiler Design,F03,27.6,86.0,80.1,90.0,100,False,No_Anomaly,92.0,86.62,3.38,3.38,3.9,73.88,11.06,72.59,10.04,0.489,False,False,False,0.489,False,-0.0629,False,False,False,False,0,No Significant Anomaly,No Significant Direction,81.6,91.6,False
S175,Computer Networks,F05,27.6,86.0,80.1,86.5,100,False,No_Anomaly,92.0,86.62,-0.12,0.12,-0.14,74.08,9.85,72.72,10.8,0.04,False,False,False,0.04,False,-0.0807,False,False,False,False,0,No Significant Anomaly,No Significant Direction,81.6,91.6,False
S175,Machine Learning,F04,27.6,86.0,80.1,80.1,100,False,No_Anomaly,92.0,86.62,-6.52,6.52,-7.53,73.24,9.91,72.78,9.96,-0.781,False,False,False,0.781,False,-0.1033,False,False,False,False,0,No Significant Anomaly,No Significant Direction,81.6,91.6,False
S175,Software Engineering,F04,27.6,86.0,80.1,91.5,100,False,No_Anomaly,92.0,86.62,4.88,4.88,5.63,73.24,9.91,72.8,10.07,0.681,False,False,False,0.681,False,-0.1045,False,False,False,False,0,No Significant Anomaly,No Significant Direction,81.6,91.6,False
S176,Compiler Design,F08,22.5,64.7,96.6,75.0,100,False,No_Anomaly,75.0,74.17,0.83,0.83,1.12,73.65,10.19,72.59,10.04,0.161,False,False,False,0.161,False,-0.1416,False,False,False,False,0,No Significant Anomaly,No Significant Direction,69.2,79.2,False
S176,Computer Networks,F04,22.5,64.7,96.6,69.3,100,False,No_Anomaly,75.0,74.17,-4.87,4.87,-6.57,73.24,9.91,72.72,10.8,-0.57,False,False,False,0.57,False,-0.1309,False,False,False,False,0,No Significant Anomaly,No Significant Direction,69.2,79.2,False
S176,Machine Learning,F04,22.5,64.7,96.6,71.6,100,False,No_Anomaly,75.0,74.17,-2.57,2.57,-3.47,73.24,9.91,72.78,9.96,-0.275,False,False,False,0.275,False,-0.1587,False,False,False,False,0,No Significant Anomaly,No Significant Direction,69.2,79.2,False
S176,Software Engineering,F06,22.5,64.7,96.6,75.1,100,False,No_Anomaly,75.0,74.17,0.93,0.93,1.25,72.75,9.99,72.8,10.07,0.174,False,False,False,0.174,False,-0.1566,False,False,False,False,0,No Significant Anomaly,No Significant Direction,69.2,79.2,False
S177,Compiler Design,F01,20.6,73.1,97.6,72.8,100,False,No_Anomaly,68.67,76.67,-3.87,3.87,-5.05,73.7,9.66,72.59,10.04,-0.442,False,False,False,0.442,False,-0.1282,False,False,False,False,0,No Significant Anomaly,No Significant Direction,71.7,81.7,False
S177,Computer Networks,F01,20.6,73.1,97.6,74.6,100,False,No_Anomaly,68.67,76.67,-2.07,2.07,-2.7,73.7,9.66,72.72,10.8,-0.211,False,False,False,0.211,False,-0.1328,False,False,False,False,0,No Significant Anomaly,No Significant Direction,71.7,81.7,False
S177,Machine Learning,F06,20.6,73.1,97.6,80.1,100,False,No_Anomaly,68.67,76.67,3.43,3.43,4.47,72.75,9.99,72.78,9.96,0.495,False,False,False,0.495,False,-0.1382,False,False,False,False,0,No Significant Anomaly,No Significant Direction,71.7,81.7,False
S177,Software Engineering,F03,20.6,73.1,97.6,74.0,100,False,No_Anomaly,68.67,76.67,-2.67,2.67,-3.48,73.88,11.06,72.8,10.07,-0.288,False,False,False,0.288,False,-0.1192,False,False,False,False,0,No Significant Anomaly,No Significant Direction,71.7,81.7,False
S178,Compiler Design,F01,23.8,58.7,77.5,62.0,100,False,No_Anomaly,79.33,68.65,-6.65,6.65,-9.69,73.7,9.66,72.59,10.04,-0.798,False,False,False,0.798,False,-0.1254,False,False,False,False,0,No Significant Anomaly,No Significant Direction,63.6,73.6,False
S178,Computer Networks,F02,23.8,58.7,77.5,71.3,100,False,No_Anomaly,79.33,68.65,2.65,2.65,3.86,70.46,9.46,72.72,10.8,0.395,False,False,False,0.395,False,-0.0936,False,False,False,False,0,No Significant Anomaly,No Significant Direction,63.6,73.6,False
S178,Machine Learning,F03,23.8,58.7,77.5,67.4,100,False,No_Anomaly,79.33,68.65,-1.25,1.25,-1.82,73.88,11.06,72.78,9.96,-0.105,False,False,False,0.105,False,-0.1292,False,False,False,False,0,No Significant Anomaly,No Significant Direction,63.6,73.6,False
S178,Software Engineering,F02,23.8,58.7,77.5,78.2,100,False,No_Anomaly,79.33,68.65,9.55,9.55,13.91,70.46,9.46,72.8,10.07,1.28,False,False,False,1.28,False,-0.0813,False,False,False,False,0,No Significant Anomaly,No Significant Direction,63.6,73.6,False
S179,Compiler Design,F05,19.8,51.2,88.4,75.4,100,False,No_Anomaly,66.0,63.08,12.32,12.32,19.53,74.08,9.85,72.59,10.04,1.635,False,False,False,1.635,False,-0.0644,False,False,False,False,0,No Significant Anomaly,Potential Over-marking,58.1,68.1,False
S179,Computer Networks,F04,19.8,51.2,88.4,66.0,100,False,No_Anomaly,66.0,63.08,2.92,2.92,4.63,73.24,9.91,72.72,10.8,0.429,False,False,False,0.429,False,-0.1215,False,False,False,False,0,No Significant Anomaly,No Significant Direction,58.1,68.1,False
S179,Machine Learning,F03,19.8,51.2,88.4,63.4,100,False,No_Anomaly,66.0,63.08,0.32,0.32,0.51,73.88,11.06,72.78,9.96,0.096,False,False,False,0.096,False,-0.0941,False,False,False,False,0,No Significant Anomaly,No Significant Direction,58.1,68.1,False
S179,Software Engineering,F04,19.8,51.2,88.4,69.3,100,False,No_Anomaly,66.0,63.08,6.22,6.22,9.86,73.24,9.91,72.8,10.07,0.853,False,False,False,0.853,False,-0.1331,False,False,False,False,0,No Significant Anomaly,No Significant Direction,58.1,68.1,False
S180,Compiler Design,F05,18.9,83.8,58.1,76.7,100,False,No_Anomaly,63.0,72.42,4.28,4.28,5.91,74.08,9.85,72.59,10.04,0.604,False,False,False,0.604,False,-0.0947,False,False,False,False,0,No Significant Anomaly,No Significant Direction,67.4,77.4,False
S180,Computer Networks,F07,18.9,83.8,58.1,63.4,100,False,No_Anomaly,63.0,72.42,-9.02,9.02,-12.46,69.71,10.67,72.72,10.8,-1.102,False,False,False,1.102,False,-0.0245,False,False,False,False,0,No Significant Anomaly,No Significant Direction,67.4,77.4,False
S180,Machine Learning,F05,18.9,83.8,58.1,75.1,100,False,No_Anomaly,63.0,72.42,2.68,2.68,3.7,74.08,9.85,72.78,9.96,0.399,False,False,False,0.399,False,-0.1204,False,False,False,False,0,No Significant Anomaly,No Significant Direction,67.4,77.4,False
S180,Software Engineering,F04,18.9,83.8,58.1,67.8,100,False,No_Anomaly,63.0,72.42,-4.62,4.62,-6.38,73.24,9.91,72.8,10.07,-0.538,False,False,False,0.538,False,-0.1246,False,False,False,False,0,No Significant Anomaly,No Significant Direction,67.4,77.4,False
S181,Compiler Design,F06,23.0,49.8,73.7,62.6,100,False,No_Anomaly,76.67,62.64,-0.04,0.04,-0.06,72.75,9.99,72.59,10.04,0.05,False,False,False,0.05,False,-0.1012,False,False,False,False,0,No Significant Anomaly,No Significant Direction,57.6,67.6,False
S181,Computer Networks,F06,23.0,49.8,73.7,59.8,100,False,No_Anomaly,76.67,62.64,-2.84,2.84,-4.53,72.75,9.99,72.72,10.8,-0.309,False,False,False,0.309,False,-0.0995,False,False,False,False,0,No Significant Anomaly,No Significant Direction,57.6,67.6,False
S181,Machine Learning,F04,23.0,49.8,73.7,59.2,100,False,No_Anomaly,76.67,62.64,-3.44,3.44,-5.49,73.24,9.91,72.78,9.96,-0.386,False,False,False,0.386,False,-0.1276,False,False,False,False,0,No Significant Anomaly,No Significant Direction,57.6,67.6,False
S181,Software Engineering,F01,23.0,49.8,73.7,61.8,100,False,No_Anomaly,76.67,62.64,-0.84,0.84,-1.34,73.7,9.66,72.8,10.07,-0.053,False,False,False,0.053,False,-0.1272,False,False,False,False,0,No Significant Anomaly,No Significant Direction,57.6,67.6,False
S182,Compiler Design,F04,21.4,67.8,79.5,72.6,100,False,No_Anomaly,71.33,71.2,1.4,1.4,1.97,73.24,9.91,72.59,10.04,0.235,False,False,False,0.235,False,-0.1632,False,False,False,False,0,No Significant Anomaly,No Significant Direction,66.2,76.2,False
S182,Computer Networks,F05,21.4,67.8,79.5,75.2,100,False,No_Anomaly,71.33,71.2,4.0,4.0,5.62,74.08,9.85,72.72,10.8,0.568,False,False,False,0.568,False,-0.145,False,False,False,False,0,No Significant Anomaly,No Significant Direction,66.2,76.2,False
S182,Machine Learning,F07,21.4,67.8,79.5,66.9,100,False,No_Anomaly,71.33,71.2,-4.3,4.3,-6.04,69.71,10.67,72.78,9.96,-0.497,False,False,False,0.497,False,-0.1213,False,False,False,False,0,No Significant Anomaly,No Significant Direction,66.2,76.2,False
S182,Software Engineering,F04,21.4,67.8,79.5,74.5,100,False,No_Anomaly,71.33,71.2,3.3,3.3,4.63,73.24,9.91,72.8,10.07,0.478,False,False,False,0.478,False,-0.1787,False,False,False,False,0,No Significant Anomaly,No Significant Direction,66.2,76.2,False
S183,Compiler Design,F04,24.8,72.4,71.9,72.6,100,False,No_Anomaly,82.67,75.38,-2.78,2.78,-3.69,73.24,9.91,72.59,10.04,-0.302,False,False,False,0.302,False,-0.1552,False,False,False,False,0,No Significant Anomaly,No Significant Direction,70.4,80.4,False
S183,Computer Networks,F06,24.8,72.4,71.9,75.0,100,False,No_Anomaly,82.67,75.38,-0.38,0.38,-0.5,72.75,9.99,72.72,10.8,0.006,False,False,False,0.006,False,-0.1381,False,False,False,False,0,No Significant Anomaly,No Significant Direction,70.4,80.4,False
S183,Machine Learning,F05,24.8,72.4,71.9,77.8,100,False,No_Anomaly,82.67,75.38,2.42,2.42,3.21,74.08,9.85,72.78,9.96,0.365,False,False,False,0.365,False,-0.1579,False,False,False,False,0,No Significant Anomaly,No Significant Direction,70.4,80.4,False
S183,Software Engineering,F01,24.8,72.4,71.9,73.7,100,False,No_Anomaly,82.67,75.38,-1.68,1.68,-2.23,73.7,9.66,72.8,10.07,-0.161,False,False,False,0.161,False,-0.1637,False,False,False,False,0,No Significant Anomaly,No Significant Direction,70.4,80.4,False
S184,Compiler Design,F08,24.2,78.0,85.9,85.6,100,False,No_Anomaly,80.67,80.38,5.22,5.22,6.49,73.65,10.19,72.59,10.04,0.725,False,False,False,0.725,False,-0.1299,False,False,False,False,0,No Significant Anomaly,No Significant Direction,75.4,85.4,False
S184,Computer Networks,F03,24.2,78.0,85.9,78.1,100,False,No_Anomaly,80.67,80.38,-2.28,2.28,-2.84,73.88,11.06,72.72,10.8,-0.238,False,False,False,0.238,False,-0.1008,False,False,False,False,0,No Significant Anomaly,No Significant Direction,75.4,85.4,False
S184,Machine Learning,F02,24.2,78.0,85.9,72.5,100,False,No_Anomaly,80.67,80.38,-7.88,7.88,-9.8,70.46,9.46,72.78,9.96,-0.956,False,False,False,0.956,False,-0.1111,False,False,False,False,0,No Significant Anomaly,No Significant Direction,75.4,85.4,False
S184,Software Engineering,F06,24.2,78.0,85.9,80.2,100,False,No_Anomaly,80.67,80.38,-0.18,0.18,-0.22,72.75,9.99,72.8,10.07,0.032,False,False,False,0.032,False,-0.1519,False,False,False,False,0,No Significant Anomaly,No Significant Direction,75.4,85.4,False
S185,Compiler Design,F01,21.7,73.6,100.0,69.8,100,False,No_Anomaly,72.33,78.5,-8.7,8.7,-11.08,73.7,9.66,72.59,10.04,-1.061,False,False,False,1.061,False,-0.099,False,False,False,False,0,No Significant Anomaly,No Significant Direction,73.5,83.5,False
S185,Computer Networks,F06,21.7,73.6,100.0,74.4,100,False,No_Anomaly,72.33,78.5,-4.1,4.1,-5.22,72.75,9.99,72.72,10.8,-0.471,False,False,False,0.471,False,-0.1135,False,False,False,False,0,No Significant Anomaly,No Significant Direction,73.5,83.5,False
S185,Machine Learning,F08,21.7,73.6,100.0,75.6,100,False,No_Anomaly,72.33,78.5,-2.9,2.9,-3.69,73.65,10.19,72.78,9.96,-0.317,False,False,False,0.317,False,-0.146,False,False,False,False,0,No Significant Anomaly,No Significant Direction,73.5,83.5,False
S185,Software Engineering,F05,21.7,73.6,100.0,79.5,100,False,No_Anomaly,72.33,78.5,1.0,1.0,1.27,74.08,9.85,72.8,10.07,0.183,False,False,False,0.183,False,-0.1426,False,False,False,False,0,No Significant Anomaly,No Significant Direction,73.5,83.5,False
S186,Compiler Design,F02,17.9,66.3,74.5,66.0,100,False,No_Anomaly,59.67,65.95,0.05,0.05,0.08,70.46,9.46,72.59,10.04,0.061,False,False,False,0.061,False,-0.0871,False,False,False,False,0,No Significant Anomaly,No Significant Direction,61.0,71.0,False
S186,Computer Networks,F06,17.9,66.3,74.5,55.2,100,False,No_Anomaly,59.67,65.95,-10.75,10.75,-16.3,72.75,9.99,72.72,10.8,-1.324,False,False,False,1.324,False,-0.0615,False,False,False,False,0,No Significant Anomaly,Potential Under-marking,61.0,71.0,False
S186,Machine Learning,F07,17.9,66.3,74.5,59.9,100,False,No_Anomaly,59.67,65.95,-6.05,6.05,-9.17,69.71,10.67,72.78,9.96,-0.721,False,False,False,0.721,False,-0.0872,False,False,False,False,0,No Significant Anomaly,No Significant Direction,61.0,71.0,False
S186,Software Engineering,F06,17.9,66.3,74.5,68.9,100,False,No_Anomaly,59.67,65.95,2.95,2.95,4.47,72.75,9.99,72.8,10.07,0.433,False,False,False,0.433,False,-0.1527,False,False,False,False,0,No Significant Anomaly,No Significant Direction,61.0,71.0,False
S187,Compiler Design,F05,21.7,55.1,73.1,67.5,100,False,No_Anomaly,72.33,63.87,3.63,3.63,5.68,74.08,9.85,72.59,10.04,0.521,False,False,False,0.521,False,-0.1244,False,False,False,False,0,No Significant Anomaly,No Significant Direction,58.9,68.9,False
S187,Computer Networks,F05,21.7,55.1,73.1,62.7,100,False,No_Anomaly,72.33,63.87,-1.17,1.17,-1.83,74.08,9.85,72.72,10.8,-0.095,False,False,False,0.095,False,-0.1125,False,False,False,False,0,No Significant Anomaly,No Significant Direction,58.9,68.9,False
S187,Machine Learning,F01,21.7,55.1,73.1,69.6,100,False,No_Anomaly,72.33,63.87,5.73,5.73,8.97,73.7,9.66,72.78,9.96,0.79,False,False,False,0.79,False,-0.1356,False,False,False,False,0,No Significant Anomaly,No Significant Direction,58.9,68.9,False
S187,Software Engineering,F03,21.7,55.1,73.1,64.8,100,False,No_Anomaly,72.33,63.87,0.93,0.93,1.46,73.88,11.06,72.8,10.07,0.174,False,False,False,0.174,False,-0.1136,False,False,False,False,0,No Significant Anomaly,No Significant Direction,58.9,68.9,False
S188,Compiler Design,F04,18.9,74.0,82.5,72.3,100,False,No_Anomaly,63.0,72.4,-0.1,0.1,-0.14,73.24,9.91,72.59,10.04,0.042,False,False,False,0.042,False,-0.1521,False,False,False,False,0,No Significant Anomaly,No Significant Direction,67.4,77.4,False
S188,Computer Networks,F08,18.9,74.0,82.5,100.0,100,True,Severe_Overmarking,63.0,72.4,27.6,27.6,38.12,73.65,10.19,72.72,10.8,3.596,True,True,True,3.596,True,0.0263,True,True,True,True,4,Strong Review Recommended,Potential Over-marking,67.4,77.4,True
S188,Machine Learning,F01,18.9,74.0,82.5,76.9,100,False,No_Anomaly,63.0,72.4,4.5,4.5,6.22,73.7,9.66,72.78,9.96,0.632,False,False,False,0.632,False,-0.1588,False,False,False,False,0,No Significant Anomaly,No Significant Direction,67.4,77.4,False
S188,Software Engineering,F07,18.9,74.0,82.5,73.7,100,False,No_Anomaly,63.0,72.4,1.3,1.3,1.8,69.71,10.67,72.8,10.07,0.222,False,False,False,0.222,False,-0.1228,False,False,False,False,0,No Significant Anomaly,No Significant Direction,67.4,77.4,False
S189,Compiler Design,F02,21.4,80.8,89.4,73.0,100,False,No_Anomaly,71.33,79.68,-6.68,6.68,-8.38,70.46,9.46,72.59,10.04,-0.802,False,False,False,0.802,False,-0.0903,False,False,False,False,0,No Significant Anomaly,No Significant Direction,74.7,84.7,False
S189,Computer Networks,F07,21.4,80.8,89.4,100.0,100,True,Severe_Overmarking,71.33,79.68,20.32,20.32,25.5,69.71,10.67,72.72,10.8,2.662,True,True,True,2.662,True,0.039,True,True,True,True,4,Strong Review Recommended,Potential Over-marking,74.7,84.7,True
S189,Machine Learning,F08,21.4,80.8,89.4,79.1,100,False,No_Anomaly,71.33,79.68,-0.58,0.58,-0.73,73.65,10.19,72.78,9.96,-0.019,False,False,False,0.019,False,-0.1511,False,False,False,False,0,No Significant Anomaly,No Significant Direction,74.7,84.7,False
S189,Software Engineering,F04,21.4,80.8,89.4,100.0,100,True,Severe_Overmarking,71.33,79.68,20.32,20.32,25.5,73.24,9.91,72.8,10.07,2.662,True,True,True,2.662,False,-0.028,True,True,False,True,3,Strong Review Recommended,Potential Over-marking,74.7,84.7,True
S190,Compiler Design,F06,22.8,62.2,87.5,77.2,100,False,No_Anomaly,76.0,71.4,5.8,5.8,8.12,72.75,9.99,72.59,10.04,0.799,False,False,False,0.799,False,-0.1351,False,False,False,False,0,No Significant Anomaly,No Significant Direction,66.4,76.4,False
S190,Computer Networks,F08,22.8,62.2,87.5,67.0,100,False,No_Anomaly,76.0,71.4,-4.4,4.4,-6.16,73.65,10.19,72.72,10.8,-0.51,False,False,False,0.51,False,-0.1352,False,False,False,False,0,No Significant Anomaly,No Significant Direction,66.4,76.4,False
S190,Machine Learning,F05,22.8,62.2,87.5,67.2,100,False,No_Anomaly,76.0,71.4,-4.2,4.2,-5.88,74.08,9.85,72.78,9.96,-0.484,False,False,False,0.484,False,-0.1524,False,False,False,False,0,No Significant Anomaly,No Significant Direction,66.4,76.4,False
S190,Software Engineering,F05,22.8,62.2,87.5,69.8,100,False,No_Anomaly,76.0,71.4,-1.6,1.6,-2.24,74.08,9.85,72.8,10.07,-0.15,False,False,False,0.15,False,-0.1631,False,False,False,False,0,No Significant Anomaly,No Significant Direction,66.4,76.4,False
S191,Compiler Design,F03,23.0,52.6,81.3,69.0,100,False,No_Anomaly,76.67,65.56,3.44,3.44,5.25,73.88,11.06,72.59,10.04,0.496,False,False,False,0.496,False,-0.1,False,False,False,False,0,No Significant Anomaly,No Significant Direction,60.6,70.6,False
S191,Computer Networks,F02,23.0,52.6,81.3,94.7,100,True,Severe_Overmarking,76.67,65.56,29.14,29.14,44.45,70.46,9.46,72.72,10.8,3.793,True,True,True,3.793,True,0.0989,True,True,True,True,4,Strong Review Recommended,Potential Over-marking,60.6,70.6,True
S191,Machine Learning,F01,23.0,52.6,81.3,68.1,100,False,No_Anomaly,76.67,65.56,2.54,2.54,3.87,73.7,9.66,72.78,9.96,0.381,False,False,False,0.381,False,-0.1464,False,False,False,False,0,No Significant Anomaly,No Significant Direction,60.6,70.6,False
S191,Software Engineering,F08,23.0,52.6,81.3,77.1,100,False,No_Anomaly,76.67,65.56,11.54,11.54,17.6,73.65,10.19,72.8,10.07,1.535,False,False,False,1.535,False,-0.095,False,False,False,False,0,No Significant Anomaly,Potential Over-marking,60.6,70.6,False
S192,Compiler Design,F05,16.2,59.2,83.9,65.9,100,False,No_Anomaly,54.0,62.58,3.32,3.32,5.31,74.08,9.85,72.59,10.04,0.481,False,False,False,0.481,False,-0.1163,False,False,False,False,0,No Significant Anomaly,No Significant Direction,57.6,67.6,False
S192,Computer Networks,F07,16.2,59.2,83.9,61.7,100,False,No_Anomaly,54.0,62.58,-0.88,0.88,-1.41,69.71,10.67,72.72,10.8,-0.058,False,False,False,0.058,False,-0.0543,False,False,False,False,0,No Significant Anomaly,No Significant Direction,57.6,67.6,False
S192,Machine Learning,F08,16.2,59.2,83.9,68.5,100,False,No_Anomaly,54.0,62.58,5.92,5.92,9.46,73.65,10.19,72.78,9.96,0.814,False,False,False,0.814,False,-0.1275,False,False,False,False,0,No Significant Anomaly,No Significant Direction,57.6,67.6,False
S192,Software Engineering,F07,16.2,59.2,83.9,72.0,100,False,No_Anomaly,54.0,62.58,9.42,9.42,15.05,69.71,10.67,72.8,10.07,1.263,False,False,False,1.263,False,-0.0557,False,False,False,False,0,No Significant Anomaly,No Significant Direction,57.6,67.6,False
S193,Compiler Design,F03,21.0,86.0,94.5,82.9,100,False,No_Anomaly,70.0,82.9,0.0,0.0,0.0,73.88,11.06,72.59,10.04,0.055,False,False,False,0.055,False,-0.0901,False,False,False,False,0,No Significant Anomaly,No Significant Direction,77.9,87.9,False
S193,Computer Networks,F02,21.0,86.0,94.5,80.0,100,False,No_Anomaly,70.0,82.9,-2.9,2.9,-3.5,70.46,9.46,72.72,10.8,-0.317,False,False,False,0.317,False,-0.0638,False,False,False,False,0,No Significant Anomaly,No Significant Direction,77.9,87.9,False
S193,Machine Learning,F04,21.0,86.0,94.5,80.9,100,False,No_Anomaly,70.0,82.9,-2.0,2.0,-2.41,73.24,9.91,72.78,9.96,-0.202,False,False,False,0.202,False,-0.1294,False,False,False,False,0,No Significant Anomaly,No Significant Direction,77.9,87.9,False
S193,Software Engineering,F03,21.0,86.0,94.5,90.3,100,False,No_Anomaly,70.0,82.9,7.4,7.4,8.93,73.88,11.06,72.8,10.07,1.004,False,False,False,1.004,False,-0.0602,False,False,False,False,0,No Significant Anomaly,No Significant Direction,77.9,87.9,False
S194,Compiler Design,F05,17.4,74.4,57.9,70.9,100,False,No_Anomaly,58.0,66.18,4.72,4.72,7.13,74.08,9.85,72.59,10.04,0.66,False,False,False,0.66,False,-0.0858,False,False,False,False,0,No Significant Anomaly,No Significant Direction,61.2,71.2,False
S194,Computer Networks,F08,17.4,74.4,57.9,64.2,100,False,No_Anomaly,58.0,66.18,-1.98,1.98,-2.99,73.65,10.19,72.72,10.8,-0.199,False,False,False,0.199,False,-0.0977,False,False,False,False,0,No Significant Anomaly,No Significant Direction,61.2,71.2,False
S194,Machine Learning,F01,17.4,74.4,57.9,66.0,100,False,No_Anomaly,58.0,66.18,-0.18,0.18,-0.27,73.7,9.66,72.78,9.96,0.032,False,False,False,0.032,False,-0.1088,False,False,False,False,0,No Significant Anomaly,No Significant Direction,61.2,71.2,False
S194,Software Engineering,F04,17.4,74.4,57.9,72.1,100,False,No_Anomaly,58.0,66.18,5.92,5.92,8.95,73.24,9.91,72.8,10.07,0.814,False,False,False,0.814,False,-0.1125,False,False,False,False,0,No Significant Anomaly,No Significant Direction,61.2,71.2,False
S195,Compiler Design,F01,24.9,66.5,71.3,72.6,100,False,No_Anomaly,83.0,72.41,0.19,0.19,0.26,73.7,9.66,72.59,10.04,0.079,False,False,False,0.079,False,-0.139,False,False,False,False,0,No Significant Anomaly,No Significant Direction,67.4,77.4,False
S195,Computer Networks,F06,24.9,66.5,71.3,73.2,100,False,No_Anomaly,83.0,72.41,0.79,0.79,1.09,72.75,9.99,72.72,10.8,0.156,False,False,False,0.156,False,-0.139,False,False,False,False,0,No Significant Anomaly,No Significant Direction,67.4,77.4,False
S195,Machine Learning,F07,24.9,66.5,71.3,75.2,100,False,No_Anomaly,83.0,72.41,2.79,2.79,3.85,69.71,10.67,72.78,9.96,0.413,False,False,False,0.413,False,-0.1109,False,False,False,False,0,No Significant Anomaly,No Significant Direction,67.4,77.4,False
S195,Software Engineering,F06,24.9,66.5,71.3,66.0,100,False,No_Anomaly,83.0,72.41,-6.41,6.41,-8.85,72.75,9.99,72.8,10.07,-0.767,False,False,False,0.767,False,-0.1475,False,False,False,False,0,No Significant Anomaly,No Significant Direction,67.4,77.4,False
S196,Compiler Design,F07,18.7,94.0,70.2,78.0,100,False,No_Anomaly,62.33,79.74,-1.74,1.74,-2.18,69.71,10.67,72.59,10.04,-0.168,False,False,False,0.168,False,-0.0598,False,False,False,False,0,No Significant Anomaly,No Significant Direction,74.7,84.7,False
S196,Computer Networks,F04,18.7,94.0,70.2,84.7,100,False,No_Anomaly,62.33,79.74,4.96,4.96,6.22,73.24,9.91,72.72,10.8,0.691,False,False,False,0.691,False,-0.0884,False,False,False,False,0,No Significant Anomaly,No Significant Direction,74.7,84.7,False
S196,Machine Learning,F05,18.7,94.0,70.2,81.0,100,False,No_Anomaly,62.33,79.74,1.26,1.26,1.58,74.08,9.85,72.78,9.96,0.217,False,False,False,0.217,False,-0.1093,False,False,False,False,0,No Significant Anomaly,No Significant Direction,74.7,84.7,False
S196,Software Engineering,F07,18.7,94.0,70.2,68.0,100,False,No_Anomaly,62.33,79.74,-11.74,11.74,-14.72,69.71,10.67,72.8,10.07,-1.451,False,False,False,1.451,False,-0.0349,False,False,False,False,0,No Significant Anomaly,Potential Under-marking,74.7,84.7,False
S197,Compiler Design,F08,17.1,72.8,98.1,70.3,100,False,No_Anomaly,57.0,73.12,-2.82,2.82,-3.86,73.65,10.19,72.59,10.04,-0.307,False,False,False,0.307,False,-0.122,False,False,False,False,0,No Significant Anomaly,No Significant Direction,68.1,78.1,False
S197,Computer Networks,F08,17.1,72.8,98.1,78.6,100,False,No_Anomaly,57.0,73.12,5.48,5.48,7.49,73.65,10.19,72.72,10.8,0.758,False,False,False,0.758,False,-0.099,False,False,False,False,0,No Significant Anomaly,No Significant Direction,68.1,78.1,False
S197,Machine Learning,F08,17.1,72.8,98.1,74.0,100,False,No_Anomaly,57.0,73.12,0.88,0.88,1.2,73.65,10.19,72.78,9.96,0.168,False,False,False,0.168,False,-0.1411,False,False,False,False,0,No Significant Anomaly,No Significant Direction,68.1,78.1,False
S197,Software Engineering,F08,17.1,72.8,98.1,68.1,100,False,No_Anomaly,57.0,73.12,-5.02,5.02,-6.87,73.65,10.19,72.8,10.07,-0.589,False,False,False,0.589,False,-0.13,False,False,False,False,0,No Significant Anomaly,No Significant Direction,68.1,78.1,False
S198,Compiler Design,F08,15.4,73.0,100.0,80.0,100,False,No_Anomaly,51.33,71.9,8.1,8.1,11.27,73.65,10.19,72.59,10.04,1.094,False,False,False,1.094,False,-0.0797,False,False,False,False,0,No Significant Anomaly,No Significant Direction,66.9,76.9,False
S198,Computer Networks,F06,15.4,73.0,100.0,72.1,100,False,No_Anomaly,51.33,71.9,0.2,0.2,0.28,72.75,9.99,72.72,10.8,0.081,False,False,False,0.081,False,-0.096,False,False,False,False,0,No Significant Anomaly,No Significant Direction,66.9,76.9,False
S198,Machine Learning,F01,15.4,73.0,100.0,82.2,100,False,No_Anomaly,51.33,71.9,10.3,10.3,14.33,73.7,9.66,72.78,9.96,1.376,False,False,False,1.376,False,-0.0709,False,False,False,False,0,No Significant Anomaly,Potential Over-marking,66.9,76.9,False
S198,Software Engineering,F05,15.4,73.0,100.0,72.3,100,False,No_Anomaly,51.33,71.9,0.4,0.4,0.56,74.08,9.85,72.8,10.07,0.106,False,False,False,0.106,False,-0.1225,False,False,False,False,0,No Significant Anomaly,No Significant Direction,66.9,76.9,False
S199,Compiler Design,F05,19.9,54.6,77.8,67.1,100,False,No_Anomaly,66.33,62.76,4.34,4.34,6.92,74.08,9.85,72.59,10.04,0.612,False,False,False,0.612,False,-0.1233,False,False,False,False,0,No Significant Anomaly,No Significant Direction,57.8,67.8,False
S199,Computer Networks,F03,19.9,54.6,77.8,56.5,100,False,No_Anomaly,66.33,62.76,-6.26,6.26,-9.97,73.88,11.06,72.72,10.8,-0.748,False,False,False,0.748,False,-0.0524,False,False,False,False,0,No Significant Anomaly,No Significant Direction,57.8,67.8,False
S199,Machine Learning,F08,19.9,54.6,77.8,60.7,100,False,No_Anomaly,66.33,62.76,-2.06,2.06,-3.28,73.65,10.19,72.78,9.96,-0.209,False,False,False,0.209,False,-0.1376,False,False,False,False,0,No Significant Anomaly,No Significant Direction,57.8,67.8,False
S199,Software Engineering,F07,19.9,54.6,77.8,87.3,100,True,Severe_Overmarking,66.33,62.76,24.54,24.54,39.1,69.71,10.67,72.8,10.07,3.203,True,True,True,3.203,True,0.036,True,True,True,True,4,Strong Review Recommended,Potential Over-marking,57.8,67.8,True
S200,Compiler Design,F06,14.9,79.8,84.4,71.9,100,False,No_Anomaly,49.67,71.68,0.22,0.22,0.31,72.75,9.99,72.59,10.04,0.083,False,False,False,0.083,False,-0.1263,False,False,False,False,0,No Significant Anomaly,No Significant Direction,66.7,76.7,False
S200,Computer Networks,F04,14.9,79.8,84.4,72.5,100,False,No_Anomaly,49.67,71.68,0.82,0.82,1.14,73.24,9.91,72.72,10.8,0.16,False,False,False,0.16,False,-0.13,False,False,False,False,0,No Significant Anomaly,No Significant Direction,66.7,76.7,False
S200,Machine Learning,F07,14.9,79.8,84.4,65.7,100,False,No_Anomaly,49.67,71.68,-5.98,5.98,-8.34,69.71,10.67,72.78,9.96,-0.712,False,False,False,0.712,False,-0.0785,False,False,False,False,0,No Significant Anomaly,No Significant Direction,66.7,76.7,False
S200,Software Engineering,F01,14.9,79.8,84.4,96.8,100,True,Severe_Overmarking,49.67,71.68,25.12,25.12,35.04,73.7,9.66,72.8,10.07,3.277,True,True,True,3.277,True,0.0101,True,True,True,True,4,Strong Review Recommended,Potential Over-marking,66.7,76.7,True
S201,Compiler Design,F05,27.1,76.2,76.2,78.2,100,False,No_Anomaly,90.33,80.44,-2.24,2.24,-2.78,74.08,9.85,72.59,10.04,-0.232,False,False,False,0.232,False,-0.136,False,False,False,False,0,No Significant Anomaly,No Significant Direction,75.4,85.4,False
S201,Computer Networks,F03,27.1,76.2,76.2,72.7,100,False,No_Anomaly,90.33,80.44,-7.74,7.74,-9.62,73.88,11.06,72.72,10.8,-0.938,False,False,False,0.938,False,-0.0633,False,False,False,False,0,No Significant Anomaly,No Significant Direction,75.4,85.4,False
S201,Machine Learning,F05,27.1,76.2,76.2,75.9,100,False,No_Anomaly,90.33,80.44,-4.54,4.54,-5.64,74.08,9.85,72.78,9.96,-0.527,False,False,False,0.527,False,-0.139,False,False,False,False,0,No Significant Anomaly,No Significant Direction,75.4,85.4,False
S201,Software Engineering,F07,27.1,76.2,76.2,67.7,100,False,No_Anomaly,90.33,80.44,-12.74,12.74,-15.84,69.71,10.67,72.8,10.07,-1.579,False,False,False,1.579,False,-0.0605,False,False,False,False,0,No Significant Anomaly,Potential Under-marking,75.4,85.4,False
S202,Compiler Design,F03,24.2,62.5,75.6,70.2,100,False,No_Anomaly,80.67,70.57,-0.37,0.37,-0.52,73.88,11.06,72.59,10.04,0.007,False,False,False,0.007,False,-0.12,False,False,False,False,0,No Significant Anomaly,No Significant Direction,65.6,75.6,False
S202,Computer Networks,F03,24.2,62.5,75.6,71.5,100,False,No_Anomaly,80.67,70.57,0.93,0.93,1.32,73.88,11.06,72.72,10.8,0.174,False,False,False,0.174,False,-0.1098,False,False,False,False,0,No Significant Anomaly,No Significant Direction,65.6,75.6,False
S202,Machine Learning,F08,24.2,62.5,75.6,78.1,100,False,No_Anomaly,80.67,70.57,7.53,7.53,10.67,73.65,10.19,72.78,9.96,1.021,False,False,False,1.021,False,-0.1451,False,False,False,False,0,No Significant Anomaly,No Significant Direction,65.6,75.6,False
S202,Software Engineering,F08,24.2,62.5,75.6,68.9,100,False,No_Anomaly,80.67,70.57,-1.67,1.67,-2.37,73.65,10.19,72.8,10.07,-0.159,False,False,False,0.159,False,-0.1673,False,False,False,False,0,No Significant Anomaly,No Significant Direction,65.6,75.6,False
S203,Compiler Design,F06,15.3,79.2,86.5,99.1,100,True,Severe_Overmarking,51.0,72.2,26.9,26.9,37.26,72.75,9.99,72.59,10.04,3.506,True,True,True,3.506,True,0.0263,True,True,True,True,4,Strong Review Recommended,Potential Over-marking,67.2,77.2,True
S203,Computer Networks,F05,15.3,79.2,86.5,74.1,100,False,No_Anomaly,51.0,72.2,1.9,1.9,2.63,74.08,9.85,72.72,10.8,0.299,False,False,False,0.299,False,-0.1247,False,False,False,False,0,No Significant Anomaly,No Significant Direction,67.2,77.2,False
S203,Machine Learning,F04,15.3,79.2,86.5,67.5,100,False,No_Anomaly,51.0,72.2,-4.7,4.7,-6.51,73.24,9.91,72.78,9.96,-0.548,False,False,False,0.548,False,-0.1421,False,False,False,False,0,No Significant Anomaly,No Significant Direction,67.2,77.2,False
S203,Software Engineering,F07,15.3,79.2,86.5,67.2,100,False,No_Anomaly,51.0,72.2,-5.0,5.0,-6.93,69.71,10.67,72.8,10.07,-0.586,False,False,False,0.586,False,-0.0911,False,False,False,False,0,No Significant Anomaly,No Significant Direction,67.2,77.2,False
S204,Compiler Design,F08,22.9,76.5,71.7,79.4,100,False,No_Anomaly,76.33,75.49,3.91,3.91,5.18,73.65,10.19,72.59,10.04,0.556,False,False,False,0.556,False,-0.1477,False,False,False,False,0,No Significant Anomaly,No Significant Direction,70.5,80.5,False
S204,Computer Networks,F02,22.9,76.5,71.7,75.9,100,False,No_Anomaly,76.33,75.49,0.41,0.41,0.54,70.46,9.46,72.72,10.8,0.108,False,False,False,0.108,False,-0.0989,False,False,False,False,0,No Significant Anomaly,No Significant Direction,70.5,80.5,False
S204,Machine Learning,F06,22.9,76.5,71.7,73.3,100,False,No_Anomaly,76.33,75.49,-2.19,2.19,-2.9,72.75,9.99,72.78,9.96,-0.226,False,False,False,0.226,False,-0.1597,False,False,False,False,0,No Significant Anomaly,No Significant Direction,70.5,80.5,False
S204,Software Engineering,F03,22.9,76.5,71.7,69.7,100,False,No_Anomaly,76.33,75.49,-5.79,5.79,-7.67,73.88,11.06,72.8,10.07,-0.688,False,False,False,0.688,False,-0.119,False,False,False,False,0,No Significant Anomaly,No Significant Direction,70.5,80.5,False
S205,Compiler Design,F05,18.8,52.9,86.5,62.7,100,False,No_Anomaly,62.67,62.55,0.15,0.15,0.24,74.08,9.85,72.59,10.04,0.074,False,False,False,0.074,False,-0.1058,False,False,False,False,0,No Significant Anomaly,No Significant Direction,57.6,67.6,False
S205,Computer Networks,F07,18.8,52.9,86.5,53.8,100,False,No_Anomaly,62.67,62.55,-8.75,8.75,-13.99,69.71,10.67,72.72,10.8,-1.068,False,False,False,1.068,False,-0.0168,False,False,False,False,0,No Significant Anomaly,No Significant Direction,57.6,67.6,False
S205,Machine Learning,F06,18.8,52.9,86.5,54.4,100,False,No_Anomaly,62.67,62.55,-8.15,8.15,-13.03,72.75,9.99,72.78,9.96,-0.991,False,False,False,0.991,False,-0.0853,False,False,False,False,0,No Significant Anomaly,No Significant Direction,57.6,67.6,False
S205,Software Engineering,F03,18.8,52.9,86.5,63.1,100,False,No_Anomaly,62.67,62.55,0.55,0.55,0.88,73.88,11.06,72.8,10.07,0.125,False,False,False,0.125,False,-0.1018,False,False,False,False,0,No Significant Anomaly,No Significant Direction,57.6,67.6,False
S206,Compiler Design,F01,23.0,54.6,89.1,66.3,100,False,No_Anomaly,76.67,68.12,-1.82,1.82,-2.67,73.7,9.66,72.59,10.04,-0.179,False,False,False,0.179,False,-0.1358,False,False,False,False,0,No Significant Anomaly,No Significant Direction,63.1,73.1,False
S206,Computer Networks,F08,23.0,54.6,89.1,64.1,100,False,No_Anomaly,76.67,68.12,-4.02,4.02,-5.9,73.65,10.19,72.72,10.8,-0.461,False,False,False,0.461,False,-0.1207,False,False,False,False,0,No Significant Anomaly,No Significant Direction,63.1,73.1,False
S206,Machine Learning,F02,23.0,54.6,89.1,68.7,100,False,No_Anomaly,76.67,68.12,0.58,0.58,0.85,70.46,9.46,72.78,9.96,0.129,False,False,False,0.129,False,-0.1076,False,False,False,False,0,No Significant Anomaly,No Significant Direction,63.1,73.1,False
S206,Software Engineering,F07,23.0,54.6,89.1,64.3,100,False,No_Anomaly,76.67,68.12,-3.82,3.82,-5.61,69.71,10.67,72.8,10.07,-0.435,False,False,False,0.435,False,-0.1026,False,False,False,False,0,No Significant Anomaly,No Significant Direction,63.1,73.1,False
S207,Compiler Design,F08,20.2,62.6,96.5,72.8,100,False,No_Anomaly,67.33,70.8,2.0,2.0,2.82,73.65,10.19,72.59,10.04,0.311,False,False,False,0.311,False,-0.142,False,False,False,False,0,No Significant Anomaly,No Significant Direction,65.8,75.8,False
S207,Computer Networks,F04,20.2,62.6,96.5,71.1,100,False,No_Anomaly,67.33,70.8,0.3,0.3,0.42,73.24,9.91,72.72,10.8,0.093,False,False,False,0.093,False,-0.1377,False,False,False,False,0,No Significant Anomaly,No Significant Direction,65.8,75.8,False
S207,Machine Learning,F07,20.2,62.6,96.5,69.1,100,False,No_Anomaly,67.33,70.8,-1.7,1.7,-2.4,69.71,10.67,72.78,9.96,-0.163,False,False,False,0.163,False,-0.102,False,False,False,False,0,No Significant Anomaly,No Significant Direction,65.8,75.8,False
S207,Software Engineering,F01,20.2,62.6,96.5,69.9,100,False,No_Anomaly,67.33,70.8,-0.9,0.9,-1.27,73.7,9.66,72.8,10.07,-0.061,False,False,False,0.061,False,-0.1582,False,False,False,False,0,No Significant Anomaly,No Significant Direction,65.8,75.8,False
S208,Compiler Design,F08,19.5,70.4,84.7,75.7,100,False,No_Anomaly,65.0,71.64,4.06,4.06,5.67,73.65,10.19,72.59,10.04,0.576,False,False,False,0.576,False,-0.1563,False,False,False,False,0,No Significant Anomaly,No Significant Direction,66.6,76.6,False
S208,Computer Networks,F01,19.5,70.4,84.7,76.6,100,False,No_Anomaly,65.0,71.64,4.96,4.96,6.92,73.7,9.66,72.72,10.8,0.691,False,False,False,0.691,False,-0.1412,False,False,False,False,0,No Significant Anomaly,No Significant Direction,66.6,76.6,False
S208,Machine Learning,F06,19.5,70.4,84.7,74.0,100,False,No_Anomaly,65.0,71.64,2.36,2.36,3.29,72.75,9.99,72.78,9.96,0.358,False,False,False,0.358,False,-0.1698,False,False,False,False,0,No Significant Anomaly,No Significant Direction,66.6,76.6,False
S208,Software Engineering,F06,19.5,70.4,84.7,69.8,100,False,No_Anomaly,65.0,71.64,-1.84,1.84,-2.57,72.75,9.99,72.8,10.07,-0.181,False,False,False,0.181,False,-0.1741,False,False,False,False,0,No Significant Anomaly,No Significant Direction,66.6,76.6,False
S209,Compiler Design,F01,20.4,75.7,76.7,67.5,100,False,No_Anomaly,68.0,73.59,-6.09,6.09,-8.28,73.7,9.66,72.59,10.04,-0.726,False,False,False,0.726,False,-0.1484,False,False,False,False,0,No Significant Anomaly,No Significant Direction,68.6,78.6,False
S209,Computer Networks,F05,20.4,75.7,76.7,38.7,100,True,Severe_Undermarking,68.0,73.59,-34.89,34.89,-47.41,74.08,9.85,72.72,10.8,-4.421,True,True,True,4.421,True,0.0848,True,True,True,True,4,Strong Review Recommended,Potential Under-marking,68.6,78.6,True
S209,Machine Learning,F05,20.4,75.7,76.7,76.7,100,False,No_Anomaly,68.0,73.59,3.11,3.11,4.23,74.08,9.85,72.78,9.96,0.454,False,False,False,0.454,False,-0.1703,False,False,False,False,0,No Significant Anomaly,No Significant Direction,68.6,78.6,False
S209,Software Engineering,F06,20.4,75.7,76.7,68.3,100,False,No_Anomaly,68.0,73.59,-5.29,5.29,-7.19,72.75,9.99,72.8,10.07,-0.624,False,False,False,0.624,False,-0.1612,False,False,False,False,0,No Significant Anomaly,No Significant Direction,68.6,78.6,False
S210,Compiler Design,F04,12.3,86.4,71.6,82.3,100,False,No_Anomaly,41.0,69.82,12.48,12.48,17.87,73.24,9.91,72.59,10.04,1.656,False,False,False,1.656,False,-0.0453,False,False,False,False,0,No Significant Anomaly,Potential Over-marking,64.8,74.8,False
S210,Computer Networks,F06,12.3,86.4,71.6,68.6,100,False,No_Anomaly,41.0,69.82,-1.22,1.22,-1.75,72.75,9.99,72.72,10.8,-0.102,False,False,False,0.102,False,-0.0939,False,False,False,False,0,No Significant Anomaly,No Significant Direction,64.8,74.8,False
S210,Machine Learning,F08,12.3,86.4,71.6,45.8,100,True,Severe_Undermarking,41.0,69.82,-24.02,24.02,-34.4,73.65,10.19,72.78,9.96,-3.026,True,True,True,3.026,True,0.0542,True,True,True,True,4,Strong Review Recommended,Potential Under-marking,64.8,74.8,True
S210,Software Engineering,F01,12.3,86.4,71.6,67.4,100,False,No_Anomaly,41.0,69.82,-2.42,2.42,-3.47,73.7,9.66,72.8,10.07,-0.256,False,False,False,0.256,False,-0.1043,False,False,False,False,0,No Significant Anomaly,No Significant Direction,64.8,74.8,False
S211,Compiler Design,F07,20.4,89.3,100.0,79.0,100,False,No_Anomaly,68.0,85.05,-6.05,6.05,-7.11,69.71,10.67,72.59,10.04,-0.721,False,False,False,0.721,False,-0.0385,False,False,False,False,0,No Significant Anomaly,No Significant Direction,80.0,90.0,False
S211,Computer Networks,F06,20.4,89.3,100.0,87.7,100,False,No_Anomaly,68.0,85.05,2.65,2.65,3.12,72.75,9.99,72.72,10.8,0.395,False,False,False,0.395,False,-0.0686,False,False,False,False,0,No Significant Anomaly,No Significant Direction,80.0,90.0,False
S211,Machine Learning,F05,20.4,89.3,100.0,91.6,100,False,No_Anomaly,68.0,85.05,6.55,6.55,7.7,74.08,9.85,72.78,9.96,0.895,False,False,False,0.895,False,-0.066,False,False,False,False,0,No Significant Anomaly,No Significant Direction,80.0,90.0,False
S211,Software Engineering,F02,20.4,89.3,100.0,90.5,100,False,No_Anomaly,68.0,85.05,5.45,5.45,6.41,70.46,9.46,72.8,10.07,0.754,False,False,False,0.754,False,-0.0388,False,False,False,False,0,No Significant Anomaly,No Significant Direction,80.0,90.0,False
S212,Compiler Design,F01,20.9,46.8,78.9,62.7,100,False,No_Anomaly,69.67,60.08,2.62,2.62,4.36,73.7,9.66,72.59,10.04,0.391,False,False,False,0.391,False,-0.102,False,False,False,False,0,No Significant Anomaly,No Significant Direction,55.1,65.1,False
S212,Computer Networks,F01,20.9,46.8,78.9,63.8,100,False,No_Anomaly,69.67,60.08,3.72,3.72,6.19,73.7,9.66,72.72,10.8,0.532,False,False,False,0.532,False,-0.0959,False,False,False,False,0,No Significant Anomaly,No Significant Direction,55.1,65.1,False
S212,Machine Learning,F05,20.9,46.8,78.9,65.0,100,False,No_Anomaly,69.67,60.08,4.92,4.92,8.19,74.08,9.85,72.78,9.96,0.686,False,False,False,0.686,False,-0.1093,False,False,False,False,0,No Significant Anomaly,No Significant Direction,55.1,65.1,False
S212,Software Engineering,F05,20.9,46.8,78.9,71.2,100,False,No_Anomaly,69.67,60.08,11.12,11.12,18.51,74.08,9.85,72.8,10.07,1.481,False,False,False,1.481,False,-0.0783,False,False,False,False,0,No Significant Anomaly,Potential Over-marking,55.1,65.1,False
S213,Compiler Design,F04,24.3,67.7,70.9,59.8,100,False,No_Anomaly,81.0,72.33,-12.53,12.53,-17.32,73.24,9.91,72.59,10.04,-1.552,False,False,False,1.552,False,-0.0843,False,False,False,False,0,No Significant Anomaly,Potential Under-marking,67.3,77.3,False
S213,Computer Networks,F02,24.3,67.7,70.9,64.5,100,False,No_Anomaly,81.0,72.33,-7.83,7.83,-10.83,70.46,9.46,72.72,10.8,-0.95,False,False,False,0.95,False,-0.0756,False,False,False,False,0,No Significant Anomaly,No Significant Direction,67.3,77.3,False
S213,Machine Learning,F01,24.3,67.7,70.9,80.4,100,False,No_Anomaly,81.0,72.33,8.07,8.07,11.16,73.7,9.66,72.78,9.96,1.09,False,False,False,1.09,False,-0.1357,False,False,False,False,0,No Significant Anomaly,No Significant Direction,67.3,77.3,False
S213,Software Engineering,F05,24.3,67.7,70.9,66.1,100,False,No_Anomaly,81.0,72.33,-6.23,6.23,-8.61,74.08,9.85,72.8,10.07,-0.744,False,False,False,0.744,False,-0.1468,False,False,False,False,0,No Significant Anomaly,No Significant Direction,67.3,77.3,False
S214,Compiler Design,F07,24.8,76.3,67.1,71.4,100,False,No_Anomaly,82.67,76.37,-4.97,4.97,-6.51,69.71,10.67,72.59,10.04,-0.583,False,False,False,0.583,False,-0.085,False,False,False,False,0,No Significant Anomaly,No Significant Direction,71.4,81.4,False
S214,Computer Networks,F02,24.8,76.3,67.1,69.0,100,False,No_Anomaly,82.67,76.37,-7.37,7.37,-9.65,70.46,9.46,72.72,10.8,-0.891,False,False,False,0.891,False,-0.0739,False,False,False,False,0,No Significant Anomaly,No Significant Direction,71.4,81.4,False
S214,Machine Learning,F08,24.8,76.3,67.1,73.6,100,False,No_Anomaly,82.67,76.37,-2.77,2.77,-3.63,73.65,10.19,72.78,9.96,-0.3,False,False,False,0.3,False,-0.1504,False,False,False,False,0,No Significant Anomaly,No Significant Direction,71.4,81.4,False
S214,Software Engineering,F03,24.8,76.3,67.1,76.3,100,False,No_Anomaly,82.67,76.37,-0.07,0.07,-0.09,73.88,11.06,72.8,10.07,0.046,False,False,False,0.046,False,-0.1141,False,False,False,False,0,No Significant Anomaly,No Significant Direction,71.4,81.4,False
S215,Compiler Design,F03,20.7,94.6,83.7,79.5,100,False,No_Anomaly,69.0,84.74,-5.24,5.24,-6.18,73.88,11.06,72.59,10.04,-0.617,False,False,False,0.617,False,-0.0772,False,False,False,False,0,No Significant Anomaly,No Significant Direction,79.7,89.7,False
S215,Computer Networks,F08,20.7,94.6,83.7,85.3,100,False,No_Anomaly,69.0,84.74,0.56,0.56,0.66,73.65,10.19,72.72,10.8,0.127,False,False,False,0.127,False,-0.0943,False,False,False,False,0,No Significant Anomaly,No Significant Direction,79.7,89.7,False
S215,Machine Learning,F06,20.7,94.6,83.7,82.0,100,False,No_Anomaly,69.0,84.74,-2.74,2.74,-3.23,72.75,9.99,72.78,9.96,-0.297,False,False,False,0.297,False,-0.1117,False,False,False,False,0,No Significant Anomaly,No Significant Direction,79.7,89.7,False
S215,Software Engineering,F03,20.7,94.6,83.7,81.2,100,False,No_Anomaly,69.0,84.74,-3.54,3.54,-4.18,73.88,11.06,72.8,10.07,-0.399,False,False,False,0.399,False,-0.0914,False,False,False,False,0,No Significant Anomaly,No Significant Direction,79.7,89.7,False
S216,Compiler Design,F03,15.1,68.3,88.2,74.8,100,False,No_Anomaly,50.33,66.89,7.91,7.91,11.83,73.88,11.06,72.59,10.04,1.07,False,False,False,1.07,False,-0.0706,False,False,False,False,0,No Significant Anomaly,No Significant Direction,61.9,71.9,False
S216,Computer Networks,F06,15.1,68.3,88.2,33.0,100,True,Severe_Undermarking,50.33,66.89,-33.89,33.89,-50.67,72.75,9.99,72.72,10.8,-4.293,True,True,True,4.293,True,0.0755,True,True,True,True,4,Strong Review Recommended,Potential Under-marking,61.9,71.9,True
S216,Machine Learning,F01,15.1,68.3,88.2,77.2,100,False,No_Anomaly,50.33,66.89,10.31,10.31,15.41,73.7,9.66,72.78,9.96,1.378,False,False,False,1.378,False,-0.0862,False,False,False,False,0,No Significant Anomaly,Potential Over-marking,61.9,71.9,False
S216,Software Engineering,F07,15.1,68.3,88.2,67.0,100,False,No_Anomaly,50.33,66.89,0.11,0.11,0.16,69.71,10.67,72.8,10.07,0.069,False,False,False,0.069,False,-0.0876,False,False,False,False,0,No Significant Anomaly,No Significant Direction,61.9,71.9,False
S217,Compiler Design,F01,29.4,72.0,78.1,88.7,100,False,No_Anomaly,98.0,81.02,7.68,7.68,9.48,73.7,9.66,72.59,10.04,1.04,False,False,False,1.04,False,-0.0857,False,False,False,False,0,No Significant Anomaly,No Significant Direction,76.0,86.0,False
S217,Computer Networks,F01,29.4,72.0,78.1,76.9,100,False,No_Anomaly,98.0,81.02,-4.12,4.12,-5.09,73.7,9.66,72.72,10.8,-0.474,False,False,False,0.474,False,-0.1124,False,False,False,False,0,No Significant Anomaly,No Significant Direction,76.0,86.0,False
S217,Machine Learning,F04,29.4,72.0,78.1,82.6,100,False,No_Anomaly,98.0,81.02,1.58,1.58,1.95,73.24,9.91,72.78,9.96,0.258,False,False,False,0.258,False,-0.1372,False,False,False,False,0,No Significant Anomaly,No Significant Direction,76.0,86.0,False
S217,Software Engineering,F04,29.4,72.0,78.1,82.8,100,False,No_Anomaly,98.0,81.02,1.78,1.78,2.2,73.24,9.91,72.8,10.07,0.283,False,False,False,0.283,False,-0.1402,False,False,False,False,0,No Significant Anomaly,No Significant Direction,76.0,86.0,False
S218,Compiler Design,F06,17.6,67.9,98.7,71.8,100,False,No_Anomaly,58.67,71.29,0.51,0.51,0.72,72.75,9.99,72.59,10.04,0.12,False,False,False,0.12,False,-0.1123,False,False,False,False,0,No Significant Anomaly,No Significant Direction,66.3,76.3,False
S218,Computer Networks,F03,17.6,67.9,98.7,57.7,100,False,No_Anomaly,58.67,71.29,-13.59,13.59,-19.06,73.88,11.06,72.72,10.8,-1.688,False,False,False,1.688,True,0.0017,False,False,True,False,1,No Significant Anomaly,Potential Under-marking,66.3,76.3,False
S218,Machine Learning,F05,17.6,67.9,98.7,100.0,100,True,Severe_Overmarking,58.67,71.29,28.71,28.71,40.27,74.08,9.85,72.78,9.96,3.738,True,True,True,3.738,True,0.0434,True,True,True,True,4,Strong Review Recommended,Potential Over-marking,66.3,76.3,True
S218,Software Engineering,F01,17.6,67.9,98.7,74.4,100,False,No_Anomaly,58.67,71.29,3.11,3.11,4.36,73.7,9.66,72.8,10.07,0.454,False,False,False,0.454,False,-0.1398,False,False,False,False,0,No Significant Anomaly,No Significant Direction,66.3,76.3,False
S219,Compiler Design,F04,18.5,77.0,85.2,72.7,100,False,No_Anomaly,61.67,74.04,-1.34,1.34,-1.81,73.24,9.91,72.59,10.04,-0.117,False,False,False,0.117,False,-0.1551,False,False,False,False,0,No Significant Anomaly,No Significant Direction,69.0,79.0,False
S219,Computer Networks,F06,18.5,77.0,85.2,72.9,100,False,No_Anomaly,61.67,74.04,-1.14,1.14,-1.54,72.75,9.99,72.72,10.8,-0.091,False,False,False,0.091,False,-0.1392,False,False,False,False,0,No Significant Anomaly,No Significant Direction,69.0,79.0,False
S219,Machine Learning,F07,18.5,77.0,85.2,58.2,100,False,No_Anomaly,61.67,74.04,-15.84,15.84,-21.39,69.71,10.67,72.78,9.96,-1.977,False,True,True,1.977,False,-0.0313,False,True,False,False,1,No Significant Anomaly,Potential Under-marking,69.0,79.0,False
S219,Software Engineering,F04,18.5,77.0,85.2,81.0,100,False,No_Anomaly,61.67,74.04,6.96,6.96,9.4,73.24,9.91,72.8,10.07,0.948,False,False,False,0.948,False,-0.1513,False,False,False,False,0,No Significant Anomaly,No Significant Direction,69.0,79.0,False
S220,Compiler Design,F04,20.7,72.1,94.1,79.5,100,False,No_Anomaly,69.0,75.57,3.93,3.93,5.2,73.24,9.91,72.59,10.04,0.559,False,False,False,0.559,False,-0.1472,False,False,False,False,0,No Significant Anomaly,No Significant Direction,70.6,80.6,False
S220,Computer Networks,F03,20.7,72.1,94.1,75.2,100,False,No_Anomaly,69.0,75.57,-0.37,0.37,-0.49,73.88,11.06,72.72,10.8,0.007,False,False,False,0.007,False,-0.108,False,False,False,False,0,No Significant Anomaly,No Significant Direction,70.6,80.6,False
S220,Machine Learning,F08,20.7,72.1,94.1,80.6,100,False,No_Anomaly,69.0,75.57,5.03,5.03,6.66,73.65,10.19,72.78,9.96,0.7,False,False,False,0.7,False,-0.1456,False,False,False,False,0,No Significant Anomaly,No Significant Direction,70.6,80.6,False
S220,Software Engineering,F07,20.7,72.1,94.1,78.7,100,False,No_Anomaly,69.0,75.57,3.13,3.13,4.14,69.71,10.67,72.8,10.07,0.456,False,False,False,0.456,False,-0.1107,False,False,False,False,0,No Significant Anomaly,No Significant Direction,70.6,80.6,False
S221,Compiler Design,F07,18.4,49.7,81.8,55.0,100,False,No_Anomaly,61.33,59.61,-4.61,4.61,-7.73,69.71,10.67,72.59,10.04,-0.536,False,False,False,0.536,False,-0.0301,False,False,False,False,0,No Significant Anomaly,No Significant Direction,54.6,64.6,False
S221,Computer Networks,F05,18.4,49.7,81.8,63.9,100,False,No_Anomaly,61.33,59.61,4.29,4.29,7.2,74.08,9.85,72.72,10.8,0.605,False,False,False,0.605,False,-0.0956,False,False,False,False,0,No Significant Anomaly,No Significant Direction,54.6,64.6,False
S221,Machine Learning,F04,18.4,49.7,81.8,59.8,100,False,No_Anomaly,61.33,59.61,0.19,0.19,0.32,73.24,9.91,72.78,9.96,0.079,False,False,False,0.079,False,-0.1158,False,False,False,False,0,No Significant Anomaly,No Significant Direction,54.6,64.6,False
S221,Software Engineering,F01,18.4,49.7,81.8,60.5,100,False,No_Anomaly,61.33,59.61,0.89,0.89,1.49,73.7,9.66,72.8,10.07,0.169,False,False,False,0.169,False,-0.1198,False,False,False,False,0,No Significant Anomaly,No Significant Direction,54.6,64.6,False
S222,Compiler Design,F02,15.2,65.9,81.2,73.4,100,False,No_Anomaly,50.67,64.39,9.01,9.01,13.99,70.46,9.46,72.59,10.04,1.211,False,False,False,1.211,False,-0.0551,False,False,False,False,0,No Significant Anomaly,No Significant Direction,59.4,69.4,False
S222,Computer Networks,F08,15.2,65.9,81.2,38.2,100,True,Severe_Undermarking,50.67,64.39,-26.19,26.19,-40.67,73.65,10.19,72.72,10.8,-3.305,True,True,True,3.305,True,0.0658,True,True,True,True,4,Strong Review Recommended,Potential Under-marking,59.4,69.4,True
S222,Machine Learning,F04,15.2,65.9,81.2,51.8,100,False,No_Anomaly,50.67,64.39,-12.59,12.59,-19.55,73.24,9.91,72.78,9.96,-1.56,False,False,False,1.56,False,-0.0429,False,False,False,False,0,No Significant Anomaly,Potential Under-marking,59.4,69.4,False
S222,Software Engineering,F03,15.2,65.9,81.2,63.7,100,False,No_Anomaly,50.67,64.39,-0.69,0.69,-1.07,73.88,11.06,72.8,10.07,-0.034,False,False,False,0.034,False,-0.1026,False,False,False,False,0,No Significant Anomaly,No Significant Direction,59.4,69.4,False
S223,Compiler Design,F02,19.9,50.6,86.8,58.5,100,False,No_Anomaly,66.33,62.56,-4.06,4.06,-6.49,70.46,9.46,72.59,10.04,-0.466,False,False,False,0.466,False,-0.061,False,False,False,False,0,No Significant Anomaly,No Significant Direction,57.6,67.6,False
S223,Computer Networks,F08,19.9,50.6,86.8,59.0,100,False,No_Anomaly,66.33,62.56,-3.56,3.56,-5.69,73.65,10.19,72.72,10.8,-0.402,False,False,False,0.402,False,-0.0999,False,False,False,False,0,No Significant Anomaly,No Significant Direction,57.6,67.6,False
S223,Machine Learning,F03,19.9,50.6,86.8,55.5,100,False,No_Anomaly,66.33,62.56,-7.06,7.06,-11.29,73.88,11.06,72.78,9.96,-0.851,False,False,False,0.851,False,-0.0502,False,False,False,False,0,No Significant Anomaly,No Significant Direction,57.6,67.6,False
S223,Software Engineering,F06,19.9,50.6,86.8,67.6,100,False,No_Anomaly,66.33,62.56,5.04,5.04,8.06,72.75,9.99,72.8,10.07,0.701,False,False,False,0.701,False,-0.1289,False,False,False,False,0,No Significant Anomaly,No Significant Direction,57.6,67.6,False
S224,Compiler Design,F04,23.1,39.2,89.8,63.8,100,False,No_Anomaly,77.0,60.66,3.14,3.14,5.18,73.24,9.91,72.59,10.04,0.458,False,False,False,0.458,False,-0.0961,False,False,False,False,0,No Significant Anomaly,No Significant Direction,55.7,65.7,False
S224,Computer Networks,F02,23.1,39.2,89.8,58.8,100,False,No_Anomaly,77.0,60.66,-1.86,1.86,-3.07,70.46,9.46,72.72,10.8,-0.184,False,False,False,0.184,False,-0.0406,False,False,False,False,0,No Significant Anomaly,No Significant Direction,55.7,65.7,False
S224,Machine Learning,F08,23.1,39.2,89.8,58.6,100,False,No_Anomaly,77.0,60.66,-2.06,2.06,-3.4,73.65,10.19,72.78,9.96,-0.209,False,False,False,0.209,False,-0.0967,False,False,False,False,0,No Significant Anomaly,No Significant Direction,55.7,65.7,False
S224,Software Engineering,F03,23.1,39.2,89.8,40.7,100,True,Severe_Undermarking,77.0,60.66,-19.96,19.96,-32.9,73.88,11.06,72.8,10.07,-2.506,True,True,True,2.506,True,0.0572,True,True,True,True,4,Strong Review Recommended,Potential Under-marking,55.7,65.7,True
S225,Compiler Design,F02,25.3,61.4,68.8,77.4,100,False,No_Anomaly,84.33,69.76,7.64,7.64,10.95,70.46,9.46,72.59,10.04,1.035,False,False,False,1.035,False,-0.0648,False,False,False,False,0,No Significant Anomaly,No Significant Direction,64.8,74.8,False
S225,Computer Networks,F04,25.3,61.4,68.8,80.5,100,False,No_Anomaly,84.33,69.76,10.74,10.74,15.4,73.24,9.91,72.72,10.8,1.433,False,False,False,1.433,False,-0.0875,False,False,False,False,0,No Significant Anomaly,Potential Over-marking,64.8,74.8,False
S225,Machine Learning,F04,25.3,61.4,68.8,65.4,100,False,No_Anomaly,84.33,69.76,-4.36,4.36,-6.25,73.24,9.91,72.78,9.96,-0.504,False,False,False,0.504,False,-0.1458,False,False,False,False,0,No Significant Anomaly,No Significant Direction,64.8,74.8,False
S225,Software Engineering,F05,25.3,61.4,68.8,67.2,100,False,No_Anomaly,84.33,69.76,-2.56,2.56,-3.67,74.08,9.85,72.8,10.07,-0.273,False,False,False,0.273,False,-0.1467,False,False,False,False,0,No Significant Anomaly,No Significant Direction,64.8,74.8,False
S226,Compiler Design,F06,23.7,74.2,100.0,77.1,100,False,No_Anomaly,79.0,80.8,-3.7,3.7,-4.58,72.75,9.99,72.59,10.04,-0.42,False,False,False,0.42,False,-0.1176,False,False,False,False,0,No Significant Anomaly,No Significant Direction,75.8,85.8,False
S226,Computer Networks,F01,23.7,74.2,100.0,76.1,100,False,No_Anomaly,79.0,80.8,-4.7,4.7,-5.82,73.7,9.66,72.72,10.8,-0.548,False,False,False,0.548,False,-0.1105,False,False,False,False,0,No Significant Anomaly,No Significant Direction,75.8,85.8,False
S226,Machine Learning,F07,23.7,74.2,100.0,84.0,100,False,No_Anomaly,79.0,80.8,3.2,3.2,3.96,69.71,10.67,72.78,9.96,0.465,False,False,False,0.465,False,-0.0775,False,False,False,False,0,No Significant Anomaly,No Significant Direction,75.8,85.8,False
S226,Software Engineering,F07,23.7,74.2,100.0,73.1,100,False,No_Anomaly,79.0,80.8,-7.7,7.7,-9.53,69.71,10.67,72.8,10.07,-0.933,False,False,False,0.933,False,-0.0832,False,False,False,False,0,No Significant Anomaly,No Significant Direction,75.8,85.8,False
S227,Compiler Design,F07,25.3,74.7,80.3,100.0,100,True,Severe_Overmarking,84.33,78.71,21.29,21.29,27.05,69.71,10.67,72.59,10.04,2.786,True,True,True,2.786,True,0.0206,True,True,True,True,4,Strong Review Recommended,Potential Over-marking,73.7,83.7,True
S227,Computer Networks,F06,25.3,74.7,80.3,79.3,100,False,No_Anomaly,84.33,78.71,0.59,0.59,0.75,72.75,9.99,72.72,10.8,0.131,False,False,False,0.131,False,-0.1392,False,False,False,False,0,No Significant Anomaly,No Significant Direction,73.7,83.7,False
S227,Machine Learning,F08,25.3,74.7,80.3,75.6,100,False,No_Anomaly,84.33,78.71,-3.11,3.11,-3.95,73.65,10.19,72.78,9.96,-0.344,False,False,False,0.344,False,-0.1647,False,False,False,False,0,No Significant Anomaly,No Significant Direction,73.7,83.7,False
S227,Software Engineering,F06,25.3,74.7,80.3,75.9,100,False,No_Anomaly,84.33,78.71,-2.81,2.81,-3.57,72.75,9.99,72.8,10.07,-0.306,False,False,False,0.306,False,-0.1626,False,False,False,False,0,No Significant Anomaly,No Significant Direction,73.7,83.7,False
S228,Compiler Design,F04,19.9,77.5,94.5,73.9,100,False,No_Anomaly,66.33,77.55,-3.65,3.65,-4.71,73.24,9.91,72.59,10.04,-0.413,False,False,False,0.413,False,-0.1379,False,False,False,False,0,No Significant Anomaly,No Significant Direction,72.6,82.6,False
S228,Computer Networks,F08,19.9,77.5,94.5,74.0,100,False,No_Anomaly,66.33,77.55,-3.55,3.55,-4.58,73.65,10.19,72.72,10.8,-0.4,False,False,False,0.4,False,-0.1275,False,False,False,False,0,No Significant Anomaly,No Significant Direction,72.6,82.6,False
S228,Machine Learning,F05,19.9,77.5,94.5,83.2,100,False,No_Anomaly,66.33,77.55,5.65,5.65,7.29,74.08,9.85,72.78,9.96,0.78,False,False,False,0.78,False,-0.1311,False,False,False,False,0,No Significant Anomaly,No Significant Direction,72.6,82.6,False
S228,Software Engineering,F01,19.9,77.5,94.5,85.1,100,False,No_Anomaly,66.33,77.55,7.55,7.55,9.74,73.7,9.66,72.8,10.07,1.023,False,False,False,1.023,False,-0.1258,False,False,False,False,0,No Significant Anomaly,No Significant Direction,72.6,82.6,False
S229,Compiler Design,F06,25.2,64.8,77.2,67.1,100,False,No_Anomaly,84.0,73.04,-5.94,5.94,-8.13,72.75,9.99,72.59,10.04,-0.707,False,False,False,0.707,False,-0.1422,False,False,False,False,0,No Significant Anomaly,No Significant Direction,68.0,78.0,False
S229,Computer Networks,F01,25.2,64.8,77.2,70.8,100,False,No_Anomaly,84.0,73.04,-2.24,2.24,-3.07,73.7,9.66,72.72,10.8,-0.232,False,False,False,0.232,False,-0.1453,False,False,False,False,0,No Significant Anomaly,No Significant Direction,68.0,78.0,False
S229,Machine Learning,F03,25.2,64.8,77.2,94.7,100,True,Severe_Overmarking,84.0,73.04,21.66,21.66,29.65,73.88,11.06,72.78,9.96,2.834,True,True,True,2.834,False,-0.0108,True,True,False,True,3,Strong Review Recommended,Potential Over-marking,68.0,78.0,True
S229,Software Engineering,F04,25.2,64.8,77.2,70.6,100,False,No_Anomaly,84.0,73.04,-2.44,2.44,-3.34,73.24,9.91,72.8,10.07,-0.258,False,False,False,0.258,False,-0.1714,False,False,False,False,0,No Significant Anomaly,No Significant Direction,68.0,78.0,False
S230,Compiler Design,F06,20.3,88.0,77.4,78.2,100,False,No_Anomaly,67.67,79.78,-1.58,1.58,-1.98,72.75,9.99,72.59,10.04,-0.148,False,False,False,0.148,False,-0.1324,False,False,False,False,0,No Significant Anomaly,No Significant Direction,74.8,84.8,False
S230,Computer Networks,F02,20.3,88.0,77.4,80.9,100,False,No_Anomaly,67.67,79.78,1.12,1.12,1.4,70.46,9.46,72.72,10.8,0.199,False,False,False,0.199,False,-0.0758,False,False,False,False,0,No Significant Anomaly,No Significant Direction,74.8,84.8,False
S230,Machine Learning,F01,20.3,88.0,77.4,75.3,100,False,No_Anomaly,67.67,79.78,-4.48,4.48,-5.62,73.7,9.66,72.78,9.96,-0.52,False,False,False,0.52,False,-0.1434,False,False,False,False,0,No Significant Anomaly,No Significant Direction,74.8,84.8,False
S230,Software Engineering,F06,20.3,88.0,77.4,78.0,100,False,No_Anomaly,67.67,79.78,-1.78,1.78,-2.23,72.75,9.99,72.8,10.07,-0.173,False,False,False,0.173,False,-0.145,False,False,False,False,0,No Significant Anomaly,No Significant Direction,74.8,84.8,False
S231,Compiler Design,F05,25.8,73.8,79.5,78.0,100,False,No_Anomaly,86.0,78.6,-0.6,0.6,-0.76,74.08,9.85,72.59,10.04,-0.022,False,False,False,0.022,False,-0.1481,False,False,False,False,0,No Significant Anomaly,No Significant Direction,73.6,83.6,False
S231,Computer Networks,F06,25.8,73.8,79.5,79.6,100,False,No_Anomaly,86.0,78.6,1.0,1.0,1.27,72.75,9.99,72.72,10.8,0.183,False,False,False,0.183,False,-0.1379,False,False,False,False,0,No Significant Anomaly,No Significant Direction,73.6,83.6,False
S231,Machine Learning,F07,25.8,73.8,79.5,68.4,100,False,No_Anomaly,86.0,78.6,-10.2,10.2,-12.98,69.71,10.67,72.78,9.96,-1.254,False,False,False,1.254,False,-0.0807,False,False,False,False,0,No Significant Anomaly,Potential Under-marking,73.6,83.6,False
S231,Software Engineering,F02,25.8,73.8,79.5,71.4,100,False,No_Anomaly,86.0,78.6,-7.2,7.2,-9.16,70.46,9.46,72.8,10.07,-0.869,False,False,False,0.869,False,-0.1198,False,False,False,False,0,No Significant Anomaly,No Significant Direction,73.6,83.6,False
S232,Compiler Design,F02,18.9,43.0,73.7,61.6,100,False,No_Anomaly,63.0,55.14,6.46,6.46,11.72,70.46,9.46,72.59,10.04,0.884,False,False,False,0.884,False,-0.0215,False,False,False,False,0,No Significant Anomaly,No Significant Direction,50.1,60.1,False
S232,Computer Networks,F04,18.9,43.0,73.7,58.6,100,False,No_Anomaly,63.0,55.14,3.46,3.46,6.27,73.24,9.91,72.72,10.8,0.499,False,False,False,0.499,False,-0.0612,False,False,False,False,0,No Significant Anomaly,No Significant Direction,50.1,60.1,False
S232,Machine Learning,F03,18.9,43.0,73.7,61.6,100,False,No_Anomaly,63.0,55.14,6.46,6.46,11.72,73.88,11.06,72.78,9.96,0.884,False,False,False,0.884,False,-0.0355,False,False,False,False,0,No Significant Anomaly,No Significant Direction,50.1,60.1,False
S232,Software Engineering,F07,18.9,43.0,73.7,50.0,100,False,No_Anomaly,63.0,55.14,-5.14,5.14,-9.32,69.71,10.67,72.8,10.07,-0.604,False,False,False,0.604,False,-0.0192,False,False,False,False,0,No Significant Anomaly,No Significant Direction,50.1,60.1,False
S233,Compiler Design,F06,18.3,42.2,72.4,56.6,100,False,No_Anomaly,61.0,53.88,2.72,2.72,5.05,72.75,9.99,72.59,10.04,0.404,False,False,False,0.404,False,-0.0538,False,False,False,False,0,No Significant Anomaly,No Significant Direction,48.9,58.9,False
S233,Computer Networks,F03,18.3,42.2,72.4,56.8,100,False,No_Anomaly,61.0,53.88,2.92,2.92,5.42,73.88,11.06,72.72,10.8,0.429,False,False,False,0.429,False,-0.0146,False,False,False,False,0,No Significant Anomaly,No Significant Direction,48.9,58.9,False
S233,Machine Learning,F05,18.3,42.2,72.4,54.0,100,False,No_Anomaly,61.0,53.88,0.12,0.12,0.22,74.08,9.85,72.78,9.96,0.07,False,False,False,0.07,False,-0.0543,False,False,False,False,0,No Significant Anomaly,No Significant Direction,48.9,58.9,False
S233,Software Engineering,F04,18.3,42.2,72.4,46.9,100,False,No_Anomaly,61.0,53.88,-6.98,6.98,-12.95,73.24,9.91,72.8,10.07,-0.84,False,False,False,0.84,False,-0.0382,False,False,False,False,0,No Significant Anomaly,No Significant Direction,48.9,58.9,False
S234,Compiler Design,F07,21.0,67.6,93.1,75.1,100,False,No_Anomaly,70.0,73.42,1.68,1.68,2.29,69.71,10.67,72.59,10.04,0.27,False,False,False,0.27,False,-0.0965,False,False,False,False,0,No Significant Anomaly,No Significant Direction,68.4,78.4,False
S234,Computer Networks,F01,21.0,67.6,93.1,73.6,100,False,No_Anomaly,70.0,73.42,0.18,0.18,0.25,73.7,9.66,72.72,10.8,0.078,False,False,False,0.078,False,-0.1395,False,False,False,False,0,No Significant Anomaly,No Significant Direction,68.4,78.4,False
S234,Machine Learning,F05,21.0,67.6,93.1,67.4,100,False,No_Anomaly,70.0,73.42,-6.02,6.02,-8.2,74.08,9.85,72.78,9.96,-0.717,False,False,False,0.717,False,-0.1446,False,False,False,False,0,No Significant Anomaly,No Significant Direction,68.4,78.4,False
S234,Software Engineering,F03,21.0,67.6,93.1,74.3,100,False,No_Anomaly,70.0,73.42,0.88,0.88,1.2,73.88,11.06,72.8,10.07,0.168,False,False,False,0.168,False,-0.1384,False,False,False,False,0,No Significant Anomaly,No Significant Direction,68.4,78.4,False
S235,Compiler Design,F05,26.2,57.6,81.4,71.2,100,False,No_Anomaly,87.33,71.28,-0.08,0.08,-0.11,74.08,9.85,72.59,10.04,0.045,False,False,False,0.045,False,-0.1238,False,False,False,False,0,No Significant Anomaly,No Significant Direction,66.3,76.3,False
S235,Computer Networks,F08,26.2,57.6,81.4,70.6,100,False,No_Anomaly,87.33,71.28,-0.68,0.68,-0.95,73.65,10.19,72.72,10.8,-0.032,False,False,False,0.032,False,-0.1335,False,False,False,False,0,No Significant Anomaly,No Significant Direction,66.3,76.3,False
S235,Machine Learning,F05,26.2,57.6,81.4,71.5,100,False,No_Anomaly,87.33,71.28,0.22,0.22,0.31,74.08,9.85,72.78,9.96,0.083,False,False,False,0.083,False,-0.14,False,False,False,False,0,No Significant Anomaly,No Significant Direction,66.3,76.3,False
S235,Software Engineering,F07,26.2,57.6,81.4,68.9,100,False,No_Anomaly,87.33,71.28,-2.38,2.38,-3.34,69.71,10.67,72.8,10.07,-0.25,False,False,False,0.25,False,-0.1049,False,False,False,False,0,No Significant Anomaly,No Significant Direction,66.3,76.3,False
S236,Compiler Design,F08,24.2,58.3,72.9,66.3,100,False,No_Anomaly,80.67,67.93,-1.63,1.63,-2.4,73.65,10.19,72.59,10.04,-0.154,False,False,False,0.154,False,-0.1399,False,False,False,False,0,No Significant Anomaly,No Significant Direction,62.9,72.9,False
S236,Computer Networks,F06,24.2,58.3,72.9,64.2,100,False,No_Anomaly,80.67,67.93,-3.73,3.73,-5.49,72.75,9.99,72.72,10.8,-0.424,False,False,False,0.424,False,-0.1254,False,False,False,False,0,No Significant Anomaly,No Significant Direction,62.9,72.9,False
S236,Machine Learning,F08,24.2,58.3,72.9,71.8,100,False,No_Anomaly,80.67,67.93,3.87,3.87,5.7,73.65,10.19,72.78,9.96,0.551,False,False,False,0.551,False,-0.1561,False,False,False,False,0,No Significant Anomaly,No Significant Direction,62.9,72.9,False
S236,Software Engineering,F05,24.2,58.3,72.9,76.2,100,False,No_Anomaly,80.67,67.93,8.27,8.27,12.17,74.08,9.85,72.8,10.07,1.116,False,False,False,1.116,False,-0.1276,False,False,False,False,0,No Significant Anomaly,No Significant Direction,62.9,72.9,False
S237,Compiler Design,F01,21.9,67.3,88.5,76.2,100,False,No_Anomaly,73.0,73.25,2.95,2.95,4.03,73.7,9.66,72.59,10.04,0.433,False,False,False,0.433,False,-0.1541,False,False,False,False,0,No Significant Anomaly,No Significant Direction,68.2,78.2,False
S237,Computer Networks,F06,21.9,67.3,88.5,68.3,100,False,No_Anomaly,73.0,73.25,-4.95,4.95,-6.76,72.75,9.99,72.72,10.8,-0.58,False,False,False,0.58,False,-0.1417,False,False,False,False,0,No Significant Anomaly,No Significant Direction,68.2,78.2,False
S237,Machine Learning,F03,21.9,67.3,88.5,67.2,100,False,No_Anomaly,73.0,73.25,-6.05,6.05,-8.26,73.88,11.06,72.78,9.96,-0.721,False,False,False,0.721,False,-0.1188,False,False,False,False,0,No Significant Anomaly,No Significant Direction,68.2,78.2,False
S237,Software Engineering,F03,21.9,67.3,88.5,65.8,100,False,No_Anomaly,73.0,73.25,-7.45,7.45,-10.17,73.88,11.06,72.8,10.07,-0.901,False,False,False,0.901,False,-0.1122,False,False,False,False,0,No Significant Anomaly,No Significant Direction,68.2,78.2,False
S238,Compiler Design,F06,22.0,78.4,71.6,72.4,100,False,No_Anomaly,73.33,75.52,-3.12,3.12,-4.13,72.75,9.99,72.59,10.04,-0.345,False,False,False,0.345,False,-0.1485,False,False,False,False,0,No Significant Anomaly,No Significant Direction,70.5,80.5,False
S238,Computer Networks,F05,22.0,78.4,71.6,75.7,100,False,No_Anomaly,73.33,75.52,0.18,0.18,0.24,74.08,9.85,72.72,10.8,0.078,False,False,False,0.078,False,-0.1346,False,False,False,False,0,No Significant Anomaly,No Significant Direction,70.5,80.5,False
S238,Machine Learning,F03,22.0,78.4,71.6,46.3,100,True,Severe_Undermarking,73.33,75.52,-29.22,29.22,-38.69,73.88,11.06,72.78,9.96,-3.693,True,True,True,3.693,True,0.0575,True,True,True,True,4,Strong Review Recommended,Potential Under-marking,70.5,80.5,True
S238,Software Engineering,F05,22.0,78.4,71.6,73.8,100,False,No_Anomaly,73.33,75.52,-1.72,1.72,-2.28,74.08,9.85,72.8,10.07,-0.166,False,False,False,0.166,False,-0.1595,False,False,False,False,0,No Significant Anomaly,No Significant Direction,70.5,80.5,False
S239,Compiler Design,F03,15.7,67.5,69.8,33.6,100,True,Severe_Undermarking,52.33,63.41,-29.81,29.81,-47.01,73.88,11.06,72.59,10.04,-3.769,True,True,True,3.769,True,0.0896,True,True,True,True,4,Strong Review Recommended,Potential Under-marking,58.4,68.4,True
S239,Computer Networks,F02,15.7,67.5,69.8,62.2,100,False,No_Anomaly,52.33,63.41,-1.21,1.21,-1.91,70.46,9.46,72.72,10.8,-0.1,False,False,False,0.1,False,-0.0684,False,False,False,False,0,No Significant Anomaly,No Significant Direction,58.4,68.4,False
S239,Machine Learning,F02,15.7,67.5,69.8,64.1,100,False,No_Anomaly,52.33,63.41,0.69,0.69,1.09,70.46,9.46,72.78,9.96,0.143,False,False,False,0.143,False,-0.0936,False,False,False,False,0,No Significant Anomaly,No Significant Direction,58.4,68.4,False
S239,Software Engineering,F07,15.7,67.5,69.8,54.3,100,False,No_Anomaly,52.33,63.41,-9.11,9.11,-14.37,69.71,10.67,72.8,10.07,-1.114,False,False,False,1.114,False,-0.0455,False,False,False,False,0,No Significant Anomaly,No Significant Direction,58.4,68.4,False
S240,Compiler Design,F06,17.9,78.2,78.5,74.8,100,False,No_Anomaly,59.67,72.7,2.1,2.1,2.89,72.75,9.99,72.59,10.04,0.324,False,False,False,0.324,False,-0.1487,False,False,False,False,0,No Significant Anomaly,No Significant Direction,67.7,77.7,False
S240,Computer Networks,F02,17.9,78.2,78.5,67.2,100,False,No_Anomaly,59.67,72.7,-5.5,5.5,-7.57,70.46,9.46,72.72,10.8,-0.651,False,False,False,0.651,False,-0.0848,False,False,False,False,0,No Significant Anomaly,No Significant Direction,67.7,77.7,False
S240,Machine Learning,F08,17.9,78.2,78.5,77.4,100,False,No_Anomaly,59.67,72.7,4.7,4.7,6.46,73.65,10.19,72.78,9.96,0.658,False,False,False,0.658,False,-0.1496,False,False,False,False,0,No Significant Anomaly,No Significant Direction,67.7,77.7,False
S240,Software Engineering,F02,17.9,78.2,78.5,79.0,100,False,No_Anomaly,59.67,72.7,6.3,6.3,8.67,70.46,9.46,72.8,10.07,0.863,False,False,False,0.863,False,-0.1059,False,False,False,False,0,No Significant Anomaly,No Significant Direction,67.7,77.7,False
S241,Compiler Design,F07,12.9,68.8,93.3,66.9,100,False,No_Anomaly,43.0,65.96,0.94,0.94,1.43,69.71,10.67,72.59,10.04,0.176,False,False,False,0.176,False,-0.043,False,False,False,False,0,No Significant Anomaly,No Significant Direction,61.0,71.0,False
S241,Computer Networks,F02,12.9,68.8,93.3,60.4,100,False,No_Anomaly,43.0,65.96,-5.56,5.56,-8.43,70.46,9.46,72.72,10.8,-0.658,False,False,False,0.658,False,-0.0459,False,False,False,False,0,No Significant Anomaly,No Significant Direction,61.0,71.0,False
S241,Machine Learning,F02,12.9,68.8,93.3,58.5,100,False,No_Anomaly,43.0,65.96,-7.46,7.46,-11.31,70.46,9.46,72.78,9.96,-0.902,False,False,False,0.902,False,-0.0609,False,False,False,False,0,No Significant Anomaly,No Significant Direction,61.0,71.0,False
S241,Software Engineering,F04,12.9,68.8,93.3,65.1,100,False,No_Anomaly,43.0,65.96,-0.86,0.86,-1.3,73.24,9.91,72.8,10.07,-0.055,False,False,False,0.055,False,-0.1238,False,False,False,False,0,No Significant Anomaly,No Significant Direction,61.0,71.0,False
S242,Compiler Design,F07,27.8,52.0,72.8,60.0,100,False,No_Anomaly,92.67,68.36,-8.36,8.36,-12.23,69.71,10.67,72.59,10.04,-1.018,False,False,False,1.018,False,-0.0439,False,False,False,False,0,No Significant Anomaly,No Significant Direction,63.4,73.4,False
S242,Computer Networks,F06,27.8,52.0,72.8,88.1,100,True,Severe_Overmarking,92.67,68.36,19.74,19.74,28.88,72.75,9.99,72.72,10.8,2.587,True,True,True,2.587,True,0.0142,True,True,True,True,4,Strong Review Recommended,Potential Over-marking,63.4,73.4,True
S242,Machine Learning,F03,27.8,52.0,72.8,77.0,100,False,No_Anomaly,92.67,68.36,8.64,8.64,12.64,73.88,11.06,72.78,9.96,1.163,False,False,False,1.163,False,-0.0615,False,False,False,False,0,No Significant Anomaly,No Significant Direction,63.4,73.4,False
S242,Software Engineering,F03,27.8,52.0,72.8,67.5,100,False,No_Anomaly,92.67,68.36,-0.86,0.86,-1.26,73.88,11.06,72.8,10.07,-0.055,False,False,False,0.055,False,-0.0991,False,False,False,False,0,No Significant Anomaly,No Significant Direction,63.4,73.4,False
S243,Compiler Design,F04,17.4,73.4,89.7,74.0,100,False,No_Anomaly,58.0,72.04,1.96,1.96,2.72,73.24,9.91,72.59,10.04,0.306,False,False,False,0.306,False,-0.1508,False,False,False,False,0,No Significant Anomaly,No Significant Direction,67.0,77.0,False
S243,Computer Networks,F05,17.4,73.4,89.7,66.3,100,False,No_Anomaly,58.0,72.04,-5.74,5.74,-7.97,74.08,9.85,72.72,10.8,-0.681,False,False,False,0.681,False,-0.1145,False,False,False,False,0,No Significant Anomaly,No Significant Direction,67.0,77.0,False
S243,Machine Learning,F08,17.4,73.4,89.7,72.6,100,False,No_Anomaly,58.0,72.04,0.56,0.56,0.78,73.65,10.19,72.78,9.96,0.127,False,False,False,0.127,False,-0.1565,False,False,False,False,0,No Significant Anomaly,No Significant Direction,67.0,77.0,False
S243,Software Engineering,F07,17.4,73.4,89.7,65.5,100,False,No_Anomaly,58.0,72.04,-6.54,6.54,-9.08,69.71,10.67,72.8,10.07,-0.784,False,False,False,0.784,False,-0.0967,False,False,False,False,0,No Significant Anomaly,No Significant Direction,67.0,77.0,False
S244,Compiler Design,F05,22.2,56.6,86.5,68.0,100,False,No_Anomaly,74.0,67.8,0.2,0.2,0.29,74.08,9.85,72.59,10.04,0.081,False,False,False,0.081,False,-0.1331,False,False,False,False,0,No Significant Anomaly,No Significant Direction,62.8,72.8,False
S244,Computer Networks,F06,22.2,56.6,86.5,70.4,100,False,No_Anomaly,74.0,67.8,2.6,2.6,3.83,72.75,9.99,72.72,10.8,0.388,False,False,False,0.388,False,-0.1382,False,False,False,False,0,No Significant Anomaly,No Significant Direction,62.8,72.8,False
S244,Machine Learning,F02,22.2,56.6,86.5,64.8,100,False,No_Anomaly,74.0,67.8,-3.0,3.0,-4.42,70.46,9.46,72.78,9.96,-0.33,False,False,False,0.33,False,-0.1167,False,False,False,False,0,No Significant Anomaly,No Significant Direction,62.8,72.8,False
S244,Software Engineering,F02,22.2,56.6,86.5,75.6,100,False,No_Anomaly,74.0,67.8,7.8,7.8,11.5,70.46,9.46,72.8,10.07,1.056,False,False,False,1.056,False,-0.0995,False,False,False,False,0,No Significant Anomaly,No Significant Direction,62.8,72.8,False
S245,Compiler Design,F03,23.1,76.6,80.1,89.0,100,False,No_Anomaly,77.0,77.42,11.58,11.58,14.96,73.88,11.06,72.59,10.04,1.54,False,False,False,1.54,False,-0.0664,False,False,False,False,0,No Significant Anomaly,Potential Over-marking,72.4,82.4,False
S245,Computer Networks,F04,23.1,76.6,80.1,74.7,100,False,No_Anomaly,77.0,77.42,-2.72,2.72,-3.51,73.24,9.91,72.72,10.8,-0.294,False,False,False,0.294,False,-0.1522,False,False,False,False,0,No Significant Anomaly,No Significant Direction,72.4,82.4,False
S245,Machine Learning,F08,23.1,76.6,80.1,77.9,100,False,No_Anomaly,77.0,77.42,0.48,0.48,0.62,73.65,10.19,72.78,9.96,0.116,False,False,False,0.116,False,-0.1649,False,False,False,False,0,No Significant Anomaly,No Significant Direction,72.4,82.4,False
S245,Software Engineering,F01,23.1,76.6,80.1,72.7,100,False,No_Anomaly,77.0,77.42,-4.72,4.72,-6.1,73.7,9.66,72.8,10.07,-0.551,False,False,False,0.551,False,-0.1679,False,False,False,False,0,No Significant Anomaly,No Significant Direction,72.4,82.4,False
S246,Compiler Design,F04,25.2,71.9,89.8,78.7,100,False,No_Anomaly,84.0,79.11,-0.41,0.41,-0.52,73.24,9.91,72.59,10.04,0.002,False,False,False,0.002,False,-0.1547,False,False,False,False,0,No Significant Anomaly,No Significant Direction,74.1,84.1,False
S246,Computer Networks,F01,25.2,71.9,89.8,76.4,100,False,No_Anomaly,84.0,79.11,-2.71,2.71,-3.43,73.7,9.66,72.72,10.8,-0.293,False,False,False,0.293,False,-0.1319,False,False,False,False,0,No Significant Anomaly,No Significant Direction,74.1,84.1,False
S246,Machine Learning,F03,25.2,71.9,89.8,81.1,100,False,No_Anomaly,84.0,79.11,1.99,1.99,2.52,73.88,11.06,72.78,9.96,0.31,False,False,False,0.31,False,-0.1142,False,False,False,False,0,No Significant Anomaly,No Significant Direction,74.1,84.1,False
S246,Software Engineering,F07,25.2,71.9,89.8,62.4,100,False,No_Anomaly,84.0,79.11,-16.71,16.71,-21.12,69.71,10.67,72.8,10.07,-2.089,False,True,True,2.089,False,-0.0418,False,True,False,False,1,No Significant Anomaly,Potential Under-marking,74.1,84.1,False
S247,Compiler Design,F06,26.0,50.6,59.5,64.3,100,False,No_Anomaly,86.67,63.2,1.1,1.1,1.74,72.75,9.99,72.59,10.04,0.196,False,False,False,0.196,False,-0.0692,False,False,False,False,0,No Significant Anomaly,No Significant Direction,58.2,68.2,False
S247,Computer Networks,F08,26.0,50.6,59.5,92.0,100,True,Severe_Overmarking,86.67,63.2,28.8,28.8,45.57,73.65,10.19,72.72,10.8,3.749,True,True,True,3.749,True,0.083,True,True,True,True,4,Strong Review Recommended,Potential Over-marking,58.2,68.2,True
S247,Machine Learning,F03,26.0,50.6,59.5,64.6,100,False,No_Anomaly,86.67,63.2,1.4,1.4,2.22,73.88,11.06,72.78,9.96,0.235,False,False,False,0.235,False,-0.0632,False,False,False,False,0,No Significant Anomaly,No Significant Direction,58.2,68.2,False
S247,Software Engineering,F07,26.0,50.6,59.5,58.1,100,False,No_Anomaly,86.67,63.2,-5.1,5.1,-8.07,69.71,10.67,72.8,10.07,-0.599,False,False,False,0.599,False,-0.0391,False,False,False,False,0,No Significant Anomaly,No Significant Direction,58.2,68.2,False
S248,Compiler Design,F08,14.6,84.3,71.8,68.0,100,False,No_Anomaly,48.67,71.11,-3.11,3.11,-4.37,73.65,10.19,72.59,10.04,-0.344,False,False,False,0.344,False,-0.1088,False,False,False,False,0,No Significant Anomaly,No Significant Direction,66.1,76.1,False
S248,Computer Networks,F05,14.6,84.3,71.8,79.2,100,False,No_Anomaly,48.67,71.11,8.09,8.09,11.38,74.08,9.85,72.72,10.8,1.093,False,False,False,1.093,False,-0.0724,False,False,False,False,0,No Significant Anomaly,No Significant Direction,66.1,76.1,False
S248,Machine Learning,F04,14.6,84.3,71.8,67.6,100,False,No_Anomaly,48.67,71.11,-3.51,3.51,-4.94,73.24,9.91,72.78,9.96,-0.395,False,False,False,0.395,False,-0.1245,False,False,False,False,0,No Significant Anomaly,No Significant Direction,66.1,76.1,False
S248,Software Engineering,F01,14.6,84.3,71.8,67.7,100,False,No_Anomaly,48.67,71.11,-3.41,3.41,-4.8,73.7,9.66,72.8,10.07,-0.383,False,False,False,0.383,False,-0.1227,False,False,False,False,0,No Significant Anomaly,No Significant Direction,66.1,76.1,False
S249,Compiler Design,F06,29.2,71.2,91.3,88.9,100,False,No_Anomaly,97.33,83.06,5.84,5.84,7.03,72.75,9.99,72.59,10.04,0.804,False,False,False,0.804,False,-0.0786,False,False,False,False,0,No Significant Anomaly,No Significant Direction,78.1,88.1,False
S249,Computer Networks,F01,29.2,71.2,91.3,82.5,100,False,No_Anomaly,97.33,83.06,-0.56,0.56,-0.67,73.7,9.66,72.72,10.8,-0.017,False,False,False,0.017,False,-0.0947,False,False,False,False,0,No Significant Anomaly,No Significant Direction,78.1,88.1,False
S249,Machine Learning,F05,29.2,71.2,91.3,74.1,100,False,No_Anomaly,97.33,83.06,-8.96,8.96,-10.79,74.08,9.85,72.78,9.96,-1.094,False,False,False,1.094,False,-0.0917,False,False,False,False,0,No Significant Anomaly,No Significant Direction,78.1,88.1,False
S249,Software Engineering,F02,29.2,71.2,91.3,74.6,100,False,No_Anomaly,97.33,83.06,-8.46,8.46,-10.19,70.46,9.46,72.8,10.07,-1.03,False,False,False,1.03,False,-0.08,False,False,False,False,0,No Significant Anomaly,No Significant Direction,78.1,88.1,False
S250,Compiler Design,F07,18.4,76.2,78.3,68.3,100,False,No_Anomaly,61.33,72.16,-3.86,3.86,-5.35,69.71,10.67,72.59,10.04,-0.44,False,False,False,0.44,False,-0.1015,False,False,False,False,0,No Significant Anomaly,No Significant Direction,67.2,77.2,False
S250,Computer Networks,F05,18.4,76.2,78.3,68.7,100,False,No_Anomaly,61.33,72.16,-3.46,3.46,-4.79,74.08,9.85,72.72,10.8,-0.389,False,False,False,0.389,False,-0.1344,False,False,False,False,0,No Significant Anomaly,No Significant Direction,67.2,77.2,False
S250,Machine Learning,F06,18.4,76.2,78.3,69.1,100,False,No_Anomaly,61.33,72.16,-3.06,3.06,-4.24,72.75,9.99,72.78,9.96,-0.338,False,False,False,0.338,False,-0.1601,False,False,False,False,0,No Significant Anomaly,No Significant Direction,67.2,77.2,False
S250,Software Engineering,F04,18.4,76.2,78.3,75.6,100,False,No_Anomaly,61.33,72.16,3.44,3.44,4.77,73.24,9.91,72.8,10.07,0.496,False,False,False,0.496,False,-0.1732,False,False,False,False,0,No Significant Anomaly,No Significant Direction,67.2,77.2,False
S251,Compiler Design,F04,17.9,70.1,79.0,64.1,100,False,No_Anomaly,59.67,68.75,-4.65,4.65,-6.76,73.24,9.91,72.59,10.04,-0.542,False,False,False,0.542,False,-0.1402,False,False,False,False,0,No Significant Anomaly,No Significant Direction,63.8,73.8,False
S251,Computer Networks,F01,17.9,70.1,79.0,66.0,100,False,No_Anomaly,59.67,68.75,-2.75,2.75,-4.0,73.7,9.66,72.72,10.8,-0.298,False,False,False,0.298,False,-0.1366,False,False,False,False,0,No Significant Anomaly,No Significant Direction,63.8,73.8,False
S251,Machine Learning,F01,17.9,70.1,79.0,74.3,100,False,No_Anomaly,59.67,68.75,5.55,5.55,8.07,73.7,9.66,72.78,9.96,0.767,False,False,False,0.767,False,-0.1489,False,False,False,False,0,No Significant Anomaly,No Significant Direction,63.8,73.8,False
S251,Software Engineering,F08,17.9,70.1,79.0,58.2,100,False,No_Anomaly,59.67,68.75,-10.55,10.55,-15.35,73.65,10.19,72.8,10.07,-1.298,False,False,False,1.298,False,-0.1067,False,False,False,False,0,No Significant Anomaly,Potential Under-marking,63.8,73.8,False
S252,Compiler Design,F08,26.5,94.6,99.9,92.2,100,False,No_Anomaly,88.33,93.78,-1.58,1.58,-1.68,73.65,10.19,72.59,10.04,-0.148,False,False,False,0.148,False,-0.0309,False,False,False,False,0,No Significant Anomaly,No Significant Direction,88.8,98.8,False
S252,Computer Networks,F01,26.5,94.6,99.9,94.5,100,False,No_Anomaly,88.33,93.78,0.72,0.72,0.77,73.7,9.66,72.72,10.8,0.147,False,False,False,0.147,False,-0.0258,False,False,False,False,0,No Significant Anomaly,No Significant Direction,88.8,98.8,False
S252,Machine Learning,F02,26.5,94.6,99.9,83.6,100,False,No_Anomaly,88.33,93.78,-10.18,10.18,-10.86,70.46,9.46,72.78,9.96,-1.251,False,False,False,1.251,True,0.0062,False,False,True,False,1,No Significant Anomaly,Potential Under-marking,88.8,98.8,False
S252,Software Engineering,F01,26.5,94.6,99.9,89.5,100,False,No_Anomaly,88.33,93.78,-4.28,4.28,-4.56,73.7,9.66,72.8,10.07,-0.494,False,False,False,0.494,False,-0.0452,False,False,False,False,0,No Significant Anomaly,No Significant Direction,88.8,98.8,False
S253,Compiler Design,F03,24.6,58.9,90.6,70.5,100,False,No_Anomaly,82.0,72.17,-1.67,1.67,-2.31,73.88,11.06,72.59,10.04,-0.159,False,False,False,0.159,False,-0.1103,False,False,False,False,0,No Significant Anomaly,No Significant Direction,67.2,77.2,False
S253,Computer Networks,F01,24.6,58.9,90.6,70.5,100,False,No_Anomaly,82.0,72.17,-1.67,1.67,-2.31,73.7,9.66,72.72,10.8,-0.159,False,False,False,0.159,False,-0.1376,False,False,False,False,0,No Significant Anomaly,No Significant Direction,67.2,77.2,False
S253,Machine Learning,F05,24.6,58.9,90.6,77.3,100,False,No_Anomaly,82.0,72.17,5.13,5.13,7.11,74.08,9.85,72.78,9.96,0.713,False,False,False,0.713,False,-0.1452,False,False,False,False,0,No Significant Anomaly,No Significant Direction,67.2,77.2,False
S253,Software Engineering,F05,24.6,58.9,90.6,73.5,100,False,No_Anomaly,82.0,72.17,1.33,1.33,1.84,74.08,9.85,72.8,10.07,0.226,False,False,False,0.226,False,-0.16,False,False,False,False,0,No Significant Anomaly,No Significant Direction,67.2,77.2,False
S254,Compiler Design,F03,24.5,75.3,94.5,81.2,100,False,No_Anomaly,81.67,81.05,0.15,0.15,0.19,73.88,11.06,72.59,10.04,0.074,False,False,False,0.074,False,-0.1099,False,False,False,False,0,No Significant Anomaly,No Significant Direction,76.0,86.0,False
S254,Computer Networks,F04,24.5,75.3,94.5,83.5,100,False,No_Anomaly,81.67,81.05,2.45,2.45,3.02,73.24,9.91,72.72,10.8,0.369,False,False,False,0.369,False,-0.1199,False,False,False,False,0,No Significant Anomaly,No Significant Direction,76.0,86.0,False
S254,Machine Learning,F06,24.5,75.3,94.5,81.4,100,False,No_Anomaly,81.67,81.05,0.35,0.35,0.43,72.75,9.99,72.78,9.96,0.1,False,False,False,0.1,False,-0.1338,False,False,False,False,0,No Significant Anomaly,No Significant Direction,76.0,86.0,False
S254,Software Engineering,F04,24.5,75.3,94.5,86.3,100,False,No_Anomaly,81.67,81.05,5.25,5.25,6.48,73.24,9.91,72.8,10.07,0.728,False,False,False,0.728,False,-0.1335,False,False,False,False,0,No Significant Anomaly,No Significant Direction,76.0,86.0,False
S255,Compiler Design,F05,23.4,78.9,88.4,86.9,100,False,No_Anomaly,78.0,80.53,6.37,6.37,7.91,74.08,9.85,72.59,10.04,0.872,False,False,False,0.872,False,-0.1131,False,False,False,False,0,No Significant Anomaly,No Significant Direction,75.5,85.5,False
S255,Computer Networks,F04,23.4,78.9,88.4,72.4,100,False,No_Anomaly,78.0,80.53,-8.13,8.13,-10.1,73.24,9.91,72.72,10.8,-0.988,False,False,False,0.988,False,-0.1135,False,False,False,False,0,No Significant Anomaly,No Significant Direction,75.5,85.5,False
S255,Machine Learning,F08,23.4,78.9,88.4,89.7,100,False,No_Anomaly,78.0,80.53,9.17,9.17,11.39,73.65,10.19,72.78,9.96,1.231,False,False,False,1.231,False,-0.1075,False,False,False,False,0,No Significant Anomaly,No Significant Direction,75.5,85.5,False
S255,Software Engineering,F01,23.4,78.9,88.4,73.8,100,False,No_Anomaly,78.0,80.53,-6.73,6.73,-8.36,73.7,9.66,72.8,10.07,-0.808,False,False,False,0.808,False,-0.1505,False,False,False,False,0,No Significant Anomaly,No Significant Direction,75.5,85.5,False
S256,Compiler Design,F02,19.8,48.6,82.8,58.6,100,False,No_Anomaly,66.0,60.66,-2.06,2.06,-3.4,70.46,9.46,72.59,10.04,-0.209,False,False,False,0.209,False,-0.0576,False,False,False,False,0,No Significant Anomaly,No Significant Direction,55.7,65.7,False
S256,Computer Networks,F01,19.8,48.6,82.8,60.3,100,False,No_Anomaly,66.0,60.66,-0.36,0.36,-0.59,73.7,9.66,72.72,10.8,0.009,False,False,False,0.009,False,-0.0952,False,False,False,False,0,No Significant Anomaly,No Significant Direction,55.7,65.7,False
S256,Machine Learning,F04,19.8,48.6,82.8,39.9,100,True,Severe_Undermarking,66.0,60.66,-20.76,20.76,-34.22,73.24,9.91,72.78,9.96,-2.608,True,True,True,2.608,True,0.0319,True,True,True,True,4,Strong Review Recommended,Potential Under-marking,55.7,65.7,True
S256,Software Engineering,F06,19.8,48.6,82.8,66.2,100,False,No_Anomaly,66.0,60.66,5.54,5.54,9.13,72.75,9.99,72.8,10.07,0.766,False,False,False,0.766,False,-0.1105,False,False,False,False,0,No Significant Anomaly,No Significant Direction,55.7,65.7,False
S257,Compiler Design,F03,28.9,54.6,98.8,83.4,100,False,No_Anomaly,96.33,75.96,7.44,7.44,9.79,73.88,11.06,72.59,10.04,1.009,False,False,False,1.009,False,-0.0365,False,False,False,False,0,No Significant Anomaly,No Significant Direction,71.0,81.0,False
S257,Computer Networks,F08,28.9,54.6,98.8,73.6,100,False,No_Anomaly,96.33,75.96,-2.36,2.36,-3.11,73.65,10.19,72.72,10.8,-0.248,False,False,False,0.248,False,-0.0874,False,False,False,False,0,No Significant Anomaly,No Significant Direction,71.0,81.0,False
S257,Machine Learning,F02,28.9,54.6,98.8,69.7,100,False,No_Anomaly,96.33,75.96,-6.26,6.26,-8.24,70.46,9.46,72.78,9.96,-0.748,False,False,False,0.748,False,-0.06,False,False,False,False,0,No Significant Anomaly,No Significant Direction,71.0,81.0,False
S257,Software Engineering,F01,28.9,54.6,98.8,76.0,100,False,No_Anomaly,96.33,75.96,0.04,0.04,0.05,73.7,9.66,72.8,10.07,0.06,False,False,False,0.06,False,-0.109,False,False,False,False,0,No Significant Anomaly,No Significant Direction,71.0,81.0,False
S258,Compiler Design,F04,27.4,86.3,84.6,86.5,100,False,No_Anomaly,91.33,87.47,-0.97,0.97,-1.11,73.24,9.91,72.59,10.04,-0.07,False,False,False,0.07,False,-0.1,False,False,False,False,0,No Significant Anomaly,No Significant Direction,82.5,92.5,False
S258,Computer Networks,F03,27.4,86.3,84.6,88.4,100,False,No_Anomaly,91.33,87.47,0.93,0.93,1.06,73.88,11.06,72.72,10.8,0.174,False,False,False,0.174,False,-0.0516,False,False,False,False,0,No Significant Anomaly,No Significant Direction,82.5,92.5,False
S258,Machine Learning,F04,27.4,86.3,84.6,84.7,100,False,No_Anomaly,91.33,87.47,-2.77,2.77,-3.17,73.24,9.91,72.78,9.96,-0.3,False,False,False,0.3,False,-0.1042,False,False,False,False,0,No Significant Anomaly,No Significant Direction,82.5,92.5,False
S258,Software Engineering,F07,27.4,86.3,84.6,87.6,100,False,No_Anomaly,91.33,87.47,0.13,0.13,0.15,69.71,10.67,72.8,10.07,0.072,False,False,False,0.072,False,-0.048,False,False,False,False,0,No Significant Anomaly,No Significant Direction,82.5,92.5,False
S259,Compiler Design,F08,17.6,70.1,84.0,77.8,100,False,No_Anomaly,58.67,69.45,8.35,8.35,12.02,73.65,10.19,72.59,10.04,1.126,False,False,False,1.126,False,-0.1211,False,False,False,False,0,No Significant Anomaly,No Significant Direction,64.4,74.4,False
S259,Computer Networks,F06,17.6,70.1,84.0,77.1,100,False,No_Anomaly,58.67,69.45,7.65,7.65,11.02,72.75,9.99,72.72,10.8,1.036,False,False,False,1.036,False,-0.1139,False,False,False,False,0,No Significant Anomaly,No Significant Direction,64.4,74.4,False
S259,Machine Learning,F03,17.6,70.1,84.0,79.0,100,False,No_Anomaly,58.67,69.45,9.55,9.55,13.75,73.88,11.06,72.78,9.96,1.28,False,False,False,1.28,False,-0.0805,False,False,False,False,0,No Significant Anomaly,No Significant Direction,64.4,74.4,False
S259,Software Engineering,F06,17.6,70.1,84.0,72.0,100,False,No_Anomaly,58.67,69.45,2.55,2.55,3.67,72.75,9.99,72.8,10.07,0.382,False,False,False,0.382,False,-0.1646,False,False,False,False,0,No Significant Anomaly,No Significant Direction,64.4,74.4,False
S260,Compiler Design,F01,16.8,74.8,82.6,64.2,100,False,No_Anomaly,56.0,70.72,-6.52,6.52,-9.22,73.7,9.66,72.59,10.04,-0.781,False,False,False,0.781,False,-0.1211,False,False,False,False,0,No Significant Anomaly,No Significant Direction,65.7,75.7,False
S260,Computer Networks,F07,16.8,74.8,82.6,63.8,100,False,No_Anomaly,56.0,70.72,-6.92,6.92,-9.79,69.71,10.67,72.72,10.8,-0.833,False,False,False,0.833,False,-0.0695,False,False,False,False,0,No Significant Anomaly,No Significant Direction,65.7,75.7,False
S260,Machine Learning,F02,16.8,74.8,82.6,67.2,100,False,No_Anomaly,56.0,70.72,-3.52,3.52,-4.98,70.46,9.46,72.78,9.96,-0.397,False,False,False,0.397,False,-0.1151,False,False,False,False,0,No Significant Anomaly,No Significant Direction,65.7,75.7,False
S260,Software Engineering,F05,16.8,74.8,82.6,73.3,100,False,No_Anomaly,56.0,70.72,2.58,2.58,3.65,74.08,9.85,72.8,10.07,0.386,False,False,False,0.386,False,-0.1594,False,False,False,False,0,No Significant Anomaly,No Significant Direction,65.7,75.7,False
S261,Compiler Design,F01,29.2,69.4,81.2,77.9,100,False,No_Anomaly,97.33,80.14,-2.24,2.24,-2.8,73.7,9.66,72.59,10.04,-0.232,False,False,False,0.232,False,-0.1325,False,False,False,False,0,No Significant Anomaly,No Significant Direction,75.1,85.1,False
S261,Computer Networks,F07,29.2,69.4,81.2,68.2,100,False,No_Anomaly,97.33,80.14,-11.94,11.94,-14.9,69.71,10.67,72.72,10.8,-1.477,False,False,False,1.477,False,-0.0233,False,False,False,False,0,No Significant Anomaly,Potential Under-marking,75.1,85.1,False
S261,Machine Learning,F07,29.2,69.4,81.2,85.3,100,False,No_Anomaly,97.33,80.14,5.16,5.16,6.44,69.71,10.67,72.78,9.96,0.717,False,False,False,0.717,False,-0.0696,False,False,False,False,0,No Significant Anomaly,No Significant Direction,75.1,85.1,False
S261,Software Engineering,F01,29.2,69.4,81.2,73.7,100,False,No_Anomaly,97.33,80.14,-6.44,6.44,-8.04,73.7,9.66,72.8,10.07,-0.771,False,False,False,0.771,False,-0.1435,False,False,False,False,0,No Significant Anomaly,No Significant Direction,75.1,85.1,False
S262,Compiler Design,F03,23.0,80.7,82.1,87.4,100,False,No_Anomaly,76.67,79.77,7.63,7.63,9.56,73.88,11.06,72.59,10.04,1.034,False,False,False,1.034,False,-0.0861,False,False,False,False,0,No Significant Anomaly,No Significant Direction,74.8,84.8,False
S262,Computer Networks,F06,23.0,80.7,82.1,81.5,100,False,No_Anomaly,76.67,79.77,1.73,1.73,2.17,72.75,9.99,72.72,10.8,0.277,False,False,False,0.277,False,-0.1366,False,False,False,False,0,No Significant Anomaly,No Significant Direction,74.8,84.8,False
S262,Machine Learning,F08,23.0,80.7,82.1,80.4,100,False,No_Anomaly,76.67,79.77,0.63,0.63,0.79,73.65,10.19,72.78,9.96,0.136,False,False,False,0.136,False,-0.1586,False,False,False,False,0,No Significant Anomaly,No Significant Direction,74.8,84.8,False
S262,Software Engineering,F07,23.0,80.7,82.1,72.0,100,False,No_Anomaly,76.67,79.77,-7.77,7.77,-9.74,69.71,10.67,72.8,10.07,-0.942,False,False,False,0.942,False,-0.1087,False,False,False,False,0,No Significant Anomaly,No Significant Direction,74.8,84.8,False
S263,Compiler Design,F04,17.7,70.5,80.0,65.7,100,False,No_Anomaly,59.0,68.95,-3.25,3.25,-4.71,73.24,9.91,72.59,10.04,-0.362,False,False,False,0.362,False,-0.1439,False,False,False,False,0,No Significant Anomaly,No Significant Direction,64.0,74.0,False
S263,Computer Networks,F07,17.7,70.5,80.0,64.0,100,False,No_Anomaly,59.0,68.95,-4.95,4.95,-7.18,69.71,10.67,72.72,10.8,-0.58,False,False,False,0.58,False,-0.0833,False,False,False,False,0,No Significant Anomaly,No Significant Direction,64.0,74.0,False
S263,Machine Learning,F06,17.7,70.5,80.0,67.3,100,False,No_Anomaly,59.0,68.95,-1.65,1.65,-2.39,72.75,9.99,72.78,9.96,-0.157,False,False,False,0.157,False,-0.1603,False,False,False,False,0,No Significant Anomaly,No Significant Direction,64.0,74.0,False
S263,Software Engineering,F03,17.7,70.5,80.0,68.3,100,False,No_Anomaly,59.0,68.95,-0.65,0.65,-0.94,73.88,11.06,72.8,10.07,-0.028,False,False,False,0.028,False,-0.1315,False,False,False,False,0,No Significant Anomaly,No Significant Direction,64.0,74.0,False
S264,Compiler Design,F07,17.0,68.2,74.5,69.1,100,False,No_Anomaly,56.67,66.0,3.1,3.1,4.7,69.71,10.67,72.59,10.04,0.453,False,False,False,0.453,False,-0.0832,False,False,False,False,0,No Significant Anomaly,No Significant Direction,61.0,71.0,False
S264,Computer Networks,F07,17.0,68.2,74.5,68.9,100,False,No_Anomaly,56.67,66.0,2.9,2.9,4.39,69.71,10.67,72.72,10.8,0.427,False,False,False,0.427,False,-0.0798,False,False,False,False,0,No Significant Anomaly,No Significant Direction,61.0,71.0,False
S264,Machine Learning,F07,17.0,68.2,74.5,95.9,100,True,Severe_Overmarking,56.67,66.0,29.9,29.9,45.3,69.71,10.67,72.78,9.96,3.891,True,True,True,3.891,True,0.0736,True,True,True,True,4,Strong Review Recommended,Potential Over-marking,61.0,71.0,True
S264,Software Engineering,F06,17.0,68.2,74.5,65.4,100,False,No_Anomaly,56.67,66.0,-0.6,0.6,-0.91,72.75,9.99,72.8,10.07,-0.022,False,False,False,0.022,False,-0.1494,False,False,False,False,0,No Significant Anomaly,No Significant Direction,61.0,71.0,False
S265,Compiler Design,F01,14.9,76.1,85.9,67.4,100,False,No_Anomaly,49.67,70.13,-2.73,2.73,-3.89,73.7,9.66,72.59,10.04,-0.295,False,False,False,0.295,False,-0.1251,False,False,False,False,0,No Significant Anomaly,No Significant Direction,65.1,75.1,False
S265,Computer Networks,F08,14.9,76.1,85.9,70.3,100,False,No_Anomaly,49.67,70.13,0.17,0.17,0.24,73.65,10.19,72.72,10.8,0.077,False,False,False,0.077,False,-0.1179,False,False,False,False,0,No Significant Anomaly,No Significant Direction,65.1,75.1,False
S265,Machine Learning,F07,14.9,76.1,85.9,60.6,100,False,No_Anomaly,49.67,70.13,-9.53,9.53,-13.59,69.71,10.67,72.78,9.96,-1.168,False,False,False,1.168,False,-0.0613,False,False,False,False,0,No Significant Anomaly,No Significant Direction,65.1,75.1,False
S265,Software Engineering,F01,14.9,76.1,85.9,68.0,100,False,No_Anomaly,49.67,70.13,-2.13,2.13,-3.04,73.7,9.66,72.8,10.07,-0.218,False,False,False,0.218,False,-0.1468,False,False,False,False,0,No Significant Anomaly,No Significant Direction,65.1,75.1,False
S266,Compiler Design,F05,26.2,68.5,92.0,87.1,100,False,No_Anomaly,87.33,78.85,8.25,8.25,10.46,74.08,9.85,72.59,10.04,1.113,False,False,False,1.113,False,-0.0953,False,False,False,False,0,No Significant Anomaly,No Significant Direction,73.8,83.8,False
S266,Computer Networks,F07,26.2,68.5,92.0,80.1,100,False,No_Anomaly,87.33,78.85,1.25,1.25,1.59,69.71,10.67,72.72,10.8,0.215,False,False,False,0.215,False,-0.0802,False,False,False,False,0,No Significant Anomaly,No Significant Direction,73.8,83.8,False
S266,Machine Learning,F01,26.2,68.5,92.0,79.6,100,False,No_Anomaly,87.33,78.85,0.75,0.75,0.95,73.7,9.66,72.78,9.96,0.151,False,False,False,0.151,False,-0.1434,False,False,False,False,0,No Significant Anomaly,No Significant Direction,73.8,83.8,False
S266,Software Engineering,F06,26.2,68.5,92.0,83.2,100,False,No_Anomaly,87.33,78.85,4.35,4.35,5.52,72.75,9.99,72.8,10.07,0.613,False,False,False,0.613,False,-0.14,False,False,False,False,0,No Significant Anomaly,No Significant Direction,73.8,83.8,False
S267,Compiler Design,F03,18.6,82.3,82.4,75.7,100,False,No_Anomaly,62.0,76.23,-0.53,0.53,-0.7,73.88,11.06,72.59,10.04,-0.013,False,False,False,0.013,False,-0.1209,False,False,False,False,0,No Significant Anomaly,No Significant Direction,71.2,81.2,False
S267,Computer Networks,F07,18.6,82.3,82.4,78.0,100,False,No_Anomaly,62.0,76.23,1.77,1.77,2.32,69.71,10.67,72.72,10.8,0.282,False,False,False,0.282,False,-0.0863,False,False,False,False,0,No Significant Anomaly,No Significant Direction,71.2,81.2,False
S267,Machine Learning,F08,18.6,82.3,82.4,68.6,100,False,No_Anomaly,62.0,76.23,-7.63,7.63,-10.01,73.65,10.19,72.78,9.96,-0.924,False,False,False,0.924,False,-0.1379,False,False,False,False,0,No Significant Anomaly,No Significant Direction,71.2,81.2,False
S267,Software Engineering,F08,18.6,82.3,82.4,79.1,100,False,No_Anomaly,62.0,76.23,2.87,2.87,3.76,73.65,10.19,72.8,10.07,0.423,False,False,False,0.423,False,-0.1591,False,False,False,False,0,No Significant Anomaly,No Significant Direction,71.2,81.2,False
S268,Compiler Design,F02,23.5,57.0,85.4,61.3,100,False,No_Anomaly,78.33,69.08,-7.78,7.78,-11.26,70.46,9.46,72.59,10.04,-0.943,False,False,False,0.943,False,-0.0804,False,False,False,False,0,No Significant Anomaly,No Significant Direction,64.1,74.1,False
S268,Computer Networks,F03,23.5,57.0,85.4,68.1,100,False,No_Anomaly,78.33,69.08,-0.98,0.98,-1.42,73.88,11.06,72.72,10.8,-0.071,False,False,False,0.071,False,-0.0985,False,False,False,False,0,No Significant Anomaly,No Significant Direction,64.1,74.1,False
S268,Machine Learning,F03,23.5,57.0,85.4,40.0,100,True,Severe_Undermarking,78.33,69.08,-29.08,29.08,-42.1,73.88,11.06,72.78,9.96,-3.676,True,True,True,3.676,True,0.0716,True,True,True,True,4,Strong Review Recommended,Potential Under-marking,64.1,74.1,True
S268,Software Engineering,F07,23.5,57.0,85.4,68.5,100,False,No_Anomaly,78.33,69.08,-0.58,0.58,-0.84,69.71,10.67,72.8,10.07,-0.019,False,False,False,0.019,False,-0.1111,False,False,False,False,0,No Significant Anomaly,No Significant Direction,64.1,74.1,False
S269,Compiler Design,F04,21.5,85.4,93.0,83.4,100,False,No_Anomaly,71.67,82.8,0.6,0.6,0.72,73.24,9.91,72.59,10.04,0.132,False,False,False,0.132,False,-0.1277,False,False,False,False,0,No Significant Anomaly,No Significant Direction,77.8,87.8,False
S269,Computer Networks,F03,21.5,85.4,93.0,78.8,100,False,No_Anomaly,71.67,82.8,-4.0,4.0,-4.83,73.88,11.06,72.72,10.8,-0.458,False,False,False,0.458,False,-0.0681,False,False,False,False,0,No Significant Anomaly,No Significant Direction,77.8,87.8,False
S269,Machine Learning,F02,21.5,85.4,93.0,75.4,100,False,No_Anomaly,71.67,82.8,-7.4,7.4,-8.94,70.46,9.46,72.78,9.96,-0.894,False,False,False,0.894,False,-0.0877,False,False,False,False,0,No Significant Anomaly,No Significant Direction,77.8,87.8,False
S269,Software Engineering,F07,21.5,85.4,93.0,82.0,100,False,No_Anomaly,71.67,82.8,-0.8,0.8,-0.97,69.71,10.67,72.8,10.07,-0.048,False,False,False,0.048,False,-0.0877,False,False,False,False,0,No Significant Anomaly,No Significant Direction,77.8,87.8,False
S270,Compiler Design,F05,22.9,55.1,78.8,75.1,100,False,No_Anomaly,76.33,66.21,8.89,8.89,13.43,74.08,9.85,72.59,10.04,1.195,False,False,False,1.195,False,-0.1174,False,False,False,False,0,No Significant Anomaly,No Significant Direction,61.2,71.2,False
S270,Computer Networks,F02,22.9,55.1,78.8,74.9,100,False,No_Anomaly,76.33,66.21,8.69,8.69,13.12,70.46,9.46,72.72,10.8,1.17,False,False,False,1.17,False,-0.0594,False,False,False,False,0,No Significant Anomaly,No Significant Direction,61.2,71.2,False
S270,Machine Learning,F07,22.9,55.1,78.8,59.0,100,False,No_Anomaly,76.33,66.21,-7.21,7.21,-10.89,69.71,10.67,72.78,9.96,-0.87,False,False,False,0.87,False,-0.0824,False,False,False,False,0,No Significant Anomaly,No Significant Direction,61.2,71.2,False
S270,Software Engineering,F05,22.9,55.1,78.8,70.3,100,False,No_Anomaly,76.33,66.21,4.09,4.09,6.18,74.08,9.85,72.8,10.07,0.58,False,False,False,0.58,False,-0.1527,False,False,False,False,0,No Significant Anomaly,No Significant Direction,61.2,71.2,False
S271,Compiler Design,F06,23.0,67.6,76.2,67.3,100,False,No_Anomaly,76.67,72.04,-4.74,4.74,-6.58,72.75,9.99,72.59,10.04,-0.553,False,False,False,0.553,False,-0.148,False,False,False,False,0,No Significant Anomaly,No Significant Direction,67.0,77.0,False
S271,Computer Networks,F01,23.0,67.6,76.2,71.5,100,False,No_Anomaly,76.67,72.04,-0.54,0.54,-0.75,73.7,9.66,72.72,10.8,-0.014,False,False,False,0.014,False,-0.1479,False,False,False,False,0,No Significant Anomaly,No Significant Direction,67.0,77.0,False
S271,Machine Learning,F07,23.0,67.6,76.2,74.2,100,False,No_Anomaly,76.67,72.04,2.16,2.16,3.0,69.71,10.67,72.78,9.96,0.332,False,False,False,0.332,False,-0.1222,False,False,False,False,0,No Significant Anomaly,No Significant Direction,67.0,77.0,False
S271,Software Engineering,F01,23.0,67.6,76.2,83.2,100,False,No_Anomaly,76.67,72.04,11.16,11.16,15.49,73.7,9.66,72.8,10.07,1.487,False,False,False,1.487,False,-0.1201,False,False,False,False,0,No Significant Anomaly,Potential Over-marking,67.0,77.0,False
S272,Compiler Design,F06,23.2,64.0,75.7,73.4,100,False,No_Anomaly,77.33,70.34,3.06,3.06,4.35,72.75,9.99,72.59,10.04,0.447,False,False,False,0.447,False,-0.151,False,False,False,False,0,No Significant Anomaly,No Significant Direction,65.3,75.3,False
S272,Computer Networks,F01,23.2,64.0,75.7,79.0,100,False,No_Anomaly,77.33,70.34,8.66,8.66,12.31,73.7,9.66,72.72,10.8,1.166,False,False,False,1.166,False,-0.1101,False,False,False,False,0,No Significant Anomaly,No Significant Direction,65.3,75.3,False
S272,Machine Learning,F01,23.2,64.0,75.7,73.5,100,False,No_Anomaly,77.33,70.34,3.16,3.16,4.49,73.7,9.66,72.78,9.96,0.46,False,False,False,0.46,False,-0.1676,False,False,False,False,0,No Significant Anomaly,No Significant Direction,65.3,75.3,False
S272,Software Engineering,F03,23.2,64.0,75.7,73.1,100,False,No_Anomaly,77.33,70.34,2.76,2.76,3.92,73.88,11.06,72.8,10.07,0.409,False,False,False,0.409,False,-0.1365,False,False,False,False,0,No Significant Anomaly,No Significant Direction,65.3,75.3,False
S273,Compiler Design,F01,23.1,65.2,84.4,69.6,100,False,No_Anomaly,77.0,72.58,-2.98,2.98,-4.11,73.7,9.66,72.59,10.04,-0.327,False,False,False,0.327,False,-0.1561,False,False,False,False,0,No Significant Anomaly,No Significant Direction,67.6,77.6,False
S273,Computer Networks,F06,23.1,65.2,84.4,78.7,100,False,No_Anomaly,77.0,72.58,6.12,6.12,8.43,72.75,9.99,72.72,10.8,0.84,False,False,False,0.84,False,-0.1308,False,False,False,False,0,No Significant Anomaly,No Significant Direction,67.6,77.6,False
S273,Machine Learning,F01,23.1,65.2,84.4,62.5,100,False,No_Anomaly,77.0,72.58,-10.08,10.08,-13.89,73.7,9.66,72.78,9.96,-1.238,False,False,False,1.238,False,-0.1212,False,False,False,False,0,No Significant Anomaly,Potential Under-marking,67.6,77.6,False
S273,Software Engineering,F05,23.1,65.2,84.4,73.8,100,False,No_Anomaly,77.0,72.58,1.22,1.22,1.68,74.08,9.85,72.8,10.07,0.211,False,False,False,0.211,False,-0.1727,False,False,False,False,0,No Significant Anomaly,No Significant Direction,67.6,77.6,False
S274,Compiler Design,F08,27.8,56.3,77.2,73.1,100,False,No_Anomaly,92.67,71.39,1.71,1.71,2.4,73.65,10.19,72.59,10.04,0.274,False,False,False,0.274,False,-0.1305,False,False,False,False,0,No Significant Anomaly,No Significant Direction,66.4,76.4,False
S274,Computer Networks,F07,27.8,56.3,77.2,68.2,100,False,No_Anomaly,92.67,71.39,-3.19,3.19,-4.47,69.71,10.67,72.72,10.8,-0.354,False,False,False,0.354,False,-0.0693,False,False,False,False,0,No Significant Anomaly,No Significant Direction,66.4,76.4,False
S274,Machine Learning,F05,27.8,56.3,77.2,71.1,100,False,No_Anomaly,92.67,71.39,-0.29,0.29,-0.41,74.08,9.85,72.78,9.96,0.018,False,False,False,0.018,False,-0.1341,False,False,False,False,0,No Significant Anomaly,No Significant Direction,66.4,76.4,False
S274,Software Engineering,F07,27.8,56.3,77.2,69.4,100,False,No_Anomaly,92.67,71.39,-1.99,1.99,-2.79,69.71,10.67,72.8,10.07,-0.2,False,False,False,0.2,False,-0.0971,False,False,False,False,0,No Significant Anomaly,No Significant Direction,66.4,76.4,False
S275,Compiler Design,F02,14.6,56.1,60.8,53.1,100,False,No_Anomaly,48.67,54.81,-1.71,1.71,-3.12,70.46,9.46,72.59,10.04,-0.164,False,False,False,0.164,True,0.0127,False,False,True,False,1,No Significant Anomaly,No Significant Direction,49.8,59.8,False
S275,Computer Networks,F07,14.6,56.1,60.8,58.1,100,False,No_Anomaly,48.67,54.81,3.29,3.29,6.0,69.71,10.67,72.72,10.8,0.477,False,False,False,0.477,True,0.0127,False,False,True,False,1,No Significant Anomaly,No Significant Direction,49.8,59.8,False
S275,Machine Learning,F03,14.6,56.1,60.8,59.7,100,False,No_Anomaly,48.67,54.81,4.89,4.89,8.92,73.88,11.06,72.78,9.96,0.682,False,False,False,0.682,False,-0.0155,False,False,False,False,0,No Significant Anomaly,No Significant Direction,49.8,59.8,False
S275,Software Engineering,F02,14.6,56.1,60.8,50.7,100,False,No_Anomaly,48.67,54.81,-4.11,4.11,-7.5,70.46,9.46,72.8,10.07,-0.472,False,False,False,0.472,False,-0.0063,False,False,False,False,0,No Significant Anomaly,No Significant Direction,49.8,59.8,False
S276,Compiler Design,F02,21.5,70.3,82.3,61.8,100,False,No_Anomaly,71.67,73.11,-11.31,11.31,-15.47,70.46,9.46,72.59,10.04,-1.396,False,False,False,1.396,False,-0.0683,False,False,False,False,0,No Significant Anomaly,Potential Under-marking,68.1,78.1,False
S276,Computer Networks,F05,21.5,70.3,82.3,72.9,100,False,No_Anomaly,71.67,73.11,-0.21,0.21,-0.29,74.08,9.85,72.72,10.8,0.028,False,False,False,0.028,False,-0.1434,False,False,False,False,0,No Significant Anomaly,No Significant Direction,68.1,78.1,False
S276,Machine Learning,F05,21.5,70.3,82.3,82.0,100,False,No_Anomaly,71.67,73.11,8.89,8.89,12.16,74.08,9.85,72.78,9.96,1.195,False,False,False,1.195,False,-0.1357,False,False,False,False,0,No Significant Anomaly,No Significant Direction,68.1,78.1,False
S276,Software Engineering,F01,21.5,70.3,82.3,75.7,100,False,No_Anomaly,71.67,73.11,2.59,2.59,3.54,73.7,9.66,72.8,10.07,0.387,False,False,False,0.387,False,-0.1788,False,False,False,False,0,No Significant Anomaly,No Significant Direction,68.1,78.1,False
S277,Compiler Design,F07,23.6,84.6,55.3,74.0,100,False,No_Anomaly,78.67,76.96,-2.96,2.96,-3.85,69.71,10.67,72.59,10.04,-0.325,False,False,False,0.325,False,-0.0579,False,False,False,False,0,No Significant Anomaly,No Significant Direction,72.0,82.0,False
S277,Computer Networks,F04,23.6,84.6,55.3,78.2,100,False,No_Anomaly,78.67,76.96,1.24,1.24,1.61,73.24,9.91,72.72,10.8,0.214,False,False,False,0.214,False,-0.1107,False,False,False,False,0,No Significant Anomaly,No Significant Direction,72.0,82.0,False
S277,Machine Learning,F03,23.6,84.6,55.3,83.1,100,False,No_Anomaly,78.67,76.96,6.14,6.14,7.98,73.88,11.06,72.78,9.96,0.843,False,False,False,0.843,False,-0.0656,False,False,False,False,0,No Significant Anomaly,No Significant Direction,72.0,82.0,False
S277,Software Engineering,F04,23.6,84.6,55.3,69.4,100,False,No_Anomaly,78.67,76.96,-7.56,7.56,-9.82,73.24,9.91,72.8,10.07,-0.915,False,False,False,0.915,False,-0.1111,False,False,False,False,0,No Significant Anomaly,No Significant Direction,72.0,82.0,False
S278,Compiler Design,F03,20.5,88.7,70.7,78.6,100,False,No_Anomaly,68.33,78.99,-0.39,0.39,-0.49,73.88,11.06,72.59,10.04,0.005,False,False,False,0.005,False,-0.1017,False,False,False,False,0,No Significant Anomaly,No Significant Direction,74.0,84.0,False
S278,Computer Networks,F05,20.5,88.7,70.7,73.0,100,False,No_Anomaly,68.33,78.99,-5.99,5.99,-7.58,74.08,9.85,72.72,10.8,-0.713,False,False,False,0.713,False,-0.0975,False,False,False,False,0,No Significant Anomaly,No Significant Direction,74.0,84.0,False
S278,Machine Learning,F03,20.5,88.7,70.7,86.2,100,False,No_Anomaly,68.33,78.99,7.21,7.21,9.13,73.88,11.06,72.78,9.96,0.98,False,False,False,0.98,False,-0.0711,False,False,False,False,0,No Significant Anomaly,No Significant Direction,74.0,84.0,False
S278,Software Engineering,F03,20.5,88.7,70.7,77.3,100,False,No_Anomaly,68.33,78.99,-1.69,1.69,-2.14,73.88,11.06,72.8,10.07,-0.162,False,False,False,0.162,False,-0.1142,False,False,False,False,0,No Significant Anomaly,No Significant Direction,74.0,84.0,False
S279,Compiler Design,F02,20.7,61.0,73.1,59.1,100,False,No_Anomaly,69.0,65.82,-6.72,6.72,-10.21,70.46,9.46,72.59,10.04,-0.807,False,False,False,0.807,False,-0.0818,False,False,False,False,0,No Significant Anomaly,No Significant Direction,60.8,70.8,False
S279,Computer Networks,F03,20.7,61.0,73.1,79.6,100,False,No_Anomaly,69.0,65.82,13.78,13.78,20.94,73.88,11.06,72.72,10.8,1.823,False,False,False,1.823,False,-0.0279,False,False,False,False,0,No Significant Anomaly,Potential Over-marking,60.8,70.8,False
S279,Machine Learning,F03,20.7,61.0,73.1,64.8,100,False,No_Anomaly,69.0,65.82,-1.02,1.02,-1.55,73.88,11.06,72.78,9.96,-0.076,False,False,False,0.076,False,-0.1245,False,False,False,False,0,No Significant Anomaly,No Significant Direction,60.8,70.8,False
S279,Software Engineering,F05,20.7,61.0,73.1,64.8,100,False,No_Anomaly,69.0,65.82,-1.02,1.02,-1.55,74.08,9.85,72.8,10.07,-0.076,False,False,False,0.076,False,-0.1487,False,False,False,False,0,No Significant Anomaly,No Significant Direction,60.8,70.8,False
S280,Compiler Design,F07,20.7,87.1,100.0,71.9,100,False,No_Anomaly,69.0,84.25,-12.35,12.35,-14.66,69.71,10.67,72.59,10.04,-1.529,False,False,False,1.529,False,-0.0153,False,False,False,False,0,No Significant Anomaly,Potential Under-marking,79.2,89.2,False
S280,Computer Networks,F03,20.7,87.1,100.0,84.8,100,False,No_Anomaly,69.0,84.25,0.55,0.55,0.65,73.88,11.06,72.72,10.8,0.125,False,False,False,0.125,False,-0.0525,False,False,False,False,0,No Significant Anomaly,No Significant Direction,79.2,89.2,False
S280,Machine Learning,F06,20.7,87.1,100.0,86.1,100,False,No_Anomaly,69.0,84.25,1.85,1.85,2.2,72.75,9.99,72.78,9.96,0.292,False,False,False,0.292,False,-0.0953,False,False,False,False,0,No Significant Anomaly,No Significant Direction,79.2,89.2,False
S280,Software Engineering,F04,20.7,87.1,100.0,81.6,100,False,No_Anomaly,69.0,84.25,-2.65,2.65,-3.15,73.24,9.91,72.8,10.07,-0.285,False,False,False,0.285,False,-0.1111,False,False,False,False,0,No Significant Anomaly,No Significant Direction,79.2,89.2,False
S281,Compiler Design,F03,29.0,92.9,82.4,100.0,100,True,Severe_Overmarking,96.67,91.93,8.07,8.07,8.78,73.88,11.06,72.59,10.04,1.09,False,False,False,1.09,True,0.0144,False,False,True,False,1,No Significant Anomaly,No Significant Direction,86.9,96.9,False
S281,Computer Networks,F01,29.0,92.9,82.4,94.3,100,False,No_Anomaly,96.67,91.93,2.37,2.37,2.58,73.7,9.66,72.72,10.8,0.359,False,False,False,0.359,False,-0.037,False,False,False,False,0,No Significant Anomaly,No Significant Direction,86.9,96.9,False
S281,Machine Learning,F06,29.0,92.9,82.4,85.7,100,False,No_Anomaly,96.67,91.93,-6.23,6.23,-6.78,72.75,9.99,72.78,9.96,-0.744,False,False,False,0.744,False,-0.0604,False,False,False,False,0,No Significant Anomaly,No Significant Direction,86.9,96.9,False
S281,Software Engineering,F05,29.0,92.9,82.4,93.1,100,False,No_Anomaly,96.67,91.93,1.17,1.17,1.27,74.08,9.85,72.8,10.07,0.205,False,False,False,0.205,False,-0.0668,False,False,False,False,0,No Significant Anomaly,No Significant Direction,86.9,96.9,False
S282,Compiler Design,F01,23.5,68.9,83.3,69.0,100,False,No_Anomaly,78.33,74.61,-5.61,5.61,-7.52,73.7,9.66,72.59,10.04,-0.665,False,False,False,0.665,False,-0.1496,False,False,False,False,0,No Significant Anomaly,No Significant Direction,69.6,79.6,False
S282,Computer Networks,F04,23.5,68.9,83.3,75.2,100,False,No_Anomaly,78.33,74.61,0.59,0.59,0.79,73.24,9.91,72.72,10.8,0.131,False,False,False,0.131,False,-0.1594,False,False,False,False,0,No Significant Anomaly,No Significant Direction,69.6,79.6,False
S282,Machine Learning,F05,23.5,68.9,83.3,81.2,100,False,No_Anomaly,78.33,74.61,6.59,6.59,8.83,74.08,9.85,72.78,9.96,0.9,False,False,False,0.9,False,-0.1527,False,False,False,False,0,No Significant Anomaly,No Significant Direction,69.6,79.6,False
S282,Software Engineering,F01,23.5,68.9,83.3,70.0,100,False,No_Anomaly,78.33,74.61,-4.61,4.61,-6.18,73.7,9.66,72.8,10.07,-0.536,False,False,False,0.536,False,-0.1717,False,False,False,False,0,No Significant Anomaly,No Significant Direction,69.6,79.6,False
S283,Compiler Design,F06,19.2,98.0,90.5,83.3,100,False,No_Anomaly,64.0,86.3,-3.0,3.0,-3.48,72.75,9.99,72.59,10.04,-0.33,False,False,False,0.33,False,-0.0805,False,False,False,False,0,No Significant Anomaly,No Significant Direction,81.3,91.3,False
S283,Computer Networks,F06,19.2,98.0,90.5,95.4,100,False,No_Anomaly,64.0,86.3,9.1,9.1,10.54,72.75,9.99,72.72,10.8,1.222,False,False,False,1.222,False,-0.0188,False,False,False,False,0,No Significant Anomaly,No Significant Direction,81.3,91.3,False
S283,Machine Learning,F08,19.2,98.0,90.5,93.3,100,False,No_Anomaly,64.0,86.3,7.0,7.0,8.11,73.65,10.19,72.78,9.96,0.953,False,False,False,0.953,False,-0.0529,False,False,False,False,0,No Significant Anomaly,No Significant Direction,81.3,91.3,False
S283,Software Engineering,F04,19.2,98.0,90.5,81.3,100,False,No_Anomaly,64.0,86.3,-5.0,5.0,-5.79,73.24,9.91,72.8,10.07,-0.586,False,False,False,0.586,False,-0.0913,False,False,False,False,0,No Significant Anomaly,No Significant Direction,81.3,91.3,False
S284,Compiler Design,F07,20.0,81.6,78.4,72.8,100,False,No_Anomaly,66.67,76.48,-3.68,3.68,-4.81,69.71,10.67,72.59,10.04,-0.417,False,False,False,0.417,False,-0.1003,False,False,False,False,0,No Significant Anomaly,No Significant Direction,71.5,81.5,False
S284,Computer Networks,F07,20.0,81.6,78.4,70.0,100,False,No_Anomaly,66.67,76.48,-6.48,6.48,-8.47,69.71,10.67,72.72,10.8,-0.776,False,False,False,0.776,False,-0.0842,False,False,False,False,0,No Significant Anomaly,No Significant Direction,71.5,81.5,False
S284,Machine Learning,F05,20.0,81.6,78.4,80.5,100,False,No_Anomaly,66.67,76.48,4.02,4.02,5.26,74.08,9.85,72.78,9.96,0.571,False,False,False,0.571,False,-0.1518,False,False,False,False,0,No Significant Anomaly,No Significant Direction,71.5,81.5,False
S284,Software Engineering,F01,20.0,81.6,78.4,69.5,100,False,No_Anomaly,66.67,76.48,-6.98,6.98,-9.13,73.7,9.66,72.8,10.07,-0.84,False,False,False,0.84,False,-0.1514,False,False,False,False,0,No Significant Anomaly,No Significant Direction,71.5,81.5,False
S285,Compiler Design,F08,23.1,80.9,82.3,80.2,100,False,No_Anomaly,77.0,80.01,0.19,0.19,0.24,73.65,10.19,72.59,10.04,0.079,False,False,False,0.079,False,-0.1445,False,False,False,False,0,No Significant Anomaly,No Significant Direction,75.0,85.0,False
S285,Computer Networks,F07,23.1,80.9,82.3,69.5,100,False,No_Anomaly,77.0,80.01,-10.51,10.51,-13.14,69.71,10.67,72.72,10.8,-1.293,False,False,False,1.293,False,-0.0493,False,False,False,False,0,No Significant Anomaly,Potential Under-marking,75.0,85.0,False
S285,Machine Learning,F01,23.1,80.9,82.3,79.5,100,False,No_Anomaly,77.0,80.01,-0.51,0.51,-0.64,73.7,9.66,72.78,9.96,-0.011,False,False,False,0.011,False,-0.1549,False,False,False,False,0,No Significant Anomaly,No Significant Direction,75.0,85.0,False
S285,Software Engineering,F04,23.1,80.9,82.3,73.8,100,False,No_Anomaly,77.0,80.01,-6.21,6.21,-7.76,73.24,9.91,72.8,10.07,-0.742,False,False,False,0.742,False,-0.1586,False,False,False,False,0,No Significant Anomaly,No Significant Direction,75.0,85.0,False
S286,Compiler Design,F05,23.7,70.2,85.4,79.9,100,False,No_Anomaly,79.0,75.88,4.02,4.02,5.3,74.08,9.85,72.59,10.04,0.571,False,False,False,0.571,False,-0.1542,False,False,False,False,0,No Significant Anomaly,No Significant Direction,70.9,80.9,False
S286,Computer Networks,F02,23.7,70.2,85.4,52.3,100,True,Severe_Undermarking,79.0,75.88,-23.58,23.58,-31.08,70.46,9.46,72.72,10.8,-2.97,True,True,True,2.97,True,0.0269,True,True,True,True,4,Strong Review Recommended,Potential Under-marking,70.9,80.9,True
S286,Machine Learning,F08,23.7,70.2,85.4,80.0,100,False,No_Anomaly,79.0,75.88,4.12,4.12,5.43,73.65,10.19,72.78,9.96,0.583,False,False,False,0.583,False,-0.1644,False,False,False,False,0,No Significant Anomaly,No Significant Direction,70.9,80.9,False
S286,Software Engineering,F05,23.7,70.2,85.4,71.9,100,False,No_Anomaly,79.0,75.88,-3.98,3.98,-5.25,74.08,9.85,72.8,10.07,-0.456,False,False,False,0.456,False,-0.1635,False,False,False,False,0,No Significant Anomaly,No Significant Direction,70.9,80.9,False
S287,Compiler Design,F05,18.1,46.8,88.7,71.2,100,False,No_Anomaly,60.33,59.24,11.96,11.96,20.19,74.08,9.85,72.59,10.04,1.589,False,False,False,1.589,False,-0.0503,False,False,False,False,0,No Significant Anomaly,Potential Over-marking,54.2,64.2,False
S287,Computer Networks,F02,18.1,46.8,88.7,62.2,100,False,No_Anomaly,60.33,59.24,2.96,2.96,5.0,70.46,9.46,72.72,10.8,0.435,False,False,False,0.435,False,-0.0435,False,False,False,False,0,No Significant Anomaly,No Significant Direction,54.2,64.2,False
S287,Machine Learning,F08,18.1,46.8,88.7,62.9,100,False,No_Anomaly,60.33,59.24,3.66,3.66,6.18,73.65,10.19,72.78,9.96,0.524,False,False,False,0.524,False,-0.1061,False,False,False,False,0,No Significant Anomaly,No Significant Direction,54.2,64.2,False
S287,Software Engineering,F05,18.1,46.8,88.7,58.1,100,False,No_Anomaly,60.33,59.24,-1.14,1.14,-1.92,74.08,9.85,72.8,10.07,-0.091,False,False,False,0.091,False,-0.1039,False,False,False,False,0,No Significant Anomaly,No Significant Direction,54.2,64.2,False
S288,Compiler Design,F07,22.3,52.7,81.4,55.4,100,False,No_Anomaly,74.33,64.93,-9.53,9.53,-14.68,69.71,10.67,72.59,10.04,-1.168,False,False,False,1.168,False,-0.041,False,False,False,False,0,No Significant Anomaly,No Significant Direction,59.9,69.9,False
S288,Computer Networks,F08,22.3,52.7,81.4,67.9,100,False,No_Anomaly,74.33,64.93,2.97,2.97,4.57,73.65,10.19,72.72,10.8,0.436,False,False,False,0.436,False,-0.1243,False,False,False,False,0,No Significant Anomaly,No Significant Direction,59.9,69.9,False
S288,Machine Learning,F03,22.3,52.7,81.4,69.3,100,False,No_Anomaly,74.33,64.93,4.37,4.37,6.73,73.88,11.06,72.78,9.96,0.616,False,False,False,0.616,False,-0.1041,False,False,False,False,0,No Significant Anomaly,No Significant Direction,59.9,69.9,False
S288,Software Engineering,F01,22.3,52.7,81.4,69.8,100,False,No_Anomaly,74.33,64.93,4.87,4.87,7.5,73.7,9.66,72.8,10.07,0.68,False,False,False,0.68,False,-0.1464,False,False,False,False,0,No Significant Anomaly,No Significant Direction,59.9,69.9,False
S289,Compiler Design,F01,16.6,61.7,90.3,58.6,100,False,No_Anomaly,55.33,65.51,-6.91,6.91,-10.55,73.7,9.66,72.59,10.04,-0.832,False,False,False,0.832,False,-0.0915,False,False,False,False,0,No Significant Anomaly,No Significant Direction,60.5,70.5,False
S289,Computer Networks,F07,16.6,61.7,90.3,64.5,100,False,No_Anomaly,55.33,65.51,-1.01,1.01,-1.54,69.71,10.67,72.72,10.8,-0.075,False,False,False,0.075,False,-0.0653,False,False,False,False,0,No Significant Anomaly,No Significant Direction,60.5,70.5,False
S289,Machine Learning,F03,16.6,61.7,90.3,69.6,100,False,No_Anomaly,55.33,65.51,4.09,4.09,6.24,73.88,11.06,72.78,9.96,0.58,False,False,False,0.58,False,-0.0974,False,False,False,False,0,No Significant Anomaly,No Significant Direction,60.5,70.5,False
S289,Software Engineering,F05,16.6,61.7,90.3,70.6,100,False,No_Anomaly,55.33,65.51,5.09,5.09,7.77,74.08,9.85,72.8,10.07,0.708,False,False,False,0.708,False,-0.1382,False,False,False,False,0,No Significant Anomaly,No Significant Direction,60.5,70.5,False
S290,Compiler Design,F07,21.8,65.1,76.2,64.0,100,False,No_Anomaly,72.67,69.59,-5.59,5.59,-8.03,69.71,10.67,72.59,10.04,-0.662,False,False,False,0.662,False,-0.1005,False,False,False,False,0,No Significant Anomaly,No Significant Direction,64.6,74.6,False
S290,Computer Networks,F05,21.8,65.1,76.2,67.6,100,False,No_Anomaly,72.67,69.59,-1.99,1.99,-2.86,74.08,9.85,72.72,10.8,-0.2,False,False,False,0.2,False,-0.1432,False,False,False,False,0,No Significant Anomaly,No Significant Direction,64.6,74.6,False
S290,Machine Learning,F05,21.8,65.1,76.2,76.2,100,False,No_Anomaly,72.67,69.59,6.61,6.61,9.5,74.08,9.85,72.78,9.96,0.903,False,False,False,0.903,False,-0.1555,False,False,False,False,0,No Significant Anomaly,No Significant Direction,64.6,74.6,False
S290,Software Engineering,F06,21.8,65.1,76.2,69.2,100,False,No_Anomaly,72.67,69.59,-0.39,0.39,-0.56,72.75,9.99,72.8,10.07,0.005,False,False,False,0.005,False,-0.1633,False,False,False,False,0,No Significant Anomaly,No Significant Direction,64.6,74.6,False
S291,Compiler Design,F03,24.9,73.3,71.9,84.3,100,False,No_Anomaly,83.0,75.93,8.37,8.37,11.02,73.88,11.06,72.59,10.04,1.129,False,False,False,1.129,False,-0.0768,False,False,False,False,0,No Significant Anomaly,No Significant Direction,70.9,80.9,False
S291,Computer Networks,F02,24.9,73.3,71.9,69.4,100,False,No_Anomaly,83.0,75.93,-6.53,6.53,-8.6,70.46,9.46,72.72,10.8,-0.783,False,False,False,0.783,False,-0.0866,False,False,False,False,0,No Significant Anomaly,No Significant Direction,70.9,80.9,False
S291,Machine Learning,F08,24.9,73.3,71.9,78.8,100,False,No_Anomaly,83.0,75.93,2.87,2.87,3.78,73.65,10.19,72.78,9.96,0.423,False,False,False,0.423,False,-0.1573,False,False,False,False,0,No Significant Anomaly,No Significant Direction,70.9,80.9,False
S291,Software Engineering,F08,24.9,73.3,71.9,76.0,100,False,No_Anomaly,83.0,75.93,0.07,0.07,0.09,73.65,10.19,72.8,10.07,0.064,False,False,False,0.064,False,-0.1535,False,False,False,False,0,No Significant Anomaly,No Significant Direction,70.9,80.9,False
S292,Compiler Design,F06,14.2,70.8,63.1,95.9,100,True,Severe_Overmarking,47.33,62.22,33.68,33.68,54.13,72.75,9.99,72.59,10.04,4.375,True,True,True,4.375,True,0.0985,True,True,True,True,4,Strong Review Recommended,Potential Over-marking,57.2,67.2,True
S292,Computer Networks,F03,14.2,70.8,63.1,61.6,100,False,No_Anomaly,47.33,62.22,-0.62,0.62,-1.0,73.88,11.06,72.72,10.8,-0.025,False,False,False,0.025,False,-0.0429,False,False,False,False,0,No Significant Anomaly,No Significant Direction,57.2,67.2,False
S292,Machine Learning,F06,14.2,70.8,63.1,63.6,100,False,No_Anomaly,47.33,62.22,1.38,1.38,2.22,72.75,9.99,72.78,9.96,0.232,False,False,False,0.232,False,-0.1089,False,False,False,False,0,No Significant Anomaly,No Significant Direction,57.2,67.2,False
S292,Software Engineering,F04,14.2,70.8,63.1,64.7,100,False,No_Anomaly,47.33,62.22,2.48,2.48,3.99,73.24,9.91,72.8,10.07,0.373,False,False,False,0.373,False,-0.1094,False,False,False,False,0,No Significant Anomaly,No Significant Direction,57.2,67.2,False
S293,Compiler Design,F03,21.6,69.9,79.8,75.4,100,False,No_Anomaly,72.0,72.51,2.89,2.89,3.99,73.88,11.06,72.59,10.04,0.426,False,False,False,0.426,False,-0.1352,False,False,False,False,0,No Significant Anomaly,No Significant Direction,67.5,77.5,False
S293,Computer Networks,F02,21.6,69.9,79.8,73.4,100,False,No_Anomaly,72.0,72.51,0.89,0.89,1.23,70.46,9.46,72.72,10.8,0.169,False,False,False,0.169,False,-0.1061,False,False,False,False,0,No Significant Anomaly,No Significant Direction,67.5,77.5,False
S293,Machine Learning,F02,21.6,69.9,79.8,62.5,100,False,No_Anomaly,72.0,72.51,-10.01,10.01,-13.8,70.46,9.46,72.78,9.96,-1.229,False,False,False,1.229,False,-0.1,False,False,False,False,0,No Significant Anomaly,Potential Under-marking,67.5,77.5,False
S293,Software Engineering,F08,21.6,69.9,79.8,79.4,100,False,No_Anomaly,72.0,72.51,6.89,6.89,9.5,73.65,10.19,72.8,10.07,0.939,False,False,False,0.939,False,-0.1561,False,False,False,False,0,No Significant Anomaly,No Significant Direction,67.5,77.5,False
S294,Compiler Design,F06,25.8,69.7,84.3,78.7,100,False,No_Anomaly,86.0,77.51,1.19,1.19,1.54,72.75,9.99,72.59,10.04,0.208,False,False,False,0.208,False,-0.1497,False,False,False,False,0,No Significant Anomaly,No Significant Direction,72.5,82.5,False
S294,Computer Networks,F07,25.8,69.7,84.3,76.5,100,False,No_Anomaly,86.0,77.51,-1.01,1.01,-1.3,69.71,10.67,72.72,10.8,-0.075,False,False,False,0.075,False,-0.0912,False,False,False,False,0,No Significant Anomaly,No Significant Direction,72.5,82.5,False
S294,Machine Learning,F07,25.8,69.7,84.3,62.0,100,False,No_Anomaly,86.0,77.51,-15.51,15.51,-20.01,69.71,10.67,72.78,9.96,-1.935,False,False,False,1.935,False,-0.0407,False,False,False,False,0,No Significant Anomaly,Potential Under-marking,72.5,82.5,False
S294,Software Engineering,F05,25.8,69.7,84.3,69.7,100,False,No_Anomaly,86.0,77.51,-7.81,7.81,-10.08,74.08,9.85,72.8,10.07,-0.947,False,False,False,0.947,False,-0.1404,False,False,False,False,0,No Significant Anomaly,No Significant Direction,72.5,82.5,False
S295,Compiler Design,F01,17.6,56.7,70.3,51.4,100,False,No_Anomaly,58.67,60.01,-8.61,8.61,-14.35,73.7,9.66,72.59,10.04,-1.05,False,False,False,1.05,False,-0.0541,False,False,False,False,0,No Significant Anomaly,No Significant Direction,55.0,65.0,False
S295,Computer Networks,F02,17.6,56.7,70.3,62.0,100,False,No_Anomaly,58.67,60.01,1.99,1.99,3.32,70.46,9.46,72.72,10.8,0.31,False,False,False,0.31,False,-0.0591,False,False,False,False,0,No Significant Anomaly,No Significant Direction,55.0,65.0,False
S295,Machine Learning,F05,17.6,56.7,70.3,62.2,100,False,No_Anomaly,58.67,60.01,2.19,2.19,3.65,74.08,9.85,72.78,9.96,0.336,False,False,False,0.336,False,-0.1187,False,False,False,False,0,No Significant Anomaly,No Significant Direction,55.0,65.0,False
S295,Software Engineering,F06,17.6,56.7,70.3,62.1,100,False,No_Anomaly,58.67,60.01,2.09,2.09,3.48,72.75,9.99,72.8,10.07,0.323,False,False,False,0.323,False,-0.1251,False,False,False,False,0,No Significant Anomaly,No Significant Direction,55.0,65.0,False
S296,Compiler Design,F03,20.3,73.5,94.4,74.5,100,False,No_Anomaly,67.67,75.93,-1.43,1.43,-1.88,73.88,11.06,72.59,10.04,-0.129,False,False,False,0.129,False,-0.1228,False,False,False,False,0,No Significant Anomaly,No Significant Direction,70.9,80.9,False
S296,Computer Networks,F06,20.3,73.5,94.4,77.4,100,False,No_Anomaly,67.67,75.93,1.47,1.47,1.94,72.75,9.99,72.72,10.8,0.243,False,False,False,0.243,False,-0.1377,False,False,False,False,0,No Significant Anomaly,No Significant Direction,70.9,80.9,False
S296,Machine Learning,F05,20.3,73.5,94.4,79.1,100,False,No_Anomaly,67.67,75.93,3.17,3.17,4.17,74.08,9.85,72.78,9.96,0.462,False,False,False,0.462,False,-0.1553,False,False,False,False,0,No Significant Anomaly,No Significant Direction,70.9,80.9,False
S296,Software Engineering,F06,20.3,73.5,94.4,74.4,100,False,No_Anomaly,67.67,75.93,-1.53,1.53,-2.02,72.75,9.99,72.8,10.07,-0.141,False,False,False,0.141,False,-0.1589,False,False,False,False,0,No Significant Anomaly,No Significant Direction,70.9,80.9,False
S297,Compiler Design,F03,18.7,40.0,65.0,48.9,100,False,No_Anomaly,62.33,51.7,-2.8,2.8,-5.42,73.88,11.06,72.59,10.04,-0.304,False,False,False,0.304,True,0.0108,False,False,True,False,1,No Significant Anomaly,No Significant Direction,46.7,56.7,False
S297,Computer Networks,F06,18.7,40.0,65.0,51.6,100,False,No_Anomaly,62.33,51.7,-0.1,0.1,-0.19,72.75,9.99,72.72,10.8,0.042,False,False,False,0.042,False,-0.0167,False,False,False,False,0,No Significant Anomaly,No Significant Direction,46.7,56.7,False
S297,Machine Learning,F06,18.7,40.0,65.0,54.2,100,False,No_Anomaly,62.33,51.7,2.5,2.5,4.84,72.75,9.99,72.78,9.96,0.376,False,False,False,0.376,False,-0.0438,False,False,False,False,0,No Significant Anomaly,No Significant Direction,46.7,56.7,False
S297,Software Engineering,F04,18.7,40.0,65.0,60.7,100,False,No_Anomaly,62.33,51.7,9.0,9.0,17.41,73.24,9.91,72.8,10.07,1.209,False,False,False,1.209,False,-0.0383,False,False,False,False,0,No Significant Anomaly,No Significant Direction,46.7,56.7,False
S298,Compiler Design,F03,22.2,63.3,77.9,67.2,100,False,No_Anomaly,74.0,69.43,-2.23,2.23,-3.21,73.88,11.06,72.59,10.04,-0.231,False,False,False,0.231,False,-0.1243,False,False,False,False,0,No Significant Anomaly,No Significant Direction,64.4,74.4,False
S298,Computer Networks,F06,22.2,63.3,77.9,74.0,100,False,No_Anomaly,74.0,69.43,4.57,4.57,6.58,72.75,9.99,72.72,10.8,0.641,False,False,False,0.641,False,-0.1402,False,False,False,False,0,No Significant Anomaly,No Significant Direction,64.4,74.4,False
S298,Machine Learning,F04,22.2,63.3,77.9,68.3,100,False,No_Anomaly,74.0,69.43,-1.13,1.13,-1.63,73.24,9.91,72.78,9.96,-0.09,False,False,False,0.09,False,-0.1705,False,False,False,False,0,No Significant Anomaly,No Significant Direction,64.4,74.4,False
S298,Software Engineering,F06,22.2,63.3,77.9,75.1,100,False,No_Anomaly,74.0,69.43,5.67,5.67,8.17,72.75,9.99,72.8,10.07,0.782,False,False,False,0.782,False,-0.164,False,False,False,False,0,No Significant Anomaly,No Significant Direction,64.4,74.4,False
S299,Compiler Design,F08,19.3,66.3,92.5,71.8,100,False,No_Anomaly,64.33,70.95,0.85,0.85,1.2,73.65,10.19,72.59,10.04,0.164,False,False,False,0.164,False,-0.1443,False,False,False,False,0,No Significant Anomaly,No Significant Direction,66.0,76.0,False
S299,Computer Networks,F04,19.3,66.3,92.5,71.6,100,False,No_Anomaly,64.33,70.95,0.65,0.65,0.92,73.24,9.91,72.72,10.8,0.138,False,False,False,0.138,False,-0.1476,False,False,False,False,0,No Significant Anomaly,No Significant Direction,66.0,76.0,False
S299,Machine Learning,F03,19.3,66.3,92.5,72.8,100,False,No_Anomaly,64.33,70.95,1.85,1.85,2.61,73.88,11.06,72.78,9.96,0.292,False,False,False,0.292,False,-0.1222,False,False,False,False,0,No Significant Anomaly,No Significant Direction,66.0,76.0,False
S299,Software Engineering,F02,19.3,66.3,92.5,67.0,100,False,No_Anomaly,64.33,70.95,-3.95,3.95,-5.57,70.46,9.46,72.8,10.07,-0.452,False,False,False,0.452,False,-0.1234,False,False,False,False,0,No Significant Anomaly,No Significant Direction,66.0,76.0,False
S300,Compiler Design,F05,15.9,59.7,86.8,58.1,100,False,No_Anomaly,53.0,63.11,-5.01,5.01,-7.94,74.08,9.85,72.59,10.04,-0.588,False,False,False,0.588,False,-0.0938,False,False,False,False,0,No Significant Anomaly,No Significant Direction,58.1,68.1,False
S300,Computer Networks,F01,15.9,59.7,86.8,65.2,100,False,No_Anomaly,53.0,63.11,2.09,2.09,3.31,73.7,9.66,72.72,10.8,0.323,False,False,False,0.323,False,-0.1129,False,False,False,False,0,No Significant Anomaly,No Significant Direction,58.1,68.1,False
S300,Machine Learning,F04,15.9,59.7,86.8,66.7,100,False,No_Anomaly,53.0,63.11,3.59,3.59,5.69,73.24,9.91,72.78,9.96,0.515,False,False,False,0.515,False,-0.1412,False,False,False,False,0,No Significant Anomaly,No Significant Direction,58.1,68.1,False
S300,Software Engineering,F01,15.9,59.7,86.8,58.7,100,False,No_Anomaly,53.0,63.11,-4.41,4.41,-6.99,73.7,9.66,72.8,10.07,-0.511,False,False,False,0.511,False,-0.1255,False,False,False,False,0,No Significant Anomaly,No Significant Direction,58.1,68.1,False
S301,Compiler Design,F01,21.4,74.7,83.0,79.8,100,False,No_Anomaly,71.33,75.35,4.45,4.45,5.91,73.7,9.66,72.59,10.04,0.626,False,False,False,0.626,False,-0.1482,False,False,False,False,0,No Significant Anomaly,No Significant Direction,70.4,80.4,False
S301,Computer Networks,F02,21.4,74.7,83.0,73.8,100,False,No_Anomaly,71.33,75.35,-1.55,1.55,-2.06,70.46,9.46,72.72,10.8,-0.144,False,False,False,0.144,False,-0.1099,False,False,False,False,0,No Significant Anomaly,No Significant Direction,70.4,80.4,False
S301,Machine Learning,F01,21.4,74.7,83.0,76.4,100,False,No_Anomaly,71.33,75.35,1.05,1.05,1.39,73.7,9.66,72.78,9.96,0.19,False,False,False,0.19,False,-0.1719,False,False,False,False,0,No Significant Anomaly,No Significant Direction,70.4,80.4,False
S301,Software Engineering,F04,21.4,74.7,83.0,77.8,100,False,No_Anomaly,71.33,75.35,2.45,2.45,3.25,73.24,9.91,72.8,10.07,0.369,False,False,False,0.369,False,-0.1794,False,False,False,False,0,No Significant Anomaly,No Significant Direction,70.4,80.4,False
S302,Compiler Design,F02,30.0,89.1,75.8,85.7,100,False,No_Anomaly,100.0,89.71,-4.01,4.01,-4.47,70.46,9.46,72.59,10.04,-0.459,False,False,False,0.459,False,-0.0233,False,False,False,False,0,No Significant Anomaly,No Significant Direction,84.7,94.7,False
S302,Computer Networks,F04,30.0,89.1,75.8,92.1,100,False,No_Anomaly,100.0,89.71,2.39,2.39,2.66,73.24,9.91,72.72,10.8,0.362,False,False,False,0.362,False,-0.0507,False,False,False,False,0,No Significant Anomaly,No Significant Direction,84.7,94.7,False
S302,Machine Learning,F04,30.0,89.1,75.8,100.0,100,True,Severe_Overmarking,100.0,89.71,10.29,10.29,11.47,73.24,9.91,72.78,9.96,1.375,False,False,False,1.375,False,-0.025,False,False,False,False,0,No Significant Anomaly,Potential Over-marking,84.7,94.7,False
S302,Software Engineering,F05,30.0,89.1,75.8,72.5,100,False,No_Anomaly,100.0,89.71,-17.21,17.21,-19.18,74.08,9.85,72.8,10.07,-2.153,False,True,True,2.153,True,0.0066,False,True,True,False,2,Review Recommended,Potential Under-marking,84.7,94.7,True
S303,Compiler Design,F01,22.3,67.3,69.2,70.4,100,False,No_Anomaly,74.33,69.79,0.61,0.61,0.87,73.7,9.66,72.59,10.04,0.133,False,False,False,0.133,False,-0.1359,False,False,False,False,0,No Significant Anomaly,No Significant Direction,64.8,74.8,False
S303,Computer Networks,F05,22.3,67.3,69.2,69.4,100,False,No_Anomaly,74.33,69.79,-0.39,0.39,-0.56,74.08,9.85,72.72,10.8,0.005,False,False,False,0.005,False,-0.1323,False,False,False,False,0,No Significant Anomaly,No Significant Direction,64.8,74.8,False
S303,Machine Learning,F01,22.3,67.3,69.2,67.2,100,False,No_Anomaly,74.33,69.79,-2.59,2.59,-3.71,73.7,9.66,72.78,9.96,-0.277,False,False,False,0.277,False,-0.1549,False,False,False,False,0,No Significant Anomaly,No Significant Direction,64.8,74.8,False
S303,Software Engineering,F05,22.3,67.3,69.2,77.2,100,False,No_Anomaly,74.33,69.79,7.41,7.41,10.62,74.08,9.85,72.8,10.07,1.005,False,False,False,1.005,False,-0.1351,False,False,False,False,0,No Significant Anomaly,No Significant Direction,64.8,74.8,False
S304,Compiler Design,F05,23.6,57.1,74.5,41.8,100,True,Severe_Undermarking,78.67,67.05,-25.25,25.25,-37.66,74.08,9.85,72.59,10.04,-3.184,True,True,True,3.184,True,0.0381,True,True,True,True,4,Strong Review Recommended,Potential Under-marking,62.0,72.0,True
S304,Computer Networks,F05,23.6,57.1,74.5,67.4,100,False,No_Anomaly,78.67,67.05,0.35,0.35,0.52,74.08,9.85,72.72,10.8,0.1,False,False,False,0.1,False,-0.1281,False,False,False,False,0,No Significant Anomaly,No Significant Direction,62.0,72.0,False
S304,Machine Learning,F03,23.6,57.1,74.5,69.1,100,False,No_Anomaly,78.67,67.05,2.05,2.05,3.06,73.88,11.06,72.78,9.96,0.318,False,False,False,0.318,False,-0.1207,False,False,False,False,0,No Significant Anomaly,No Significant Direction,62.0,72.0,False
S304,Software Engineering,F06,23.6,57.1,74.5,62.9,100,False,No_Anomaly,78.67,67.05,-4.15,4.15,-6.19,72.75,9.99,72.8,10.07,-0.477,False,False,False,0.477,False,-0.1435,False,False,False,False,0,No Significant Anomaly,No Significant Direction,62.0,72.0,False
S305,Compiler Design,F01,25.9,76.7,75.8,74.5,100,False,No_Anomaly,86.33,79.41,-4.91,4.91,-6.18,73.7,9.66,72.59,10.04,-0.575,False,False,False,0.575,False,-0.1405,False,False,False,False,0,No Significant Anomaly,No Significant Direction,74.4,84.4,False
S305,Computer Networks,F07,25.9,76.7,75.8,76.4,100,False,No_Anomaly,86.33,79.41,-3.01,3.01,-3.79,69.71,10.67,72.72,10.8,-0.331,False,False,False,0.331,False,-0.089,False,False,False,False,0,No Significant Anomaly,No Significant Direction,74.4,84.4,False
S305,Machine Learning,F06,25.9,76.7,75.8,76.1,100,False,No_Anomaly,86.33,79.41,-3.31,3.31,-4.17,72.75,9.99,72.78,9.96,-0.37,False,False,False,0.37,False,-0.1477,False,False,False,False,0,No Significant Anomaly,No Significant Direction,74.4,84.4,False
S305,Software Engineering,F03,25.9,76.7,75.8,71.9,100,False,No_Anomaly,86.33,79.41,-7.51,7.51,-9.46,73.88,11.06,72.8,10.07,-0.908,False,False,False,0.908,False,-0.1065,False,False,False,False,0,No Significant Anomaly,No Significant Direction,74.4,84.4,False
S306,Compiler Design,F01,24.1,83.9,96.4,89.0,100,False,No_Anomaly,80.33,85.33,3.67,3.67,4.3,73.7,9.66,72.59,10.04,0.526,False,False,False,0.526,False,-0.0891,False,False,False,False,0,No Significant Anomaly,No Significant Direction,80.3,90.3,False
S306,Computer Networks,F02,24.1,83.9,96.4,90.8,100,False,No_Anomaly,80.33,85.33,5.47,5.47,6.41,70.46,9.46,72.72,10.8,0.757,False,False,False,0.757,False,-0.0288,False,False,False,False,0,No Significant Anomaly,No Significant Direction,80.3,90.3,False
S306,Machine Learning,F06,24.1,83.9,96.4,100.0,100,True,Severe_Overmarking,80.33,85.33,14.67,14.67,17.19,72.75,9.99,72.78,9.96,1.937,False,False,False,1.937,False,-0.0223,False,False,False,False,0,No Significant Anomaly,Potential Over-marking,80.3,90.3,False
S306,Software Engineering,F07,24.1,83.9,96.4,80.0,100,False,No_Anomaly,80.33,85.33,-5.33,5.33,-6.25,69.71,10.67,72.8,10.07,-0.629,False,False,False,0.629,False,-0.0706,False,False,False,False,0,No Significant Anomaly,No Significant Direction,80.3,90.3,False
S307,Compiler Design,F01,20.7,86.4,63.2,89.2,100,False,No_Anomaly,69.0,76.54,12.66,12.66,16.54,73.7,9.66,72.59,10.04,1.679,False,False,False,1.679,False,-0.0564,False,False,False,False,0,No Significant Anomaly,Potential Over-marking,71.5,81.5,False
S307,Computer Networks,F07,20.7,86.4,63.2,63.2,100,False,No_Anomaly,69.0,76.54,-13.34,13.34,-17.43,69.71,10.67,72.72,10.8,-1.656,False,False,False,1.656,False,-0.0129,False,False,False,False,0,No Significant Anomaly,Potential Under-marking,71.5,81.5,False
S307,Machine Learning,F01,20.7,86.4,63.2,74.1,100,False,No_Anomaly,69.0,76.54,-2.44,2.44,-3.19,73.7,9.66,72.78,9.96,-0.258,False,False,False,0.258,False,-0.1293,False,False,False,False,0,No Significant Anomaly,No Significant Direction,71.5,81.5,False
S307,Software Engineering,F02,20.7,86.4,63.2,73.9,100,False,No_Anomaly,69.0,76.54,-2.64,2.64,-3.45,70.46,9.46,72.8,10.07,-0.284,False,False,False,0.284,False,-0.1015,False,False,False,False,0,No Significant Anomaly,No Significant Direction,71.5,81.5,False
S308,Compiler Design,F08,19.7,59.6,83.2,66.0,100,False,No_Anomaly,65.67,66.14,-0.14,0.14,-0.21,73.65,10.19,72.59,10.04,0.037,False,False,False,0.037,False,-0.1347,False,False,False,False,0,No Significant Anomaly,No Significant Direction,61.1,71.1,False
S308,Computer Networks,F02,19.7,59.6,83.2,64.1,100,False,No_Anomaly,65.67,66.14,-2.04,2.04,-3.08,70.46,9.46,72.72,10.8,-0.207,False,False,False,0.207,False,-0.0929,False,False,False,False,0,No Significant Anomaly,No Significant Direction,61.1,71.1,False
S308,Machine Learning,F03,19.7,59.6,83.2,66.4,100,False,No_Anomaly,65.67,66.14,0.26,0.26,0.39,73.88,11.06,72.78,9.96,0.088,False,False,False,0.088,False,-0.1182,False,False,False,False,0,No Significant Anomaly,No Significant Direction,61.1,71.1,False
S308,Software Engineering,F02,19.7,59.6,83.2,69.7,100,False,No_Anomaly,65.67,66.14,3.56,3.56,5.38,70.46,9.46,72.8,10.07,0.512,False,False,False,0.512,False,-0.1201,False,False,False,False,0,No Significant Anomaly,No Significant Direction,61.1,71.1,False
S309,Compiler Design,F08,21.3,68.0,100.0,74.3,100,False,No_Anomaly,71.0,75.3,-1.0,1.0,-1.33,73.65,10.19,72.59,10.04,-0.073,False,False,False,0.073,False,-0.1314,False,False,False,False,0,No Significant Anomaly,No Significant Direction,70.3,80.3,False
S309,Computer Networks,F05,21.3,68.0,100.0,81.5,100,False,No_Anomaly,71.0,75.3,6.2,6.2,8.23,74.08,9.85,72.72,10.8,0.85,False,False,False,0.85,False,-0.1017,False,False,False,False,0,No Significant Anomaly,No Significant Direction,70.3,80.3,False
S309,Machine Learning,F05,21.3,68.0,100.0,81.4,100,False,No_Anomaly,71.0,75.3,6.1,6.1,8.1,74.08,9.85,72.78,9.96,0.837,False,False,False,0.837,False,-0.1257,False,False,False,False,0,No Significant Anomaly,No Significant Direction,70.3,80.3,False
S309,Software Engineering,F01,21.3,68.0,100.0,82.8,100,False,No_Anomaly,71.0,75.3,7.5,7.5,9.96,73.7,9.66,72.8,10.07,1.017,False,False,False,1.017,False,-0.1174,False,False,False,False,0,No Significant Anomaly,No Significant Direction,70.3,80.3,False
S310,Compiler Design,F05,22.3,75.0,79.7,83.7,100,False,No_Anomaly,74.33,75.74,7.96,7.96,10.51,74.08,9.85,72.59,10.04,1.076,False,False,False,1.076,False,-0.1254,False,False,False,False,0,No Significant Anomaly,No Significant Direction,70.7,80.7,False
S310,Computer Networks,F05,22.3,75.0,79.7,74.6,100,False,No_Anomaly,74.33,75.74,-1.14,1.14,-1.51,74.08,9.85,72.72,10.8,-0.091,False,False,False,0.091,False,-0.15,False,False,False,False,0,No Significant Anomaly,No Significant Direction,70.7,80.7,False
S310,Machine Learning,F04,22.3,75.0,79.7,70.1,100,False,No_Anomaly,74.33,75.74,-5.64,5.64,-7.45,73.24,9.91,72.78,9.96,-0.669,False,False,False,0.669,False,-0.1681,False,False,False,False,0,No Significant Anomaly,No Significant Direction,70.7,80.7,False
S310,Software Engineering,F01,22.3,75.0,79.7,100.0,100,True,Severe_Overmarking,74.33,75.74,24.26,24.26,32.03,73.7,9.66,72.8,10.07,3.167,True,True,True,3.167,False,-0.0156,True,True,False,True,3,Strong Review Recommended,Potential Over-marking,70.7,80.7,True
S311,Compiler Design,F05,26.7,70.1,86.5,79.8,100,False,No_Anomaly,89.0,79.05,0.75,0.75,0.95,74.08,9.85,72.59,10.04,0.151,False,False,False,0.151,False,-0.1453,False,False,False,False,0,No Significant Anomaly,No Significant Direction,74.0,84.0,False
S311,Computer Networks,F01,26.7,70.1,86.5,84.9,100,False,No_Anomaly,89.0,79.05,5.85,5.85,7.4,73.7,9.66,72.72,10.8,0.805,False,False,False,0.805,False,-0.1073,False,False,False,False,0,No Significant Anomaly,No Significant Direction,74.0,84.0,False
S311,Machine Learning,F05,26.7,70.1,86.5,78.5,100,False,No_Anomaly,89.0,79.05,-0.55,0.55,-0.7,74.08,9.85,72.78,9.96,-0.016,False,False,False,0.016,False,-0.1466,False,False,False,False,0,No Significant Anomaly,No Significant Direction,74.0,84.0,False
S311,Software Engineering,F08,26.7,70.1,86.5,82.2,100,False,No_Anomaly,89.0,79.05,3.15,3.15,3.98,73.65,10.19,72.8,10.07,0.459,False,False,False,0.459,False,-0.1509,False,False,False,False,0,No Significant Anomaly,No Significant Direction,74.0,84.0,False
S312,Compiler Design,F04,24.4,89.8,85.1,92.6,100,False,No_Anomaly,81.33,86.32,6.28,6.28,7.28,73.24,9.91,72.59,10.04,0.861,False,False,False,0.861,False,-0.0882,False,False,False,False,0,No Significant Anomaly,No Significant Direction,81.3,91.3,False
S312,Computer Networks,F08,24.4,89.8,85.1,93.3,100,False,No_Anomaly,81.33,86.32,6.98,6.98,8.09,73.65,10.19,72.72,10.8,0.95,False,False,False,0.95,False,-0.0601,False,False,False,False,0,No Significant Anomaly,No Significant Direction,81.3,91.3,False
S312,Machine Learning,F05,24.4,89.8,85.1,90.7,100,False,No_Anomaly,81.33,86.32,4.38,4.38,5.07,74.08,9.85,72.78,9.96,0.617,False,False,False,0.617,False,-0.0923,False,False,False,False,0,No Significant Anomaly,No Significant Direction,81.3,91.3,False
S312,Software Engineering,F08,24.4,89.8,85.1,86.4,100,False,No_Anomaly,81.33,86.32,0.08,0.08,0.09,73.65,10.19,72.8,10.07,0.065,False,False,False,0.065,False,-0.1122,False,False,False,False,0,No Significant Anomaly,No Significant Direction,81.3,91.3,False
S313,Compiler Design,F06,25.8,56.2,81.1,77.4,100,False,No_Anomaly,86.0,70.12,7.28,7.28,10.38,72.75,9.99,72.59,10.04,0.989,False,False,False,0.989,False,-0.1159,False,False,False,False,0,No Significant Anomaly,No Significant Direction,65.1,75.1,False
S313,Computer Networks,F08,25.8,56.2,81.1,71.2,100,False,No_Anomaly,86.0,70.12,1.08,1.08,1.54,73.65,10.19,72.72,10.8,0.193,False,False,False,0.193,False,-0.1335,False,False,False,False,0,No Significant Anomaly,No Significant Direction,65.1,75.1,False
S313,Machine Learning,F07,25.8,56.2,81.1,65.8,100,False,No_Anomaly,86.0,70.12,-4.32,4.32,-6.16,69.71,10.67,72.78,9.96,-0.499,False,False,False,0.499,False,-0.1003,False,False,False,False,0,No Significant Anomaly,No Significant Direction,65.1,75.1,False
S313,Software Engineering,F04,25.8,56.2,81.1,72.0,100,False,No_Anomaly,86.0,70.12,1.88,1.88,2.68,73.24,9.91,72.8,10.07,0.296,False,False,False,0.296,False,-0.1614,False,False,False,False,0,No Significant Anomaly,No Significant Direction,65.1,75.1,False
S314,Compiler Design,F07,25.5,80.4,84.1,74.4,100,False,No_Anomaly,85.0,82.52,-8.12,8.12,-9.84,69.71,10.67,72.59,10.04,-0.987,False,False,False,0.987,False,-0.0764,False,False,False,False,0,No Significant Anomaly,No Significant Direction,77.5,87.5,False
S314,Computer Networks,F05,25.5,80.4,84.1,82.1,100,False,No_Anomaly,85.0,82.52,-0.42,0.42,-0.51,74.08,9.85,72.72,10.8,0.001,False,False,False,0.001,False,-0.1199,False,False,False,False,0,No Significant Anomaly,No Significant Direction,77.5,87.5,False
S314,Machine Learning,F06,25.5,80.4,84.1,81.8,100,False,No_Anomaly,85.0,82.52,-0.72,0.72,-0.87,72.75,9.99,72.78,9.96,-0.037,False,False,False,0.037,False,-0.1381,False,False,False,False,0,No Significant Anomaly,No Significant Direction,77.5,87.5,False
S314,Software Engineering,F03,25.5,80.4,84.1,81.0,100,False,No_Anomaly,85.0,82.52,-1.52,1.52,-1.84,73.88,11.06,72.8,10.07,-0.14,False,False,False,0.14,False,-0.1206,False,False,False,False,0,No Significant Anomaly,No Significant Direction,77.5,87.5,False
S315,Compiler Design,F08,23.2,75.9,94.0,49.8,100,True,Severe_Undermarking,77.33,79.95,-30.15,30.15,-37.71,73.65,10.19,72.59,10.04,-3.813,True,True,True,3.813,True,0.0364,True,True,True,True,4,Strong Review Recommended,Potential Under-marking,75.0,85.0,True
S315,Computer Networks,F01,23.2,75.9,94.0,79.0,100,False,No_Anomaly,77.33,79.95,-0.95,0.95,-1.19,73.7,9.66,72.72,10.8,-0.067,False,False,False,0.067,False,-0.1298,False,False,False,False,0,No Significant Anomaly,No Significant Direction,75.0,85.0,False
S315,Machine Learning,F01,23.2,75.9,94.0,82.1,100,False,No_Anomaly,77.33,79.95,2.15,2.15,2.69,73.7,9.66,72.78,9.96,0.331,False,False,False,0.331,False,-0.1472,False,False,False,False,0,No Significant Anomaly,No Significant Direction,75.0,85.0,False
S315,Software Engineering,F06,23.2,75.9,94.0,81.4,100,False,No_Anomaly,77.33,79.95,1.45,1.45,1.81,72.75,9.99,72.8,10.07,0.241,False,False,False,0.241,False,-0.1536,False,False,False,False,0,No Significant Anomaly,No Significant Direction,75.0,85.0,False
S316,Compiler Design,F01,10.3,65.7,85.4,53.7,100,False,No_Anomaly,34.33,60.23,-6.53,6.53,-10.84,73.7,9.66,72.59,10.04,-0.783,False,False,False,0.783,False,-0.0444,False,False,False,False,0,No Significant Anomaly,No Significant Direction,55.2,65.2,False
S316,Computer Networks,F06,10.3,65.7,85.4,79.1,100,False,No_Anomaly,34.33,60.23,18.87,18.87,31.33,72.75,9.99,72.72,10.8,2.476,False,True,True,2.476,True,0.0103,False,True,True,True,3,Strong Review Recommended,Potential Over-marking,55.2,65.2,True
S316,Machine Learning,F01,10.3,65.7,85.4,54.1,100,False,No_Anomaly,34.33,60.23,-6.13,6.13,-10.18,73.7,9.66,72.78,9.96,-0.731,False,False,False,0.731,False,-0.0712,False,False,False,False,0,No Significant Anomaly,No Significant Direction,55.2,65.2,False
S316,Software Engineering,F01,10.3,65.7,85.4,57.8,100,False,No_Anomaly,34.33,60.23,-2.43,2.43,-4.03,73.7,9.66,72.8,10.07,-0.257,False,False,False,0.257,False,-0.0976,False,False,False,False,0,No Significant Anomaly,No Significant Direction,55.2,65.2,False
S317,Compiler Design,F08,15.1,74.6,50.0,61.1,100,False,No_Anomaly,50.33,62.4,-1.3,1.3,-2.08,73.65,10.19,72.59,10.04,-0.112,False,False,False,0.112,False,-0.055,False,False,False,False,0,No Significant Anomaly,No Significant Direction,57.4,67.4,False
S317,Computer Networks,F08,15.1,74.6,50.0,65.1,100,False,No_Anomaly,50.33,62.4,2.7,2.7,4.33,73.65,10.19,72.72,10.8,0.401,False,False,False,0.401,False,-0.0563,False,False,False,False,0,No Significant Anomaly,No Significant Direction,57.4,67.4,False
S317,Machine Learning,F06,15.1,74.6,50.0,68.2,100,False,No_Anomaly,50.33,62.4,5.8,5.8,9.29,72.75,9.99,72.78,9.96,0.799,False,False,False,0.799,False,-0.0679,False,False,False,False,0,No Significant Anomaly,No Significant Direction,57.4,67.4,False
S317,Software Engineering,F04,15.1,74.6,50.0,65.6,100,False,No_Anomaly,50.33,62.4,3.2,3.2,5.13,73.24,9.91,72.8,10.07,0.465,False,False,False,0.465,False,-0.0832,False,False,False,False,0,No Significant Anomaly,No Significant Direction,57.4,67.4,False
S318,Compiler Design,F01,17.4,75.4,86.8,67.9,100,False,No_Anomaly,58.0,72.46,-4.56,4.56,-6.29,73.7,9.66,72.59,10.04,-0.53,False,False,False,0.53,False,-0.1398,False,False,False,False,0,No Significant Anomaly,No Significant Direction,67.5,77.5,False
S318,Computer Networks,F04,17.4,75.4,86.8,68.7,100,False,No_Anomaly,58.0,72.46,-3.76,3.76,-5.19,73.24,9.91,72.72,10.8,-0.427,False,False,False,0.427,False,-0.1383,False,False,False,False,0,No Significant Anomaly,No Significant Direction,67.5,77.5,False
S318,Machine Learning,F03,17.4,75.4,86.8,73.4,100,False,No_Anomaly,58.0,72.46,0.94,0.94,1.3,73.88,11.06,72.78,9.96,0.176,False,False,False,0.176,False,-0.1263,False,False,False,False,0,No Significant Anomaly,No Significant Direction,67.5,77.5,False
S318,Software Engineering,F05,17.4,75.4,86.8,78.3,100,False,No_Anomaly,58.0,72.46,5.84,5.84,8.06,74.08,9.85,72.8,10.07,0.804,False,False,False,0.804,False,-0.1471,False,False,False,False,0,No Significant Anomaly,No Significant Direction,67.5,77.5,False
S319,Compiler Design,F03,20.1,61.5,95.7,70.2,100,False,No_Anomaly,67.0,69.99,0.21,0.21,0.3,73.88,11.06,72.59,10.04,0.082,False,False,False,0.082,False,-0.1097,False,False,False,False,0,No Significant Anomaly,No Significant Direction,65.0,75.0,False
S319,Computer Networks,F03,20.1,61.5,95.7,60.5,100,False,No_Anomaly,67.0,69.99,-9.49,9.49,-13.56,73.88,11.06,72.72,10.8,-1.162,False,False,False,1.162,False,-0.0381,False,False,False,False,0,No Significant Anomaly,No Significant Direction,65.0,75.0,False
S319,Machine Learning,F02,20.1,61.5,95.7,68.2,100,False,No_Anomaly,67.0,69.99,-1.79,1.79,-2.56,70.46,9.46,72.78,9.96,-0.175,False,False,False,0.175,False,-0.1116,False,False,False,False,0,No Significant Anomaly,No Significant Direction,65.0,75.0,False
S319,Software Engineering,F06,20.1,61.5,95.7,78.8,100,False,No_Anomaly,67.0,69.99,8.81,8.81,12.59,72.75,9.99,72.8,10.07,1.185,False,False,False,1.185,False,-0.1198,False,False,False,False,0,No Significant Anomaly,No Significant Direction,65.0,75.0,False
S320,Compiler Design,F03,23.6,96.9,82.0,79.8,100,False,No_Anomaly,78.67,88.45,-8.65,8.65,-9.78,73.88,11.06,72.59,10.04,-1.055,False,False,False,1.055,False,-0.042,False,False,False,False,0,No Significant Anomaly,No Significant Direction,83.4,93.4,False
S320,Computer Networks,F06,23.6,96.9,82.0,72.2,100,False,No_Anomaly,78.67,88.45,-16.25,16.25,-18.37,72.75,9.99,72.72,10.8,-2.03,False,True,True,2.03,True,0.0035,False,True,True,False,2,Review Recommended,Potential Under-marking,83.4,93.4,True
S320,Machine Learning,F02,23.6,96.9,82.0,84.7,100,False,No_Anomaly,78.67,88.45,-3.75,3.75,-4.24,70.46,9.46,72.78,9.96,-0.426,False,False,False,0.426,False,-0.0616,False,False,False,False,0,No Significant Anomaly,No Significant Direction,83.4,93.4,False
S320,Software Engineering,F07,23.6,96.9,82.0,65.3,100,True,Severe_Undermarking,78.67,88.45,-23.15,23.15,-26.17,69.71,10.67,72.8,10.07,-2.915,True,True,True,2.915,True,0.0366,True,True,True,True,4,Strong Review Recommended,Potential Under-marking,83.4,93.4,True
S321,Compiler Design,F06,18.0,89.4,83.3,81.8,100,False,No_Anomaly,60.0,79.36,2.44,2.44,3.07,72.75,9.99,72.59,10.04,0.368,False,False,False,0.368,False,-0.1172,False,False,False,False,0,No Significant Anomaly,No Significant Direction,74.4,84.4,False
S321,Computer Networks,F08,18.0,89.4,83.3,79.9,100,False,No_Anomaly,60.0,79.36,0.54,0.54,0.68,73.65,10.19,72.72,10.8,0.124,False,False,False,0.124,False,-0.1095,False,False,False,False,0,No Significant Anomaly,No Significant Direction,74.4,84.4,False
S321,Machine Learning,F03,18.0,89.4,83.3,84.2,100,False,No_Anomaly,60.0,79.36,4.84,4.84,6.1,73.88,11.06,72.78,9.96,0.676,False,False,False,0.676,False,-0.0823,False,False,False,False,0,No Significant Anomaly,No Significant Direction,74.4,84.4,False
S321,Software Engineering,F05,18.0,89.4,83.3,81.7,100,False,No_Anomaly,60.0,79.36,2.34,2.34,2.95,74.08,9.85,72.8,10.07,0.355,False,False,False,0.355,False,-0.1285,False,False,False,False,0,No Significant Anomaly,No Significant Direction,74.4,84.4,False
S322,Compiler Design,F05,16.5,68.7,81.6,66.4,100,False,No_Anomaly,55.0,67.17,-0.77,0.77,-1.15,74.08,9.85,72.59,10.04,-0.044,False,False,False,0.044,False,-0.1319,False,False,False,False,0,No Significant Anomaly,No Significant Direction,62.2,72.2,False
S322,Computer Networks,F04,16.5,68.7,81.6,100.0,100,True,Severe_Overmarking,55.0,67.17,32.83,32.83,48.88,73.24,9.91,72.72,10.8,4.266,True,True,True,4.266,True,0.0642,True,True,True,True,4,Strong Review Recommended,Potential Over-marking,62.2,72.2,True
S322,Machine Learning,F07,16.5,68.7,81.6,65.0,100,False,No_Anomaly,55.0,67.17,-2.17,2.17,-3.23,69.71,10.67,72.78,9.96,-0.223,False,False,False,0.223,False,-0.0997,False,False,False,False,0,No Significant Anomaly,No Significant Direction,62.2,72.2,False
S322,Software Engineering,F01,16.5,68.7,81.6,61.2,100,False,No_Anomaly,55.0,67.17,-5.97,5.97,-8.89,73.7,9.66,72.8,10.07,-0.711,False,False,False,0.711,False,-0.1417,False,False,False,False,0,No Significant Anomaly,No Significant Direction,62.2,72.2,False
S323,Compiler Design,F04,25.7,66.9,74.6,66.1,100,False,No_Anomaly,85.67,74.07,-7.97,7.97,-10.76,73.24,9.91,72.59,10.04,-0.967,False,False,False,0.967,False,-0.1281,False,False,False,False,0,No Significant Anomaly,No Significant Direction,69.1,79.1,False
S323,Computer Networks,F05,25.7,66.9,74.6,75.3,100,False,No_Anomaly,85.67,74.07,1.23,1.23,1.66,74.08,9.85,72.72,10.8,0.213,False,False,False,0.213,False,-0.1416,False,False,False,False,0,No Significant Anomaly,No Significant Direction,69.1,79.1,False
S323,Machine Learning,F06,25.7,66.9,74.6,73.8,100,False,No_Anomaly,85.67,74.07,-0.27,0.27,-0.36,72.75,9.99,72.78,9.96,0.02,False,False,False,0.02,False,-0.1568,False,False,False,False,0,No Significant Anomaly,No Significant Direction,69.1,79.1,False
S323,Software Engineering,F01,25.7,66.9,74.6,71.3,100,False,No_Anomaly,85.67,74.07,-2.77,2.77,-3.74,73.7,9.66,72.8,10.07,-0.3,False,False,False,0.3,False,-0.1642,False,False,False,False,0,No Significant Anomaly,No Significant Direction,69.1,79.1,False
S324,Compiler Design,F06,21.6,70.4,79.2,67.3,100,False,No_Anomaly,72.0,72.64,-5.34,5.34,-7.35,72.75,9.99,72.59,10.04,-0.63,False,False,False,0.63,False,-0.1464,False,False,False,False,0,No Significant Anomaly,No Significant Direction,67.6,77.6,False
S324,Computer Networks,F07,21.6,70.4,79.2,78.1,100,False,No_Anomaly,72.0,72.64,5.46,5.46,7.52,69.71,10.67,72.72,10.8,0.755,False,False,False,0.755,False,-0.0899,False,False,False,False,0,No Significant Anomaly,No Significant Direction,67.6,77.6,False
S324,Machine Learning,F05,21.6,70.4,79.2,51.8,100,True,Severe_Undermarking,72.0,72.64,-20.84,20.84,-28.69,74.08,9.85,72.78,9.96,-2.618,True,True,True,2.618,False,-0.0279,True,True,False,True,3,Strong Review Recommended,Potential Under-marking,67.6,77.6,True
S324,Software Engineering,F05,21.6,70.4,79.2,67.0,100,False,No_Anomaly,72.0,72.64,-5.64,5.64,-7.76,74.08,9.85,72.8,10.07,-0.669,False,False,False,0.669,False,-0.1604,False,False,False,False,0,No Significant Anomaly,No Significant Direction,67.6,77.6,False
S325,Compiler Design,F04,18.0,72.7,88.2,71.4,100,False,No_Anomaly,60.0,71.99,-0.59,0.59,-0.82,73.24,9.91,72.59,10.04,-0.021,False,False,False,0.021,False,-0.1476,False,False,False,False,0,No Significant Anomaly,No Significant Direction,67.0,77.0,False
S325,Computer Networks,F02,18.0,72.7,88.2,79.9,100,False,No_Anomaly,60.0,71.99,7.91,7.91,10.99,70.46,9.46,72.72,10.8,1.07,False,False,False,1.07,False,-0.0552,False,False,False,False,0,No Significant Anomaly,No Significant Direction,67.0,77.0,False
S325,Machine Learning,F01,18.0,72.7,88.2,59.5,100,False,No_Anomaly,60.0,71.99,-12.49,12.49,-17.35,73.7,9.66,72.78,9.96,-1.547,False,False,False,1.547,False,-0.0858,False,False,False,False,0,No Significant Anomaly,Potential Under-marking,67.0,77.0,False
S325,Software Engineering,F08,18.0,72.7,88.2,65.6,100,False,No_Anomaly,60.0,71.99,-6.39,6.39,-8.88,73.65,10.19,72.8,10.07,-0.765,False,False,False,0.765,False,-0.1532,False,False,False,False,0,No Significant Anomaly,No Significant Direction,67.0,77.0,False
S326,Compiler Design,F02,20.4,57.5,93.0,72.2,100,False,No_Anomaly,68.0,67.75,4.45,4.45,6.57,70.46,9.46,72.59,10.04,0.626,False,False,False,0.626,False,-0.0733,False,False,False,False,0,No Significant Anomaly,No Significant Direction,62.8,72.8,False
S326,Computer Networks,F06,20.4,57.5,93.0,65.8,100,False,No_Anomaly,68.0,67.75,-1.95,1.95,-2.88,72.75,9.99,72.72,10.8,-0.195,False,False,False,0.195,False,-0.1231,False,False,False,False,0,No Significant Anomaly,No Significant Direction,62.8,72.8,False
S326,Machine Learning,F07,20.4,57.5,93.0,63.5,100,False,No_Anomaly,68.0,67.75,-4.25,4.25,-6.27,69.71,10.67,72.78,9.96,-0.49,False,False,False,0.49,False,-0.0846,False,False,False,False,0,No Significant Anomaly,No Significant Direction,62.8,72.8,False
S326,Software Engineering,F02,20.4,57.5,93.0,67.1,100,False,No_Anomaly,68.0,67.75,-0.65,0.65,-0.96,70.46,9.46,72.8,10.07,-0.028,False,False,False,0.028,False,-0.1065,False,False,False,False,0,No Significant Anomaly,No Significant Direction,62.8,72.8,False
S327,Compiler Design,F08,23.9,53.0,86.4,67.1,100,False,No_Anomaly,79.67,67.68,-0.58,0.58,-0.86,73.65,10.19,72.59,10.04,-0.019,False,False,False,0.019,False,-0.1337,False,False,False,False,0,No Significant Anomaly,No Significant Direction,62.7,72.7,False
S327,Computer Networks,F02,23.9,53.0,86.4,64.9,100,False,No_Anomaly,79.67,67.68,-2.78,2.78,-4.11,70.46,9.46,72.72,10.8,-0.302,False,False,False,0.302,False,-0.0857,False,False,False,False,0,No Significant Anomaly,No Significant Direction,62.7,72.7,False
S327,Machine Learning,F02,23.9,53.0,86.4,74.3,100,False,No_Anomaly,79.67,67.68,6.62,6.62,9.78,70.46,9.46,72.78,9.96,0.904,False,False,False,0.904,False,-0.0923,False,False,False,False,0,No Significant Anomaly,No Significant Direction,62.7,72.7,False
S327,Software Engineering,F04,23.9,53.0,86.4,63.7,100,False,No_Anomaly,79.67,67.68,-3.98,3.98,-5.88,73.24,9.91,72.8,10.07,-0.456,False,False,False,0.456,False,-0.147,False,False,False,False,0,No Significant Anomaly,No Significant Direction,62.7,72.7,False
S328,Compiler Design,F04,24.9,51.6,84.3,69.9,100,False,No_Anomaly,83.0,67.56,2.34,2.34,3.46,73.24,9.91,72.59,10.04,0.355,False,False,False,0.355,False,-0.1381,False,False,False,False,0,No Significant Anomaly,No Significant Direction,62.6,72.6,False
S328,Computer Networks,F07,24.9,51.6,84.3,48.1,100,True,Severe_Undermarking,83.0,67.56,-19.46,19.46,-28.8,69.71,10.67,72.72,10.8,-2.441,False,True,True,2.441,True,0.0405,False,True,True,True,3,Strong Review Recommended,Potential Under-marking,62.6,72.6,True
S328,Machine Learning,F03,24.9,51.6,84.3,87.2,100,True,Severe_Overmarking,83.0,67.56,19.64,19.64,29.07,73.88,11.06,72.78,9.96,2.574,True,True,True,2.574,True,0.0065,True,True,True,True,4,Strong Review Recommended,Potential Over-marking,62.6,72.6,True
S328,Software Engineering,F06,24.9,51.6,84.3,67.1,100,False,No_Anomaly,83.0,67.56,-0.46,0.46,-0.68,72.75,9.99,72.8,10.07,-0.004,False,False,False,0.004,False,-0.1431,False,False,False,False,0,No Significant Anomaly,No Significant Direction,62.6,72.6,False
S329,Compiler Design,F03,16.4,74.5,88.3,82.4,100,False,No_Anomaly,54.67,71.31,11.09,11.09,15.55,73.88,11.06,72.59,10.04,1.478,False,False,False,1.478,False,-0.06,False,False,False,False,0,No Significant Anomaly,Potential Over-marking,66.3,76.3,False
S329,Computer Networks,F04,16.4,74.5,88.3,65.5,100,False,No_Anomaly,54.67,71.31,-5.81,5.81,-8.15,73.24,9.91,72.72,10.8,-0.69,False,False,False,0.69,False,-0.1247,False,False,False,False,0,No Significant Anomaly,No Significant Direction,66.3,76.3,False
S329,Machine Learning,F07,16.4,74.5,88.3,62.2,100,False,No_Anomaly,54.67,71.31,-9.11,9.11,-12.78,69.71,10.67,72.78,9.96,-1.114,False,False,False,1.114,False,-0.0704,False,False,False,False,0,No Significant Anomaly,No Significant Direction,66.3,76.3,False
S329,Software Engineering,F08,16.4,74.5,88.3,74.2,100,False,No_Anomaly,54.67,71.31,2.89,2.89,4.05,73.65,10.19,72.8,10.07,0.426,False,False,False,0.426,False,-0.1601,False,False,False,False,0,No Significant Anomaly,No Significant Direction,66.3,76.3,False
S330,Compiler Design,F07,20.1,74.0,79.0,78.5,100,False,No_Anomaly,67.0,72.9,5.6,5.6,7.68,69.71,10.67,72.59,10.04,0.773,False,False,False,0.773,False,-0.0916,False,False,False,False,0,No Significant Anomaly,No Significant Direction,67.9,77.9,False
S330,Computer Networks,F07,20.1,74.0,79.0,67.7,100,False,No_Anomaly,67.0,72.9,-5.2,5.2,-7.13,69.71,10.67,72.72,10.8,-0.612,False,False,False,0.612,False,-0.0964,False,False,False,False,0,No Significant Anomaly,No Significant Direction,67.9,77.9,False
S330,Machine Learning,F03,20.1,74.0,79.0,70.1,100,False,No_Anomaly,67.0,72.9,-2.8,2.8,-3.84,73.88,11.06,72.78,9.96,-0.304,False,False,False,0.304,False,-0.1387,False,False,False,False,0,No Significant Anomaly,No Significant Direction,67.9,77.9,False
S330,Software Engineering,F01,20.1,74.0,79.0,69.7,100,False,No_Anomaly,67.0,72.9,-3.2,3.2,-4.39,73.7,9.66,72.8,10.07,-0.356,False,False,False,0.356,False,-0.1758,False,False,False,False,0,No Significant Anomaly,No Significant Direction,67.9,77.9,False
S331,Compiler Design,F06,29.2,80.4,96.8,84.4,100,False,No_Anomaly,97.33,88.76,-4.36,4.36,-4.91,72.75,9.99,72.59,10.04,-0.504,False,False,False,0.504,False,-0.0583,False,False,False,False,0,No Significant Anomaly,No Significant Direction,83.8,93.8,False
S331,Computer Networks,F08,29.2,80.4,96.8,95.6,100,False,No_Anomaly,97.33,88.76,6.84,6.84,7.71,73.65,10.19,72.72,10.8,0.932,False,False,False,0.932,False,-0.0217,False,False,False,False,0,No Significant Anomaly,No Significant Direction,83.8,93.8,False
S331,Machine Learning,F01,29.2,80.4,96.8,83.9,100,False,No_Anomaly,97.33,88.76,-4.86,4.86,-5.48,73.7,9.66,72.78,9.96,-0.569,False,False,False,0.569,False,-0.0679,False,False,False,False,0,No Significant Anomaly,No Significant Direction,83.8,93.8,False
S331,Software Engineering,F05,29.2,80.4,96.8,80.7,100,False,No_Anomaly,97.33,88.76,-8.06,8.06,-9.08,74.08,9.85,72.8,10.07,-0.979,False,False,False,0.979,False,-0.0682,False,False,False,False,0,No Significant Anomaly,No Significant Direction,83.8,93.8,False
S332,Compiler Design,F04,23.4,85.8,80.9,79.6,100,False,No_Anomaly,78.0,82.48,-2.88,2.88,-3.49,73.24,9.91,72.59,10.04,-0.315,False,False,False,0.315,False,-0.145,False,False,False,False,0,No Significant Anomaly,No Significant Direction,77.5,87.5,False
S332,Computer Networks,F07,23.4,85.8,80.9,74.7,100,False,No_Anomaly,78.0,82.48,-7.78,7.78,-9.43,69.71,10.67,72.72,10.8,-0.943,False,False,False,0.943,False,-0.0622,False,False,False,False,0,No Significant Anomaly,No Significant Direction,77.5,87.5,False
S332,Machine Learning,F07,23.4,85.8,80.9,80.9,100,False,No_Anomaly,78.0,82.48,-1.58,1.58,-1.92,69.71,10.67,72.78,9.96,-0.148,False,False,False,0.148,False,-0.0954,False,False,False,False,0,No Significant Anomaly,No Significant Direction,77.5,87.5,False
S332,Software Engineering,F04,23.4,85.8,80.9,76.8,100,False,No_Anomaly,78.0,82.48,-5.68,5.68,-6.89,73.24,9.91,72.8,10.07,-0.674,False,False,False,0.674,False,-0.1481,False,False,False,False,0,No Significant Anomaly,No Significant Direction,77.5,87.5,False
S333,Compiler Design,F04,22.5,79.2,83.2,74.6,100,False,No_Anomaly,75.0,78.74,-4.14,4.14,-5.26,73.24,9.91,72.59,10.04,-0.476,False,False,False,0.476,False,-0.1531,False,False,False,False,0,No Significant Anomaly,No Significant Direction,73.7,83.7,False
S333,Computer Networks,F07,22.5,79.2,83.2,74.0,100,False,No_Anomaly,75.0,78.74,-4.74,4.74,-6.02,69.71,10.67,72.72,10.8,-0.553,False,False,False,0.553,False,-0.0972,False,False,False,False,0,No Significant Anomaly,No Significant Direction,73.7,83.7,False
S333,Machine Learning,F05,22.5,79.2,83.2,80.5,100,False,No_Anomaly,75.0,78.74,1.76,1.76,2.24,74.08,9.85,72.78,9.96,0.281,False,False,False,0.281,False,-0.1574,False,False,False,False,0,No Significant Anomaly,No Significant Direction,73.7,83.7,False
S333,Software Engineering,F06,22.5,79.2,83.2,81.5,100,False,No_Anomaly,75.0,78.74,2.76,2.76,3.51,72.75,9.99,72.8,10.07,0.409,False,False,False,0.409,False,-0.1626,False,False,False,False,0,No Significant Anomaly,No Significant Direction,73.7,83.7,False
S334,Compiler Design,F04,19.1,79.9,81.4,79.9,100,False,No_Anomaly,63.67,75.33,4.57,4.57,6.07,73.24,9.91,72.59,10.04,0.641,False,False,False,0.641,False,-0.1483,False,False,False,False,0,No Significant Anomaly,No Significant Direction,70.3,80.3,False
S334,Computer Networks,F03,19.1,79.9,81.4,76.2,100,False,No_Anomaly,63.67,75.33,0.87,0.87,1.15,73.88,11.06,72.72,10.8,0.167,False,False,False,0.167,False,-0.1099,False,False,False,False,0,No Significant Anomaly,No Significant Direction,70.3,80.3,False
S334,Machine Learning,F03,19.1,79.9,81.4,76.2,100,False,No_Anomaly,63.67,75.33,0.87,0.87,1.15,73.88,11.06,72.78,9.96,0.167,False,False,False,0.167,False,-0.1305,False,False,False,False,0,No Significant Anomaly,No Significant Direction,70.3,80.3,False
S334,Software Engineering,F02,19.1,79.9,81.4,70.9,100,False,No_Anomaly,63.67,75.33,-4.43,4.43,-5.88,70.46,9.46,72.8,10.07,-0.513,False,False,False,0.513,False,-0.1283,False,False,False,False,0,No Significant Anomaly,No Significant Direction,70.3,80.3,False
S335,Compiler Design,F06,22.0,65.0,88.3,76.2,100,False,No_Anomaly,73.33,72.16,4.04,4.04,5.6,72.75,9.99,72.59,10.04,0.573,False,False,False,0.573,False,-0.1503,False,False,False,False,0,No Significant Anomaly,No Significant Direction,67.2,77.2,False
S335,Computer Networks,F08,22.0,65.0,88.3,77.2,100,False,No_Anomaly,73.33,72.16,5.04,5.04,6.98,73.65,10.19,72.72,10.8,0.701,False,False,False,0.701,False,-0.1367,False,False,False,False,0,No Significant Anomaly,No Significant Direction,67.2,77.2,False
S335,Machine Learning,F04,22.0,65.0,88.3,76.8,100,False,No_Anomaly,73.33,72.16,4.64,4.64,6.43,73.24,9.91,72.78,9.96,0.65,False,False,False,0.65,False,-0.1659,False,False,False,False,0,No Significant Anomaly,No Significant Direction,67.2,77.2,False
S335,Software Engineering,F08,22.0,65.0,88.3,72.9,100,False,No_Anomaly,73.33,72.16,0.74,0.74,1.03,73.65,10.19,72.8,10.07,0.15,False,False,False,0.15,False,-0.1755,False,False,False,False,0,No Significant Anomaly,No Significant Direction,67.2,77.2,False
S336,Compiler Design,F05,20.5,74.1,88.7,77.4,100,False,No_Anomaly,68.33,75.29,2.11,2.11,2.8,74.08,9.85,72.59,10.04,0.326,False,False,False,0.326,False,-0.155,False,False,False,False,0,No Significant Anomaly,No Significant Direction,70.3,80.3,False
S336,Computer Networks,F02,20.5,74.1,88.7,70.6,100,False,No_Anomaly,68.33,75.29,-4.69,4.69,-6.23,70.46,9.46,72.72,10.8,-0.547,False,False,False,0.547,False,-0.0999,False,False,False,False,0,No Significant Anomaly,No Significant Direction,70.3,80.3,False
S336,Machine Learning,F05,20.5,74.1,88.7,75.7,100,False,No_Anomaly,68.33,75.29,0.41,0.41,0.54,74.08,9.85,72.78,9.96,0.108,False,False,False,0.108,False,-0.1664,False,False,False,False,0,No Significant Anomaly,No Significant Direction,70.3,80.3,False
S336,Software Engineering,F06,20.5,74.1,88.7,73.9,100,False,No_Anomaly,68.33,75.29,-1.39,1.39,-1.85,72.75,9.99,72.8,10.07,-0.123,False,False,False,0.123,False,-0.1715,False,False,False,False,0,No Significant Anomaly,No Significant Direction,70.3,80.3,False
S337,Compiler Design,F01,17.1,79.1,85.8,70.7,100,False,No_Anomaly,57.0,73.81,-3.11,3.11,-4.21,73.7,9.66,72.59,10.04,-0.344,False,False,False,0.344,False,-0.1392,False,False,False,False,0,No Significant Anomaly,No Significant Direction,68.8,78.8,False
S337,Computer Networks,F05,17.1,79.1,85.8,73.6,100,False,No_Anomaly,57.0,73.81,-0.21,0.21,-0.28,74.08,9.85,72.72,10.8,0.028,False,False,False,0.028,False,-0.127,False,False,False,False,0,No Significant Anomaly,No Significant Direction,68.8,78.8,False
S337,Machine Learning,F01,17.1,79.1,85.8,70.5,100,False,No_Anomaly,57.0,73.81,-3.31,3.31,-4.48,73.7,9.66,72.78,9.96,-0.37,False,False,False,0.37,False,-0.1499,False,False,False,False,0,No Significant Anomaly,No Significant Direction,68.8,78.8,False
S337,Software Engineering,F06,17.1,79.1,85.8,76.7,100,False,No_Anomaly,57.0,73.81,2.89,2.89,3.92,72.75,9.99,72.8,10.07,0.426,False,False,False,0.426,False,-0.1572,False,False,False,False,0,No Significant Anomaly,No Significant Direction,68.8,78.8,False
S338,Compiler Design,F05,15.4,87.3,77.0,72.9,100,False,No_Anomaly,51.33,74.45,-1.55,1.55,-2.08,74.08,9.85,72.59,10.04,-0.144,False,False,False,0.144,False,-0.1135,False,False,False,False,0,No Significant Anomaly,No Significant Direction,69.4,79.4,False
S338,Computer Networks,F04,15.4,87.3,77.0,68.5,100,False,No_Anomaly,51.33,74.45,-5.95,5.95,-7.99,73.24,9.91,72.72,10.8,-0.708,False,False,False,0.708,False,-0.0999,False,False,False,False,0,No Significant Anomaly,No Significant Direction,69.4,79.4,False
S338,Machine Learning,F05,15.4,87.3,77.0,74.5,100,False,No_Anomaly,51.33,74.45,0.05,0.05,0.07,74.08,9.85,72.78,9.96,0.061,False,False,False,0.061,False,-0.1214,False,False,False,False,0,No Significant Anomaly,No Significant Direction,69.4,79.4,False
S338,Software Engineering,F06,15.4,87.3,77.0,48.3,100,True,Severe_Undermarking,51.33,74.45,-26.15,26.15,-35.12,72.75,9.99,72.8,10.07,-3.3,True,True,True,3.3,True,0.0389,True,True,True,True,4,Strong Review Recommended,Potential Under-marking,69.4,79.4,True
S339,Compiler Design,F04,22.2,57.5,71.8,64.0,100,False,No_Anomaly,74.0,65.31,-1.31,1.31,-2.01,73.24,9.91,72.59,10.04,-0.113,False,False,False,0.113,False,-0.1332,False,False,False,False,0,No Significant Anomaly,No Significant Direction,60.3,70.3,False
S339,Computer Networks,F05,22.2,57.5,71.8,68.8,100,False,No_Anomaly,74.0,65.31,3.49,3.49,5.34,74.08,9.85,72.72,10.8,0.503,False,False,False,0.503,False,-0.1267,False,False,False,False,0,No Significant Anomaly,No Significant Direction,60.3,70.3,False
S339,Machine Learning,F01,22.2,57.5,71.8,66.2,100,False,No_Anomaly,74.0,65.31,0.89,0.89,1.36,73.7,9.66,72.78,9.96,0.169,False,False,False,0.169,False,-0.1468,False,False,False,False,0,No Significant Anomaly,No Significant Direction,60.3,70.3,False
S339,Software Engineering,F07,22.2,57.5,71.8,52.7,100,False,No_Anomaly,74.0,65.31,-12.61,12.61,-19.31,69.71,10.67,72.8,10.07,-1.563,False,False,False,1.563,False,-0.0338,False,False,False,False,0,No Significant Anomaly,Potential Under-marking,60.3,70.3,False
S340,Compiler Design,F02,24.5,66.7,78.6,66.9,100,False,No_Anomaly,81.67,73.57,-6.67,6.67,-9.07,70.46,9.46,72.59,10.04,-0.801,False,False,False,0.801,False,-0.1044,False,False,False,False,0,No Significant Anomaly,No Significant Direction,68.6,78.6,False
S340,Computer Networks,F01,24.5,66.7,78.6,78.3,100,False,No_Anomaly,81.67,73.57,4.73,4.73,6.43,73.7,9.66,72.72,10.8,0.662,False,False,False,0.662,False,-0.1432,False,False,False,False,0,No Significant Anomaly,No Significant Direction,68.6,78.6,False
S340,Machine Learning,F07,24.5,66.7,78.6,75.3,100,False,No_Anomaly,81.67,73.57,1.73,1.73,2.35,69.71,10.67,72.78,9.96,0.277,False,False,False,0.277,False,-0.1228,False,False,False,False,0,No Significant Anomaly,No Significant Direction,68.6,78.6,False
S340,Software Engineering,F08,24.5,66.7,78.6,71.4,100,False,No_Anomaly,81.67,73.57,-2.17,2.17,-2.95,73.65,10.19,72.8,10.07,-0.223,False,False,False,0.223,False,-0.1725,False,False,False,False,0,No Significant Anomaly,No Significant Direction,68.6,78.6,False
S341,Compiler Design,F06,23.6,74.1,85.2,71.5,100,False,No_Anomaly,78.67,77.69,-6.19,6.19,-7.97,72.75,9.99,72.59,10.04,-0.739,False,False,False,0.739,False,-0.1466,False,False,False,False,0,No Significant Anomaly,No Significant Direction,72.7,82.7,False
S341,Computer Networks,F01,23.6,74.1,85.2,84.5,100,False,No_Anomaly,78.67,77.69,6.81,6.81,8.77,73.7,9.66,72.72,10.8,0.929,False,False,False,0.929,False,-0.1164,False,False,False,False,0,No Significant Anomaly,No Significant Direction,72.7,82.7,False
S341,Machine Learning,F04,23.6,74.1,85.2,68.3,100,False,No_Anomaly,78.67,77.69,-9.39,9.39,-12.09,73.24,9.91,72.78,9.96,-1.15,False,False,False,1.15,False,-0.1378,False,False,False,False,0,No Significant Anomaly,No Significant Direction,72.7,82.7,False
S341,Software Engineering,F03,23.6,74.1,85.2,87.2,100,False,No_Anomaly,78.67,77.69,9.51,9.51,12.24,73.88,11.06,72.8,10.07,1.275,False,False,False,1.275,False,-0.0931,False,False,False,False,0,No Significant Anomaly,No Significant Direction,72.7,82.7,False
S342,Compiler Design,F05,20.5,77.4,60.9,84.2,100,False,No_Anomaly,68.33,71.38,12.82,12.82,17.96,74.08,9.85,72.59,10.04,1.699,False,False,False,1.699,False,-0.0558,False,False,False,False,0,No Significant Anomaly,Potential Over-marking,66.4,76.4,False
S342,Computer Networks,F06,20.5,77.4,60.9,72.5,100,False,No_Anomaly,68.33,71.38,1.12,1.12,1.57,72.75,9.99,72.72,10.8,0.199,False,False,False,0.199,False,-0.1213,False,False,False,False,0,No Significant Anomaly,No Significant Direction,66.4,76.4,False
S342,Machine Learning,F02,20.5,77.4,60.9,75.1,100,False,No_Anomaly,68.33,71.38,3.72,3.72,5.21,70.46,9.46,72.78,9.96,0.532,False,False,False,0.532,False,-0.0937,False,False,False,False,0,No Significant Anomaly,No Significant Direction,66.4,76.4,False
S342,Software Engineering,F01,20.5,77.4,60.9,75.2,100,False,No_Anomaly,68.33,71.38,3.82,3.82,5.35,73.7,9.66,72.8,10.07,0.545,False,False,False,0.545,False,-0.1382,False,False,False,False,0,No Significant Anomaly,No Significant Direction,66.4,76.4,False
S343,Compiler Design,F01,22.0,43.8,82.4,63.5,100,False,No_Anomaly,73.33,60.38,3.12,3.12,5.17,73.7,9.66,72.59,10.04,0.455,False,False,False,0.455,False,-0.1025,False,False,False,False,0,No Significant Anomaly,No Significant Direction,55.4,65.4,False
S343,Computer Networks,F04,22.0,43.8,82.4,62.0,100,False,No_Anomaly,73.33,60.38,1.62,1.62,2.68,73.24,9.91,72.72,10.8,0.263,False,False,False,0.263,False,-0.1033,False,False,False,False,0,No Significant Anomaly,No Significant Direction,55.4,65.4,False
S343,Machine Learning,F04,22.0,43.8,82.4,60.8,100,False,No_Anomaly,73.33,60.38,0.42,0.42,0.7,73.24,9.91,72.78,9.96,0.109,False,False,False,0.109,False,-0.115,False,False,False,False,0,No Significant Anomaly,No Significant Direction,55.4,65.4,False
S343,Software Engineering,F01,22.0,43.8,82.4,52.4,100,False,No_Anomaly,73.33,60.38,-7.98,7.98,-13.22,73.7,9.66,72.8,10.07,-0.969,False,False,False,0.969,False,-0.0753,False,False,False,False,0,No Significant Anomaly,No Significant Direction,55.4,65.4,False
S344,Compiler Design,F03,22.8,82.5,93.9,88.1,100,False,No_Anomaly,76.0,82.83,5.27,5.27,6.36,73.88,11.06,72.59,10.04,0.731,False,False,False,0.731,False,-0.0801,False,False,False,False,0,No Significant Anomaly,No Significant Direction,77.8,87.8,False
S344,Computer Networks,F03,22.8,82.5,93.9,100.0,100,True,Severe_Overmarking,76.0,82.83,17.17,17.17,20.73,73.88,11.06,72.72,10.8,2.258,False,True,True,2.258,True,0.0262,False,True,True,False,2,Review Recommended,Potential Over-marking,77.8,87.8,True
S344,Machine Learning,F01,22.8,82.5,93.9,82.3,100,False,No_Anomaly,76.0,82.83,-0.53,0.53,-0.64,73.7,9.66,72.78,9.96,-0.013,False,False,False,0.013,False,-0.1267,False,False,False,False,0,No Significant Anomaly,No Significant Direction,77.8,87.8,False
S344,Software Engineering,F01,22.8,82.5,93.9,84.9,100,False,No_Anomaly,76.0,82.83,2.07,2.07,2.5,73.7,9.66,72.8,10.07,0.32,False,False,False,0.32,False,-0.1349,False,False,False,False,0,No Significant Anomaly,No Significant Direction,77.8,87.8,False
S345,Compiler Design,F02,19.9,64.0,86.9,64.5,100,False,No_Anomaly,66.33,69.28,-4.78,4.78,-6.9,70.46,9.46,72.59,10.04,-0.558,False,False,False,0.558,False,-0.0982,False,False,False,False,0,No Significant Anomaly,No Significant Direction,64.3,74.3,False
S345,Computer Networks,F02,19.9,64.0,86.9,68.1,100,False,No_Anomaly,66.33,69.28,-1.18,1.18,-1.7,70.46,9.46,72.72,10.8,-0.096,False,False,False,0.096,False,-0.101,False,False,False,False,0,No Significant Anomaly,No Significant Direction,64.3,74.3,False
S345,Machine Learning,F02,19.9,64.0,86.9,77.5,100,False,No_Anomaly,66.33,69.28,8.22,8.22,11.86,70.46,9.46,72.78,9.96,1.109,False,False,False,1.109,False,-0.0933,False,False,False,False,0,No Significant Anomaly,No Significant Direction,64.3,74.3,False
S345,Software Engineering,F04,19.9,64.0,86.9,68.9,100,False,No_Anomaly,66.33,69.28,-0.38,0.38,-0.55,73.24,9.91,72.8,10.07,0.006,False,False,False,0.006,False,-0.1704,False,False,False,False,0,No Significant Anomaly,No Significant Direction,64.3,74.3,False
S346,Compiler Design,F04,19.8,70.0,91.9,72.7,100,False,No_Anomaly,66.0,73.18,-0.48,0.48,-0.66,73.24,9.91,72.59,10.04,-0.007,False,False,False,0.007,False,-0.1506,False,False,False,False,0,No Significant Anomaly,No Significant Direction,68.2,78.2,False
S346,Computer Networks,F01,19.8,70.0,91.9,80.7,100,False,No_Anomaly,66.0,73.18,7.52,7.52,10.28,73.7,9.66,72.72,10.8,1.02,False,False,False,1.02,False,-0.1147,False,False,False,False,0,No Significant Anomaly,No Significant Direction,68.2,78.2,False
S346,Machine Learning,F02,19.8,70.0,91.9,79.7,100,False,No_Anomaly,66.0,73.18,6.52,6.52,8.91,70.46,9.46,72.78,9.96,0.891,False,False,False,0.891,False,-0.101,False,False,False,False,0,No Significant Anomaly,No Significant Direction,68.2,78.2,False
S346,Software Engineering,F01,19.8,70.0,91.9,64.6,100,False,No_Anomaly,66.0,73.18,-8.58,8.58,-11.72,73.7,9.66,72.8,10.07,-1.046,False,False,False,1.046,False,-0.1315,False,False,False,False,0,No Significant Anomaly,No Significant Direction,68.2,78.2,False
S347,Compiler Design,F06,18.2,79.7,88.8,71.9,100,False,No_Anomaly,60.67,75.81,-3.91,3.91,-5.16,72.75,9.99,72.59,10.04,-0.447,False,False,False,0.447,False,-0.1351,False,False,False,False,0,No Significant Anomaly,No Significant Direction,70.8,80.8,False
S347,Computer Networks,F01,18.2,79.7,88.8,86.6,100,False,No_Anomaly,60.67,75.81,10.79,10.79,14.23,73.7,9.66,72.72,10.8,1.439,False,False,False,1.439,False,-0.0645,False,False,False,False,0,No Significant Anomaly,Potential Over-marking,70.8,80.8,False
S347,Machine Learning,F06,18.2,79.7,88.8,100.0,100,True,Severe_Overmarking,60.67,75.81,24.19,24.19,31.91,72.75,9.99,72.78,9.96,3.158,True,True,True,3.158,False,-0.0,True,True,False,True,3,Strong Review Recommended,Potential Over-marking,70.8,80.8,True
S347,Software Engineering,F02,18.2,79.7,88.8,74.6,100,False,No_Anomaly,60.67,75.81,-1.21,1.21,-1.6,70.46,9.46,72.8,10.07,-0.1,False,False,False,0.1,False,-0.1202,False,False,False,False,0,No Significant Anomaly,No Significant Direction,70.8,80.8,False
S348,Compiler Design,F01,22.4,81.7,89.0,79.6,100,False,No_Anomaly,74.67,81.05,-1.45,1.45,-1.79,73.7,9.66,72.59,10.04,-0.131,False,False,False,0.131,False,-0.1409,False,False,False,False,0,No Significant Anomaly,No Significant Direction,76.0,86.0,False
S348,Computer Networks,F01,22.4,81.7,89.0,83.0,100,False,No_Anomaly,74.67,81.05,1.95,1.95,2.41,73.7,9.66,72.72,10.8,0.305,False,False,False,0.305,False,-0.1235,False,False,False,False,0,No Significant Anomaly,No Significant Direction,76.0,86.0,False
S348,Machine Learning,F04,22.4,81.7,89.0,79.5,100,False,No_Anomaly,74.67,81.05,-1.55,1.55,-1.91,73.24,9.91,72.78,9.96,-0.144,False,False,False,0.144,False,-0.1568,False,False,False,False,0,No Significant Anomaly,No Significant Direction,76.0,86.0,False
S348,Software Engineering,F07,22.4,81.7,89.0,75.7,100,False,No_Anomaly,74.67,81.05,-5.35,5.35,-6.6,69.71,10.67,72.8,10.07,-0.631,False,False,False,0.631,False,-0.1106,False,False,False,False,0,No Significant Anomaly,No Significant Direction,76.0,86.0,False
S349,Compiler Design,F04,19.8,60.9,73.4,58.2,100,False,No_Anomaly,66.0,64.93,-6.73,6.73,-10.37,73.24,9.91,72.59,10.04,-0.808,False,False,False,0.808,False,-0.1147,False,False,False,False,0,No Significant Anomaly,No Significant Direction,59.9,69.9,False
S349,Computer Networks,F02,19.8,60.9,73.4,58.6,100,False,No_Anomaly,66.0,64.93,-6.33,6.33,-9.75,70.46,9.46,72.72,10.8,-0.757,False,False,False,0.757,False,-0.0666,False,False,False,False,0,No Significant Anomaly,No Significant Direction,59.9,69.9,False
S349,Machine Learning,F08,19.8,60.9,73.4,62.4,100,False,No_Anomaly,66.0,64.93,-2.53,2.53,-3.9,73.65,10.19,72.78,9.96,-0.27,False,False,False,0.27,False,-0.1476,False,False,False,False,0,No Significant Anomaly,No Significant Direction,59.9,69.9,False
S349,Software Engineering,F02,19.8,60.9,73.4,32.6,100,True,Severe_Undermarking,66.0,64.93,-32.33,32.33,-49.79,70.46,9.46,72.8,10.07,-4.092,True,True,True,4.092,True,0.0778,True,True,True,True,4,Strong Review Recommended,Potential Under-marking,59.9,69.9,True
S350,Compiler Design,F07,23.8,76.5,72.4,72.4,100,False,No_Anomaly,79.33,76.53,-4.13,4.13,-5.4,69.71,10.67,72.59,10.04,-0.475,False,False,False,0.475,False,-0.1057,False,False,False,False,0,No Significant Anomaly,No Significant Direction,71.5,81.5,False
S350,Computer Networks,F07,23.8,76.5,72.4,67.8,100,False,No_Anomaly,79.33,76.53,-8.73,8.73,-11.41,69.71,10.67,72.72,10.8,-1.065,False,False,False,1.065,False,-0.0702,False,False,False,False,0,No Significant Anomaly,No Significant Direction,71.5,81.5,False
S350,Machine Learning,F07,23.8,76.5,72.4,72.7,100,False,No_Anomaly,79.33,76.53,-3.83,3.83,-5.0,69.71,10.67,72.78,9.96,-0.436,False,False,False,0.436,False,-0.1131,False,False,False,False,0,No Significant Anomaly,No Significant Direction,71.5,81.5,False
S350,Software Engineering,F03,23.8,76.5,72.4,75.9,100,False,No_Anomaly,79.33,76.53,-0.63,0.63,-0.82,73.88,11.06,72.8,10.07,-0.026,False,False,False,0.026,False,-0.1326,False,False,False,False,0,No Significant Anomaly,No Significant Direction,71.5,81.5,False
S351,Compiler Design,F03,22.4,55.1,80.0,68.0,100,False,No_Anomaly,74.67,65.95,2.05,2.05,3.11,73.88,11.06,72.59,10.04,0.318,False,False,False,0.318,False,-0.1082,False,False,False,False,0,No Significant Anomaly,No Significant Direction,61.0,71.0,False
S351,Computer Networks,F03,22.4,55.1,80.0,75.2,100,False,No_Anomaly,74.67,65.95,9.25,9.25,14.03,73.88,11.06,72.72,10.8,1.242,False,False,False,1.242,False,-0.0579,False,False,False,False,0,No Significant Anomaly,No Significant Direction,61.0,71.0,False
S351,Machine Learning,F08,22.4,55.1,80.0,72.1,100,False,No_Anomaly,74.67,65.95,6.15,6.15,9.33,73.65,10.19,72.78,9.96,0.844,False,False,False,0.844,False,-0.1462,False,False,False,False,0,No Significant Anomaly,No Significant Direction,61.0,71.0,False
S351,Software Engineering,F01,22.4,55.1,80.0,75.9,100,False,No_Anomaly,74.67,65.95,9.95,9.95,15.09,73.7,9.66,72.8,10.07,1.331,False,False,False,1.331,False,-0.1191,False,False,False,False,0,No Significant Anomaly,No Significant Direction,61.0,71.0,False
S352,Compiler Design,F04,27.9,98.0,68.2,85.3,100,False,No_Anomaly,93.0,90.54,-5.24,5.24,-5.79,73.24,9.91,72.59,10.04,-0.617,False,False,False,0.617,False,-0.0491,False,False,False,False,0,No Significant Anomaly,No Significant Direction,85.5,95.5,False
S352,Computer Networks,F04,27.9,98.0,68.2,67.5,100,True,Severe_Undermarking,93.0,90.54,-23.04,23.04,-25.45,73.24,9.91,72.72,10.8,-2.901,True,True,True,2.901,True,0.053,True,True,True,True,4,Strong Review Recommended,Potential Under-marking,85.5,95.5,True
S352,Machine Learning,F03,27.9,98.0,68.2,94.2,100,False,No_Anomaly,93.0,90.54,3.66,3.66,4.04,73.88,11.06,72.78,9.96,0.524,False,False,False,0.524,False,-0.0113,False,False,False,False,0,No Significant Anomaly,No Significant Direction,85.5,95.5,False
S352,Software Engineering,F03,27.9,98.0,68.2,88.4,100,False,No_Anomaly,93.0,90.54,-2.14,2.14,-2.36,73.88,11.06,72.8,10.07,-0.22,False,False,False,0.22,False,-0.0264,False,False,False,False,0,No Significant Anomaly,No Significant Direction,85.5,95.5,False
S353,Compiler Design,F03,22.5,71.8,86.1,77.3,100,False,No_Anomaly,75.0,75.62,1.68,1.68,2.22,73.88,11.06,72.59,10.04,0.27,False,False,False,0.27,False,-0.1364,False,False,False,False,0,No Significant Anomaly,No Significant Direction,70.6,80.6,False
S353,Computer Networks,F04,22.5,71.8,86.1,83.6,100,False,No_Anomaly,75.0,75.62,7.98,7.98,10.55,73.24,9.91,72.72,10.8,1.079,False,False,False,1.079,False,-0.117,False,False,False,False,0,No Significant Anomaly,No Significant Direction,70.6,80.6,False
S353,Machine Learning,F02,22.5,71.8,86.1,67.2,100,False,No_Anomaly,75.0,75.62,-8.42,8.42,-11.13,70.46,9.46,72.78,9.96,-1.025,False,False,False,1.025,False,-0.1155,False,False,False,False,0,No Significant Anomaly,No Significant Direction,70.6,80.6,False
S353,Software Engineering,F05,22.5,71.8,86.1,76.3,100,False,No_Anomaly,75.0,75.62,0.68,0.68,0.9,74.08,9.85,72.8,10.07,0.142,False,False,False,0.142,False,-0.1727,False,False,False,False,0,No Significant Anomaly,No Significant Direction,70.6,80.6,False
S354,Compiler Design,F03,27.8,75.3,80.5,80.4,100,False,No_Anomaly,92.67,81.55,-1.15,1.15,-1.41,73.88,11.06,72.59,10.04,-0.093,False,False,False,0.093,False,-0.1113,False,False,False,False,0,No Significant Anomaly,No Significant Direction,76.6,86.6,False
S354,Computer Networks,F02,27.8,75.3,80.5,86.5,100,False,No_Anomaly,92.67,81.55,4.95,4.95,6.07,70.46,9.46,72.72,10.8,0.69,False,False,False,0.69,False,-0.0606,False,False,False,False,0,No Significant Anomaly,No Significant Direction,76.6,86.6,False
S354,Machine Learning,F02,27.8,75.3,80.5,76.5,100,False,No_Anomaly,92.67,81.55,-5.05,5.05,-6.19,70.46,9.46,72.78,9.96,-0.593,False,False,False,0.593,False,-0.1065,False,False,False,False,0,No Significant Anomaly,No Significant Direction,76.6,86.6,False
S354,Software Engineering,F02,27.8,75.3,80.5,82.6,100,False,No_Anomaly,92.67,81.55,1.05,1.05,1.29,70.46,9.46,72.8,10.07,0.19,False,False,False,0.19,False,-0.1062,False,False,False,False,0,No Significant Anomaly,No Significant Direction,76.6,86.6,False
S355,Compiler Design,F07,19.4,64.5,93.3,75.9,100,False,No_Anomaly,64.67,70.31,5.59,5.59,7.95,69.71,10.67,72.59,10.04,0.772,False,False,False,0.772,False,-0.0732,False,False,False,False,0,No Significant Anomaly,No Significant Direction,65.3,75.3,False
S355,Computer Networks,F07,19.4,64.5,93.3,72.2,100,False,No_Anomaly,64.67,70.31,1.89,1.89,2.69,69.71,10.67,72.72,10.8,0.297,False,False,False,0.297,False,-0.0848,False,False,False,False,0,No Significant Anomaly,No Significant Direction,65.3,75.3,False
S355,Machine Learning,F05,19.4,64.5,93.3,71.8,100,False,No_Anomaly,64.67,70.31,1.49,1.49,2.12,74.08,9.85,72.78,9.96,0.246,False,False,False,0.246,False,-0.1556,False,False,False,False,0,No Significant Anomaly,No Significant Direction,65.3,75.3,False
S355,Software Engineering,F01,19.4,64.5,93.3,72.3,100,False,No_Anomaly,64.67,70.31,1.99,1.99,2.83,73.7,9.66,72.8,10.07,0.31,False,False,False,0.31,False,-0.1612,False,False,False,False,0,No Significant Anomaly,No Significant Direction,65.3,75.3,False
S356,Compiler Design,F08,23.8,69.3,71.3,63.5,100,False,No_Anomaly,79.33,72.71,-9.21,9.21,-12.67,73.65,10.19,72.59,10.04,-1.127,False,False,False,1.127,False,-0.1164,False,False,False,False,0,No Significant Anomaly,No Significant Direction,67.7,77.7,False
S356,Computer Networks,F08,23.8,69.3,71.3,69.3,100,False,No_Anomaly,79.33,72.71,-3.41,3.41,-4.69,73.65,10.19,72.72,10.8,-0.383,False,False,False,0.383,False,-0.143,False,False,False,False,0,No Significant Anomaly,No Significant Direction,67.7,77.7,False
S356,Machine Learning,F03,23.8,69.3,71.3,73.4,100,False,No_Anomaly,79.33,72.71,0.69,0.69,0.95,73.88,11.06,72.78,9.96,0.143,False,False,False,0.143,False,-0.13,False,False,False,False,0,No Significant Anomaly,No Significant Direction,67.7,77.7,False
S356,Software Engineering,F05,23.8,69.3,71.3,75.6,100,False,No_Anomaly,79.33,72.71,2.89,2.89,3.97,74.08,9.85,72.8,10.07,0.426,False,False,False,0.426,False,-0.1663,False,False,False,False,0,No Significant Anomaly,No Significant Direction,67.7,77.7,False
S357,Compiler Design,F01,21.2,87.3,81.2,86.8,100,False,No_Anomaly,70.67,81.09,5.71,5.71,7.04,73.7,9.66,72.59,10.04,0.787,False,False,False,0.787,False,-0.1119,False,False,False,False,0,No Significant Anomaly,No Significant Direction,76.1,86.1,False
S357,Computer Networks,F07,21.2,87.3,81.2,82.9,100,False,No_Anomaly,70.67,81.09,1.81,1.81,2.23,69.71,10.67,72.72,10.8,0.287,False,False,False,0.287,False,-0.0723,False,False,False,False,0,No Significant Anomaly,No Significant Direction,76.1,86.1,False
S357,Machine Learning,F02,21.2,87.3,81.2,82.8,100,False,No_Anomaly,70.67,81.09,1.71,1.71,2.11,70.46,9.46,72.78,9.96,0.274,False,False,False,0.274,False,-0.0976,False,False,False,False,0,No Significant Anomaly,No Significant Direction,76.1,86.1,False
S357,Software Engineering,F04,21.2,87.3,81.2,84.7,100,False,No_Anomaly,70.67,81.09,3.61,3.61,4.45,73.24,9.91,72.8,10.07,0.518,False,False,False,0.518,False,-0.1484,False,False,False,False,0,No Significant Anomaly,No Significant Direction,76.1,86.1,False
S358,Compiler Design,F04,15.6,56.6,79.7,64.3,100,False,No_Anomaly,52.0,59.84,4.46,4.46,7.45,73.24,9.91,72.59,10.04,0.627,False,False,False,0.627,False,-0.1087,False,False,False,False,0,No Significant Anomaly,No Significant Direction,54.8,64.8,False
S358,Computer Networks,F08,15.6,56.6,79.7,60.6,100,False,No_Anomaly,52.0,59.84,0.76,0.76,1.27,73.65,10.19,72.72,10.8,0.152,False,False,False,0.152,False,-0.0941,False,False,False,False,0,No Significant Anomaly,No Significant Direction,54.8,64.8,False
S358,Machine Learning,F06,15.6,56.6,79.7,67.3,100,False,No_Anomaly,52.0,59.84,7.46,7.46,12.47,72.75,9.99,72.78,9.96,1.012,False,False,False,1.012,False,-0.1004,False,False,False,False,0,No Significant Anomaly,No Significant Direction,54.8,64.8,False
S358,Software Engineering,F08,15.6,56.6,79.7,62.2,100,False,No_Anomaly,52.0,59.84,2.36,2.36,3.94,73.65,10.19,72.8,10.07,0.358,False,False,False,0.358,False,-0.1199,False,False,False,False,0,No Significant Anomaly,No Significant Direction,54.8,64.8,False
S359,Compiler Design,F04,27.3,59.0,84.3,75.4,100,False,No_Anomaly,91.0,73.66,1.74,1.74,2.36,73.24,9.91,72.59,10.04,0.278,False,False,False,0.278,False,-0.1478,False,False,False,False,0,No Significant Anomaly,No Significant Direction,68.7,78.7,False
S359,Computer Networks,F03,27.3,59.0,84.3,73.3,100,False,No_Anomaly,91.0,73.66,-0.36,0.36,-0.49,73.88,11.06,72.72,10.8,0.009,False,False,False,0.009,False,-0.0926,False,False,False,False,0,No Significant Anomaly,No Significant Direction,68.7,78.7,False
S359,Machine Learning,F03,27.3,59.0,84.3,67.1,100,False,No_Anomaly,91.0,73.66,-6.56,6.56,-8.91,73.88,11.06,72.78,9.96,-0.787,False,False,False,0.787,False,-0.0984,False,False,False,False,0,No Significant Anomaly,No Significant Direction,68.7,78.7,False
S359,Software Engineering,F03,27.3,59.0,84.3,74.0,100,False,No_Anomaly,91.0,73.66,0.34,0.34,0.46,73.88,11.06,72.8,10.07,0.099,False,False,False,0.099,False,-0.1189,False,False,False,False,0,No Significant Anomaly,No Significant Direction,68.7,78.7,False
S360,Compiler Design,F02,27.7,98.0,76.1,95.8,100,False,No_Anomaly,92.33,91.92,3.88,3.88,4.22,70.46,9.46,72.59,10.04,0.553,False,False,False,0.553,True,0.0045,False,False,True,False,1,No Significant Anomaly,No Significant Direction,86.9,96.9,False
S360,Computer Networks,F02,27.7,98.0,76.1,100.0,100,True,Severe_Overmarking,92.33,91.92,8.08,8.08,8.79,70.46,9.46,72.72,10.8,1.091,False,False,False,1.091,True,0.0314,False,False,True,False,1,No Significant Anomaly,No Significant Direction,86.9,96.9,False
S360,Machine Learning,F01,27.7,98.0,76.1,87.5,100,False,No_Anomaly,92.33,91.92,-4.42,4.42,-4.81,73.7,9.66,72.78,9.96,-0.512,False,False,False,0.512,False,-0.0468,False,False,False,False,0,No Significant Anomaly,No Significant Direction,86.9,96.9,False
S360,Software Engineering,F07,27.7,98.0,76.1,85.7,100,False,No_Anomaly,92.33,91.92,-6.22,6.22,-6.77,69.71,10.67,72.8,10.07,-0.743,False,False,False,0.743,False,-0.0169,False,False,False,False,0,No Significant Anomaly,No Significant Direction,86.9,96.9,False
S361,Compiler Design,F01,23.7,72.9,80.5,79.6,100,False,No_Anomaly,79.0,76.25,3.35,3.35,4.39,73.7,9.66,72.59,10.04,0.485,False,False,False,0.485,False,-0.1576,False,False,False,False,0,No Significant Anomaly,No Significant Direction,71.2,81.2,False
S361,Computer Networks,F01,23.7,72.9,80.5,76.1,100,False,No_Anomaly,79.0,76.25,-0.15,0.15,-0.2,73.7,9.66,72.72,10.8,0.036,False,False,False,0.036,False,-0.147,False,False,False,False,0,No Significant Anomaly,No Significant Direction,71.2,81.2,False
S361,Machine Learning,F03,23.7,72.9,80.5,77.8,100,False,No_Anomaly,79.0,76.25,1.55,1.55,2.03,73.88,11.06,72.78,9.96,0.254,False,False,False,0.254,False,-0.1393,False,False,False,False,0,No Significant Anomaly,No Significant Direction,71.2,81.2,False
S361,Software Engineering,F07,23.7,72.9,80.5,72.3,100,False,No_Anomaly,79.0,76.25,-3.95,3.95,-5.18,69.71,10.67,72.8,10.07,-0.452,False,False,False,0.452,False,-0.1287,False,False,False,False,0,No Significant Anomaly,No Significant Direction,71.2,81.2,False
S362,Compiler Design,F01,20.4,70.7,83.1,77.9,100,False,No_Anomaly,68.0,72.37,5.53,5.53,7.64,73.7,9.66,72.59,10.04,0.764,False,False,False,0.764,False,-0.1475,False,False,False,False,0,No Significant Anomaly,No Significant Direction,67.4,77.4,False
S362,Computer Networks,F02,20.4,70.7,83.1,68.8,100,False,No_Anomaly,68.0,72.37,-3.57,3.57,-4.93,70.46,9.46,72.72,10.8,-0.403,False,False,False,0.403,False,-0.1082,False,False,False,False,0,No Significant Anomaly,No Significant Direction,67.4,77.4,False
S362,Machine Learning,F08,20.4,70.7,83.1,80.1,100,False,No_Anomaly,68.0,72.37,7.73,7.73,10.68,73.65,10.19,72.78,9.96,1.047,False,False,False,1.047,False,-0.1487,False,False,False,False,0,No Significant Anomaly,No Significant Direction,67.4,77.4,False
S362,Software Engineering,F07,20.4,70.7,83.1,71.1,100,False,No_Anomaly,68.0,72.37,-1.27,1.27,-1.75,69.71,10.67,72.8,10.07,-0.108,False,False,False,0.108,False,-0.1252,False,False,False,False,0,No Significant Anomaly,No Significant Direction,67.4,77.4,False
S363,Compiler Design,F03,24.6,53.2,66.6,74.2,100,False,No_Anomaly,82.0,64.52,9.68,9.68,15.0,73.88,11.06,72.59,10.04,1.297,False,False,False,1.297,False,-0.0485,False,False,False,False,0,No Significant Anomaly,No Significant Direction,59.5,69.5,False
S363,Computer Networks,F08,24.6,53.2,66.6,52.8,100,False,No_Anomaly,82.0,64.52,-11.72,11.72,-18.16,73.65,10.19,72.72,10.8,-1.449,False,False,False,1.449,False,-0.0252,False,False,False,False,0,No Significant Anomaly,Potential Under-marking,59.5,69.5,False
S363,Machine Learning,F08,24.6,53.2,66.6,65.4,100,False,No_Anomaly,82.0,64.52,0.88,0.88,1.36,73.65,10.19,72.78,9.96,0.168,False,False,False,0.168,False,-0.1306,False,False,False,False,0,No Significant Anomaly,No Significant Direction,59.5,69.5,False
S363,Software Engineering,F04,24.6,53.2,66.6,63.7,100,False,No_Anomaly,82.0,64.52,-0.82,0.82,-1.27,73.24,9.91,72.8,10.07,-0.05,False,False,False,0.05,False,-0.1346,False,False,False,False,0,No Significant Anomaly,No Significant Direction,59.5,69.5,False
S364,Compiler Design,F02,22.0,66.7,76.0,67.7,100,False,No_Anomaly,73.33,70.55,-2.85,2.85,-4.04,70.46,9.46,72.59,10.04,-0.311,False,False,False,0.311,False,-0.1144,False,False,False,False,0,No Significant Anomaly,No Significant Direction,65.6,75.6,False
S364,Computer Networks,F06,22.0,66.7,76.0,74.4,100,False,No_Anomaly,73.33,70.55,3.85,3.85,5.46,72.75,9.99,72.72,10.8,0.549,False,False,False,0.549,False,-0.1472,False,False,False,False,0,No Significant Anomaly,No Significant Direction,65.6,75.6,False
S364,Machine Learning,F06,22.0,66.7,76.0,65.0,100,False,No_Anomaly,73.33,70.55,-5.55,5.55,-7.87,72.75,9.99,72.78,9.96,-0.657,False,False,False,0.657,False,-0.1555,False,False,False,False,0,No Significant Anomaly,No Significant Direction,65.6,75.6,False
S364,Software Engineering,F06,22.0,66.7,76.0,71.7,100,False,No_Anomaly,73.33,70.55,1.15,1.15,1.63,72.75,9.99,72.8,10.07,0.202,False,False,False,0.202,False,-0.1691,False,False,False,False,0,No Significant Anomaly,No Significant Direction,65.6,75.6,False
S365,Compiler Design,F06,19.4,79.5,83.8,74.9,100,False,No_Anomaly,64.67,75.91,-1.01,1.01,-1.33,72.75,9.99,72.59,10.04,-0.075,False,False,False,0.075,False,-0.1496,False,False,False,False,0,No Significant Anomaly,No Significant Direction,70.9,80.9,False
S365,Computer Networks,F06,19.4,79.5,83.8,76.4,100,False,No_Anomaly,64.67,75.91,0.49,0.49,0.65,72.75,9.99,72.72,10.8,0.118,False,False,False,0.118,False,-0.1424,False,False,False,False,0,No Significant Anomaly,No Significant Direction,70.9,80.9,False
S365,Machine Learning,F03,19.4,79.5,83.8,76.0,100,False,No_Anomaly,64.67,75.91,0.09,0.09,0.12,73.88,11.06,72.78,9.96,0.066,False,False,False,0.066,False,-0.1228,False,False,False,False,0,No Significant Anomaly,No Significant Direction,70.9,80.9,False
S365,Software Engineering,F04,19.4,79.5,83.8,70.9,100,False,No_Anomaly,64.67,75.91,-5.01,5.01,-6.6,73.24,9.91,72.8,10.07,-0.588,False,False,False,0.588,False,-0.1651,False,False,False,False,0,No Significant Anomaly,No Significant Direction,70.9,80.9,False
S366,Compiler Design,F03,24.0,84.7,97.8,92.9,100,False,No_Anomaly,80.0,85.91,6.99,6.99,8.14,73.88,11.06,72.59,10.04,0.952,False,False,False,0.952,False,-0.0331,False,False,False,False,0,No Significant Anomaly,No Significant Direction,80.9,90.9,False
S366,Computer Networks,F02,24.0,84.7,97.8,81.0,100,False,No_Anomaly,80.0,85.91,-4.91,4.91,-5.72,70.46,9.46,72.72,10.8,-0.575,False,False,False,0.575,False,-0.0469,False,False,False,False,0,No Significant Anomaly,No Significant Direction,80.9,90.9,False
S366,Machine Learning,F04,24.0,84.7,97.8,78.9,100,False,No_Anomaly,80.0,85.91,-7.01,7.01,-8.16,73.24,9.91,72.78,9.96,-0.844,False,False,False,0.844,False,-0.0969,False,False,False,False,0,No Significant Anomaly,No Significant Direction,80.9,90.9,False
S366,Software Engineering,F04,24.0,84.7,97.8,88.9,100,False,No_Anomaly,80.0,85.91,2.99,2.99,3.48,73.24,9.91,72.8,10.07,0.438,False,False,False,0.438,False,-0.1072,False,False,False,False,0,No Significant Anomaly,No Significant Direction,80.9,90.9,False
S367,Compiler Design,F03,26.5,81.7,94.4,81.1,100,False,No_Anomaly,88.33,86.23,-5.13,5.13,-5.95,73.88,11.06,72.59,10.04,-0.603,False,False,False,0.603,False,-0.0657,False,False,False,False,0,No Significant Anomaly,No Significant Direction,81.2,91.2,False
S367,Computer Networks,F06,26.5,81.7,94.4,82.8,100,False,No_Anomaly,88.33,86.23,-3.43,3.43,-3.98,72.75,9.99,72.72,10.8,-0.385,False,False,False,0.385,False,-0.0815,False,False,False,False,0,No Significant Anomaly,No Significant Direction,81.2,91.2,False
S367,Machine Learning,F01,26.5,81.7,94.4,73.2,100,False,No_Anomaly,88.33,86.23,-13.03,13.03,-15.11,73.7,9.66,72.78,9.96,-1.617,False,False,False,1.617,False,-0.0537,False,False,False,False,0,No Significant Anomaly,Potential Under-marking,81.2,91.2,False
S367,Software Engineering,F01,26.5,81.7,94.4,79.2,100,False,No_Anomaly,88.33,86.23,-7.03,7.03,-8.15,73.7,9.66,72.8,10.07,-0.847,False,False,False,0.847,False,-0.1034,False,False,False,False,0,No Significant Anomaly,No Significant Direction,81.2,91.2,False
S368,Compiler Design,F07,24.1,77.4,88.0,73.4,100,False,No_Anomaly,80.33,80.4,-7.0,7.0,-8.71,69.71,10.67,72.59,10.04,-0.843,False,False,False,0.843,False,-0.0898,False,False,False,False,0,No Significant Anomaly,No Significant Direction,75.4,85.4,False
S368,Computer Networks,F03,24.1,77.4,88.0,89.8,100,False,No_Anomaly,80.33,80.4,9.4,9.4,11.69,73.88,11.06,72.72,10.8,1.261,False,False,False,1.261,False,-0.044,False,False,False,False,0,No Significant Anomaly,No Significant Direction,75.4,85.4,False
S368,Machine Learning,F02,24.1,77.4,88.0,76.3,100,False,No_Anomaly,80.33,80.4,-4.1,4.1,-5.1,70.46,9.46,72.78,9.96,-0.471,False,False,False,0.471,False,-0.1214,False,False,False,False,0,No Significant Anomaly,No Significant Direction,75.4,85.4,False
S368,Software Engineering,F03,24.1,77.4,88.0,83.2,100,False,No_Anomaly,80.33,80.4,2.8,2.8,3.48,73.88,11.06,72.8,10.07,0.414,False,False,False,0.414,False,-0.1269,False,False,False,False,0,No Significant Anomaly,No Significant Direction,75.4,85.4,False
S369,Compiler Design,F03,16.6,56.8,89.0,62.6,100,False,No_Anomaly,55.33,62.8,-0.2,0.2,-0.32,73.88,11.06,72.59,10.04,0.029,False,False,False,0.029,False,-0.0756,False,False,False,False,0,No Significant Anomaly,No Significant Direction,57.8,67.8,False
S369,Computer Networks,F02,16.6,56.8,89.0,64.3,100,False,No_Anomaly,55.33,62.8,1.5,1.5,2.39,70.46,9.46,72.72,10.8,0.247,False,False,False,0.247,False,-0.0694,False,False,False,False,0,No Significant Anomaly,No Significant Direction,57.8,67.8,False
S369,Machine Learning,F05,16.6,56.8,89.0,66.4,100,False,No_Anomaly,55.33,62.8,3.6,3.6,5.73,74.08,9.85,72.78,9.96,0.517,False,False,False,0.517,False,-0.127,False,False,False,False,0,No Significant Anomaly,No Significant Direction,57.8,67.8,False
S369,Software Engineering,F03,16.6,56.8,89.0,62.0,100,False,No_Anomaly,55.33,62.8,-0.8,0.8,-1.27,73.88,11.06,72.8,10.07,-0.048,False,False,False,0.048,False,-0.0946,False,False,False,False,0,No Significant Anomaly,No Significant Direction,57.8,67.8,False
S370,Compiler Design,F08,25.4,60.5,95.0,74.3,100,False,No_Anomaly,84.67,74.65,-0.35,0.35,-0.47,73.65,10.19,72.59,10.04,0.01,False,False,False,0.01,False,-0.1329,False,False,False,False,0,No Significant Anomaly,No Significant Direction,69.6,79.6,False
S370,Computer Networks,F04,25.4,60.5,95.0,71.3,100,False,No_Anomaly,84.67,74.65,-3.35,3.35,-4.49,73.24,9.91,72.72,10.8,-0.375,False,False,False,0.375,False,-0.1279,False,False,False,False,0,No Significant Anomaly,No Significant Direction,69.6,79.6,False
S370,Machine Learning,F03,25.4,60.5,95.0,71.6,100,False,No_Anomaly,84.67,74.65,-3.05,3.05,-4.09,73.88,11.06,72.78,9.96,-0.336,False,False,False,0.336,False,-0.1071,False,False,False,False,0,No Significant Anomaly,No Significant Direction,69.6,79.6,False
S370,Software Engineering,F01,25.4,60.5,95.0,68.8,100,False,No_Anomaly,84.67,74.65,-5.85,5.85,-7.84,73.7,9.66,72.8,10.07,-0.696,False,False,False,0.696,False,-0.1393,False,False,False,False,0,No Significant Anomaly,No Significant Direction,69.6,79.6,False
S371,Compiler Design,F07,17.4,87.8,79.3,62.7,100,False,No_Anomaly,58.0,77.16,-14.46,14.46,-18.74,69.71,10.67,72.59,10.04,-1.8,False,False,False,1.8,False,-0.0165,False,False,False,False,0,No Significant Anomaly,Potential Under-marking,72.2,82.2,False
S371,Computer Networks,F04,17.4,87.8,79.3,82.7,100,False,No_Anomaly,58.0,77.16,5.54,5.54,7.18,73.24,9.91,72.72,10.8,0.766,False,False,False,0.766,False,-0.1157,False,False,False,False,0,No Significant Anomaly,No Significant Direction,72.2,82.2,False
S371,Machine Learning,F08,17.4,87.8,79.3,68.5,100,False,No_Anomaly,58.0,77.16,-8.66,8.66,-11.22,73.65,10.19,72.78,9.96,-1.056,False,False,False,1.056,False,-0.1104,False,False,False,False,0,No Significant Anomaly,No Significant Direction,72.2,82.2,False
S371,Software Engineering,F02,17.4,87.8,79.3,83.9,100,False,No_Anomaly,58.0,77.16,6.74,6.74,8.74,70.46,9.46,72.8,10.07,0.92,False,False,False,0.92,False,-0.0801,False,False,False,False,0,No Significant Anomaly,No Significant Direction,72.2,82.2,False
S372,Compiler Design,F07,22.3,67.1,83.0,63.9,100,False,No_Anomaly,74.33,72.45,-8.55,8.55,-11.8,69.71,10.67,72.59,10.04,-1.042,False,False,False,1.042,False,-0.0902,False,False,False,False,0,No Significant Anomaly,No Significant Direction,67.4,77.4,False
S372,Computer Networks,F03,22.3,67.1,83.0,77.2,100,False,No_Anomaly,74.33,72.45,4.75,4.75,6.56,73.88,11.06,72.72,10.8,0.664,False,False,False,0.664,False,-0.1063,False,False,False,False,0,No Significant Anomaly,No Significant Direction,67.4,77.4,False
S372,Machine Learning,F04,22.3,67.1,83.0,69.6,100,False,No_Anomaly,74.33,72.45,-2.85,2.85,-3.93,73.24,9.91,72.78,9.96,-0.311,False,False,False,0.311,False,-0.177,False,False,False,False,0,No Significant Anomaly,No Significant Direction,67.4,77.4,False
S372,Software Engineering,F07,22.3,67.1,83.0,66.7,100,False,No_Anomaly,74.33,72.45,-5.75,5.75,-7.94,69.71,10.67,72.8,10.07,-0.683,False,False,False,0.683,False,-0.1232,False,False,False,False,0,No Significant Anomaly,No Significant Direction,67.4,77.4,False
S373,Compiler Design,F02,23.4,83.6,78.4,77.6,100,False,No_Anomaly,78.0,80.88,-3.28,3.28,-4.06,70.46,9.46,72.59,10.04,-0.366,False,False,False,0.366,False,-0.0997,False,False,False,False,0,No Significant Anomaly,No Significant Direction,75.9,85.9,False
S373,Computer Networks,F06,23.4,83.6,78.4,82.9,100,False,No_Anomaly,78.0,80.88,2.02,2.02,2.5,72.75,9.99,72.72,10.8,0.314,False,False,False,0.314,False,-0.1326,False,False,False,False,0,No Significant Anomaly,No Significant Direction,75.9,85.9,False
S373,Machine Learning,F01,23.4,83.6,78.4,82.3,100,False,No_Anomaly,78.0,80.88,1.42,1.42,1.76,73.7,9.66,72.78,9.96,0.237,False,False,False,0.237,False,-0.146,False,False,False,False,0,No Significant Anomaly,No Significant Direction,75.9,85.9,False
S373,Software Engineering,F07,23.4,83.6,78.4,77.0,100,False,No_Anomaly,78.0,80.88,-3.88,3.88,-4.8,69.71,10.67,72.8,10.07,-0.443,False,False,False,0.443,False,-0.1174,False,False,False,False,0,No Significant Anomaly,No Significant Direction,75.9,85.9,False
S374,Compiler Design,F01,22.0,58.1,86.5,65.3,100,False,No_Anomaly,73.33,68.35,-3.05,3.05,-4.46,73.7,9.66,72.59,10.04,-0.336,False,False,False,0.336,False,-0.1397,False,False,False,False,0,No Significant Anomaly,No Significant Direction,63.4,73.4,False
S374,Computer Networks,F03,22.0,58.1,86.5,68.5,100,False,No_Anomaly,73.33,68.35,0.15,0.15,0.22,73.88,11.06,72.72,10.8,0.074,False,False,False,0.074,False,-0.1016,False,False,False,False,0,No Significant Anomaly,No Significant Direction,63.4,73.4,False
S374,Machine Learning,F01,22.0,58.1,86.5,76.5,100,False,No_Anomaly,73.33,68.35,8.15,8.15,11.92,73.7,9.66,72.78,9.96,1.1,False,False,False,1.1,False,-0.1303,False,False,False,False,0,No Significant Anomaly,No Significant Direction,63.4,73.4,False
S374,Software Engineering,F06,22.0,58.1,86.5,77.6,100,False,No_Anomaly,73.33,68.35,9.25,9.25,13.53,72.75,9.99,72.8,10.07,1.242,False,False,False,1.242,False,-0.1244,False,False,False,False,0,No Significant Anomaly,No Significant Direction,63.4,73.4,False
S375,Compiler Design,F07,21.3,61.0,79.6,71.9,100,False,No_Anomaly,71.0,67.72,4.18,4.18,6.17,69.71,10.67,72.59,10.04,0.591,False,False,False,0.591,False,-0.1,False,False,False,False,0,No Significant Anomaly,No Significant Direction,62.7,72.7,False
S375,Computer Networks,F05,21.3,61.0,79.6,74.6,100,False,No_Anomaly,71.0,67.72,6.88,6.88,10.16,74.08,9.85,72.72,10.8,0.937,False,False,False,0.937,False,-0.1198,False,False,False,False,0,No Significant Anomaly,No Significant Direction,62.7,72.7,False
S375,Machine Learning,F05,21.3,61.0,79.6,71.9,100,False,No_Anomaly,71.0,67.72,4.18,4.18,6.17,74.08,9.85,72.78,9.96,0.591,False,False,False,0.591,False,-0.1608,False,False,False,False,0,No Significant Anomaly,No Significant Direction,62.7,72.7,False
S375,Software Engineering,F08,21.3,61.0,79.6,63.3,100,False,No_Anomaly,71.0,67.72,-4.42,4.42,-6.53,73.65,10.19,72.8,10.07,-0.512,False,False,False,0.512,False,-0.156,False,False,False,False,0,No Significant Anomaly,No Significant Direction,62.7,72.7,False
S376,Compiler Design,F04,21.6,66.8,99.7,70.7,100,False,No_Anomaly,72.0,74.94,-4.24,4.24,-5.66,73.24,9.91,72.59,10.04,-0.489,False,False,False,0.489,False,-0.1263,False,False,False,False,0,No Significant Anomaly,No Significant Direction,69.9,79.9,False
S376,Computer Networks,F03,21.6,66.8,99.7,71.7,100,False,No_Anomaly,72.0,74.94,-3.24,3.24,-4.32,73.88,11.06,72.72,10.8,-0.361,False,False,False,0.361,False,-0.0905,False,False,False,False,0,No Significant Anomaly,No Significant Direction,69.9,79.9,False
S376,Machine Learning,F03,21.6,66.8,99.7,66.3,100,False,No_Anomaly,72.0,74.94,-8.64,8.64,-11.53,73.88,11.06,72.78,9.96,-1.053,False,False,False,1.053,False,-0.0784,False,False,False,False,0,No Significant Anomaly,No Significant Direction,69.9,79.9,False
S376,Software Engineering,F04,21.6,66.8,99.7,83.2,100,False,No_Anomaly,72.0,74.94,8.26,8.26,11.02,73.24,9.91,72.8,10.07,1.115,False,False,False,1.115,False,-0.1194,False,False,False,False,0,No Significant Anomaly,No Significant Direction,69.9,79.9,False
S377,Compiler Design,F07,18.4,67.1,61.0,66.8,100,False,No_Anomaly,61.33,64.15,2.65,2.65,4.13,69.71,10.67,72.59,10.04,0.395,False,False,False,0.395,False,-0.041,False,False,False,False,0,No Significant Anomaly,No Significant Direction,59.2,69.2,False
S377,Computer Networks,F07,18.4,67.1,61.0,62.0,100,False,No_Anomaly,61.33,64.15,-2.15,2.15,-3.35,69.71,10.67,72.72,10.8,-0.221,False,False,False,0.221,False,-0.042,False,False,False,False,0,No Significant Anomaly,No Significant Direction,59.2,69.2,False
S377,Machine Learning,F06,18.4,67.1,61.0,71.1,100,False,No_Anomaly,61.33,64.15,6.95,6.95,10.83,72.75,9.99,72.78,9.96,0.946,False,False,False,0.946,False,-0.1131,False,False,False,False,0,No Significant Anomaly,No Significant Direction,59.2,69.2,False
S377,Software Engineering,F02,18.4,67.1,61.0,61.4,100,False,No_Anomaly,61.33,64.15,-2.75,2.75,-4.29,70.46,9.46,72.8,10.07,-0.298,False,False,False,0.298,False,-0.0812,False,False,False,False,0,No Significant Anomaly,No Significant Direction,59.2,69.2,False
S378,Compiler Design,F01,27.5,66.8,75.1,73.9,100,False,No_Anomaly,91.67,75.92,-2.02,2.02,-2.66,73.7,9.66,72.59,10.04,-0.204,False,False,False,0.204,False,-0.1397,False,False,False,False,0,No Significant Anomaly,No Significant Direction,70.9,80.9,False
S378,Computer Networks,F03,27.5,66.8,75.1,73.3,100,False,No_Anomaly,91.67,75.92,-2.62,2.62,-3.45,73.88,11.06,72.72,10.8,-0.281,False,False,False,0.281,False,-0.0942,False,False,False,False,0,No Significant Anomaly,No Significant Direction,70.9,80.9,False
S378,Machine Learning,F08,27.5,66.8,75.1,70.7,100,False,No_Anomaly,91.67,75.92,-5.22,5.22,-6.88,73.65,10.19,72.78,9.96,-0.615,False,False,False,0.615,False,-0.145,False,False,False,False,0,No Significant Anomaly,No Significant Direction,70.9,80.9,False
S378,Software Engineering,F03,27.5,66.8,75.1,83.2,100,False,No_Anomaly,91.67,75.92,7.28,7.28,9.59,73.88,11.06,72.8,10.07,0.989,False,False,False,0.989,False,-0.0903,False,False,False,False,0,No Significant Anomaly,No Significant Direction,70.9,80.9,False
S379,Compiler Design,F06,22.2,68.0,94.9,46.2,100,True,Severe_Undermarking,74.0,75.18,-28.98,28.98,-38.55,72.75,9.99,72.59,10.04,-3.663,True,True,True,3.663,True,0.0324,True,True,True,True,4,Strong Review Recommended,Potential Under-marking,70.2,80.2,True
S379,Computer Networks,F07,22.2,68.0,94.9,69.8,100,False,No_Anomaly,74.0,75.18,-5.38,5.38,-7.16,69.71,10.67,72.72,10.8,-0.635,False,False,False,0.635,False,-0.081,False,False,False,False,0,No Significant Anomaly,No Significant Direction,70.2,80.2,False
S379,Machine Learning,F08,22.2,68.0,94.9,61.7,100,False,No_Anomaly,74.0,75.18,-13.48,13.48,-17.93,73.65,10.19,72.78,9.96,-1.674,False,False,False,1.674,False,-0.0818,False,False,False,False,0,No Significant Anomaly,Potential Under-marking,70.2,80.2,False
S379,Software Engineering,F05,22.2,68.0,94.9,77.7,100,False,No_Anomaly,74.0,75.18,2.52,2.52,3.35,74.08,9.85,72.8,10.07,0.378,False,False,False,0.378,False,-0.1612,False,False,False,False,0,No Significant Anomaly,No Significant Direction,70.2,80.2,False
S380,Compiler Design,F01,22.0,70.4,81.1,77.1,100,False,No_Anomaly,73.33,73.42,3.68,3.68,5.01,73.7,9.66,72.59,10.04,0.527,False,False,False,0.527,False,-0.1592,False,False,False,False,0,No Significant Anomaly,No Significant Direction,68.4,78.4,False
S380,Computer Networks,F05,22.0,70.4,81.1,74.2,100,False,No_Anomaly,73.33,73.42,0.78,0.78,1.06,74.08,9.85,72.72,10.8,0.155,False,False,False,0.155,False,-0.1521,False,False,False,False,0,No Significant Anomaly,No Significant Direction,68.4,78.4,False
S380,Machine Learning,F01,22.0,70.4,81.1,76.3,100,False,No_Anomaly,73.33,73.42,2.88,2.88,3.92,73.7,9.66,72.78,9.96,0.424,False,False,False,0.424,False,-0.1746,False,False,False,False,0,No Significant Anomaly,No Significant Direction,68.4,78.4,False
S380,Software Engineering,F05,22.0,70.4,81.1,84.4,100,False,No_Anomaly,73.33,73.42,10.98,10.98,14.96,74.08,9.85,72.8,10.07,1.463,False,False,False,1.463,False,-0.121,False,False,False,False,0,No Significant Anomaly,Potential Over-marking,68.4,78.4,False
S381,Compiler Design,F02,14.0,90.6,58.8,70.8,100,False,No_Anomaly,46.67,71.06,-0.26,0.26,-0.37,70.46,9.46,72.59,10.04,0.022,False,False,False,0.022,False,-0.0307,False,False,False,False,0,No Significant Anomaly,No Significant Direction,66.1,76.1,False
S381,Computer Networks,F02,14.0,90.6,58.8,73.4,100,False,No_Anomaly,46.67,71.06,2.34,2.34,3.29,70.46,9.46,72.72,10.8,0.355,False,False,False,0.355,False,-0.0288,False,False,False,False,0,No Significant Anomaly,No Significant Direction,66.1,76.1,False
S381,Machine Learning,F01,14.0,90.6,58.8,93.3,100,True,Severe_Overmarking,46.67,71.06,22.24,22.24,31.3,73.7,9.66,72.78,9.96,2.908,True,True,True,2.908,True,0.0389,True,True,True,True,4,Strong Review Recommended,Potential Over-marking,66.1,76.1,True
S381,Software Engineering,F01,14.0,90.6,58.8,68.7,100,False,No_Anomaly,46.67,71.06,-2.36,2.36,-3.32,73.7,9.66,72.8,10.07,-0.248,False,False,False,0.248,False,-0.08,False,False,False,False,0,No Significant Anomaly,No Significant Direction,66.1,76.1,False
S382,Compiler Design,F08,24.8,63.5,82.1,69.9,100,False,No_Anomaly,82.67,72.97,-3.07,3.07,-4.21,73.65,10.19,72.59,10.04,-0.339,False,False,False,0.339,False,-0.1532,False,False,False,False,0,No Significant Anomaly,No Significant Direction,68.0,78.0,False
S382,Computer Networks,F02,24.8,63.5,82.1,70.6,100,False,No_Anomaly,82.67,72.97,-2.37,2.37,-3.25,70.46,9.46,72.72,10.8,-0.249,False,False,False,0.249,False,-0.1015,False,False,False,False,0,No Significant Anomaly,No Significant Direction,68.0,78.0,False
S382,Machine Learning,F04,24.8,63.5,82.1,75.9,100,False,No_Anomaly,82.67,72.97,2.93,2.93,4.02,73.24,9.91,72.78,9.96,0.431,False,False,False,0.431,False,-0.1739,False,False,False,False,0,No Significant Anomaly,No Significant Direction,68.0,78.0,False
S382,Software Engineering,F08,24.8,63.5,82.1,74.3,100,False,No_Anomaly,82.67,72.97,1.33,1.33,1.82,73.65,10.19,72.8,10.07,0.226,False,False,False,0.226,False,-0.1711,False,False,False,False,0,No Significant Anomaly,No Significant Direction,68.0,78.0,False
S383,Compiler Design,F04,26.1,75.7,78.2,73.0,100,False,No_Anomaly,87.0,79.59,-6.59,6.59,-8.28,73.24,9.91,72.59,10.04,-0.79,False,False,False,0.79,False,-0.1448,False,False,False,False,0,No Significant Anomaly,No Significant Direction,74.6,84.6,False
S383,Computer Networks,F02,26.1,75.7,78.2,76.0,100,False,No_Anomaly,87.0,79.59,-3.59,3.59,-4.51,70.46,9.46,72.72,10.8,-0.406,False,False,False,0.406,False,-0.0918,False,False,False,False,0,No Significant Anomaly,No Significant Direction,74.6,84.6,False
S383,Machine Learning,F08,26.1,75.7,78.2,78.2,100,False,No_Anomaly,87.0,79.59,-1.39,1.39,-1.75,73.65,10.19,72.78,9.96,-0.123,False,False,False,0.123,False,-0.1551,False,False,False,False,0,No Significant Anomaly,No Significant Direction,74.6,84.6,False
S383,Software Engineering,F04,26.1,75.7,78.2,81.1,100,False,No_Anomaly,87.0,79.59,1.51,1.51,1.9,73.24,9.91,72.8,10.07,0.249,False,False,False,0.249,False,-0.1627,False,False,False,False,0,No Significant Anomaly,No Significant Direction,74.6,84.6,False
S384,Compiler Design,F03,25.9,82.4,83.8,79.6,100,False,No_Anomaly,86.33,83.86,-4.26,4.26,-5.08,73.88,11.06,72.59,10.04,-0.492,False,False,False,0.492,False,-0.096,False,False,False,False,0,No Significant Anomaly,No Significant Direction,78.9,88.9,False
S384,Computer Networks,F02,25.9,82.4,83.8,73.9,100,False,No_Anomaly,86.33,83.86,-9.96,9.96,-11.88,70.46,9.46,72.72,10.8,-1.223,False,False,False,1.223,False,-0.0384,False,False,False,False,0,No Significant Anomaly,No Significant Direction,78.9,88.9,False
S384,Machine Learning,F07,25.9,82.4,83.8,73.5,100,False,No_Anomaly,86.33,83.86,-10.36,10.36,-12.35,69.71,10.67,72.78,9.96,-1.274,False,False,False,1.274,False,-0.0596,False,False,False,False,0,No Significant Anomaly,Potential Under-marking,78.9,88.9,False
S384,Software Engineering,F08,25.9,82.4,83.8,82.8,100,False,No_Anomaly,86.33,83.86,-1.06,1.06,-1.26,73.65,10.19,72.8,10.07,-0.081,False,False,False,0.081,False,-0.1346,False,False,False,False,0,No Significant Anomaly,No Significant Direction,78.9,88.9,False
S385,Compiler Design,F04,24.8,73.3,76.4,72.9,100,False,No_Anomaly,82.67,76.73,-3.83,3.83,-4.99,73.24,9.91,72.59,10.04,-0.436,False,False,False,0.436,False,-0.1555,False,False,False,False,0,No Significant Anomaly,No Significant Direction,71.7,81.7,False
S385,Computer Networks,F06,24.8,73.3,76.4,69.5,100,False,No_Anomaly,82.67,76.73,-7.23,7.23,-9.42,72.75,9.99,72.72,10.8,-0.873,False,False,False,0.873,False,-0.1224,False,False,False,False,0,No Significant Anomaly,No Significant Direction,71.7,81.7,False
S385,Machine Learning,F02,24.8,73.3,76.4,71.5,100,False,No_Anomaly,82.67,76.73,-5.23,5.23,-6.82,70.46,9.46,72.78,9.96,-0.616,False,False,False,0.616,False,-0.1288,False,False,False,False,0,No Significant Anomaly,No Significant Direction,71.7,81.7,False
S385,Software Engineering,F07,24.8,73.3,76.4,100.0,100,True,Severe_Overmarking,82.67,76.73,23.27,23.27,30.33,69.71,10.67,72.8,10.07,3.04,True,True,True,3.04,True,0.0095,True,True,True,True,4,Strong Review Recommended,Potential Over-marking,71.7,81.7,True
S386,Compiler Design,F01,27.9,71.3,82.0,79.8,100,False,No_Anomaly,93.0,79.95,-0.15,0.15,-0.19,73.7,9.66,72.59,10.04,0.036,False,False,False,0.036,False,-0.1317,False,False,False,False,0,No Significant Anomaly,No Significant Direction,75.0,85.0,False
S386,Computer Networks,F03,27.9,71.3,82.0,72.9,100,False,No_Anomaly,93.0,79.95,-7.05,7.05,-8.82,73.88,11.06,72.72,10.8,-0.849,False,False,False,0.849,False,-0.0722,False,False,False,False,0,No Significant Anomaly,No Significant Direction,75.0,85.0,False
S386,Machine Learning,F03,27.9,71.3,82.0,72.2,100,False,No_Anomaly,93.0,79.95,-7.75,7.75,-9.69,73.88,11.06,72.78,9.96,-0.939,False,False,False,0.939,False,-0.092,False,False,False,False,0,No Significant Anomaly,No Significant Direction,75.0,85.0,False
S386,Software Engineering,F06,27.9,71.3,82.0,75.4,100,False,No_Anomaly,93.0,79.95,-4.55,4.55,-5.69,72.75,9.99,72.8,10.07,-0.529,False,False,False,0.529,False,-0.1494,False,False,False,False,0,No Significant Anomaly,No Significant Direction,75.0,85.0,False
S387,Compiler Design,F06,17.3,40.6,67.8,58.6,100,False,No_Anomaly,57.67,51.16,7.44,7.44,14.54,72.75,9.99,72.59,10.04,1.009,False,False,False,1.009,False,-0.0186,False,False,False,False,0,No Significant Anomaly,No Significant Direction,46.2,56.2,False
S387,Computer Networks,F03,17.3,40.6,67.8,55.2,100,False,No_Anomaly,57.67,51.16,4.04,4.04,7.9,73.88,11.06,72.72,10.8,0.573,False,False,False,0.573,True,0.0095,False,False,True,False,1,No Significant Anomaly,No Significant Direction,46.2,56.2,False
S387,Machine Learning,F06,17.3,40.6,67.8,49.0,100,False,No_Anomaly,57.67,51.16,-2.16,2.16,-4.22,72.75,9.99,72.78,9.96,-0.222,False,False,False,0.222,False,-0.0319,False,False,False,False,0,No Significant Anomaly,No Significant Direction,46.2,56.2,False
S387,Software Engineering,F08,17.3,40.6,67.8,64.9,100,False,No_Anomaly,57.67,51.16,13.74,13.74,26.86,73.65,10.19,72.8,10.07,1.818,False,False,False,1.818,False,-0.005,False,False,False,True,1,No Significant Anomaly,Potential Over-marking,46.2,56.2,False
S388,Compiler Design,F04,16.0,65.6,79.5,71.5,100,False,No_Anomaly,53.33,64.7,6.8,6.8,10.51,73.24,9.91,72.59,10.04,0.927,False,False,False,0.927,False,-0.1211,False,False,False,False,0,No Significant Anomaly,No Significant Direction,59.7,69.7,False
S388,Computer Networks,F08,16.0,65.6,79.5,63.6,100,False,No_Anomaly,53.33,64.7,-1.1,1.1,-1.7,73.65,10.19,72.72,10.8,-0.086,False,False,False,0.086,False,-0.1217,False,False,False,False,0,No Significant Anomaly,No Significant Direction,59.7,69.7,False
S388,Machine Learning,F03,16.0,65.6,79.5,66.3,100,False,No_Anomaly,53.33,64.7,1.6,1.6,2.47,73.88,11.06,72.78,9.96,0.26,False,False,False,0.26,False,-0.1122,False,False,False,False,0,No Significant Anomaly,No Significant Direction,59.7,69.7,False
S388,Software Engineering,F05,16.0,65.6,79.5,70.4,100,False,No_Anomaly,53.33,64.7,5.7,5.7,8.81,74.08,9.85,72.8,10.07,0.786,False,False,False,0.786,False,-0.1381,False,False,False,False,0,No Significant Anomaly,No Significant Direction,59.7,69.7,False
S389,Compiler Design,F07,30.0,58.2,73.4,61.7,100,False,No_Anomaly,100.0,73.78,-12.08,12.08,-16.37,69.71,10.67,72.59,10.04,-1.495,False,False,False,1.495,False,-0.0293,False,False,False,False,0,No Significant Anomaly,Potential Under-marking,68.8,78.8,False
S389,Computer Networks,F03,30.0,58.2,73.4,69.2,100,False,No_Anomaly,100.0,73.78,-4.58,4.58,-6.21,73.88,11.06,72.72,10.8,-0.533,False,False,False,0.533,False,-0.0624,False,False,False,False,0,No Significant Anomaly,No Significant Direction,68.8,78.8,False
S389,Machine Learning,F04,30.0,58.2,73.4,82.9,100,False,No_Anomaly,100.0,73.78,9.12,9.12,12.36,73.24,9.91,72.78,9.96,1.225,False,False,False,1.225,False,-0.096,False,False,False,False,0,No Significant Anomaly,No Significant Direction,68.8,78.8,False
S389,Software Engineering,F08,30.0,58.2,73.4,67.5,100,False,No_Anomaly,100.0,73.78,-6.28,6.28,-8.51,73.65,10.19,72.8,10.07,-0.751,False,False,False,0.751,False,-0.1234,False,False,False,False,0,No Significant Anomaly,No Significant Direction,68.8,78.8,False
S390,Compiler Design,F04,20.5,91.6,77.9,73.3,100,False,No_Anomaly,68.33,81.88,-8.58,8.58,-10.48,73.24,9.91,72.59,10.04,-1.046,False,False,False,1.046,False,-0.1048,False,False,False,False,0,No Significant Anomaly,No Significant Direction,76.9,86.9,False
S390,Computer Networks,F03,20.5,91.6,77.9,76.6,100,False,No_Anomaly,68.33,81.88,-5.28,5.28,-6.45,73.88,11.06,72.72,10.8,-0.622,False,False,False,0.622,False,-0.071,False,False,False,False,0,No Significant Anomaly,No Significant Direction,76.9,86.9,False
S390,Machine Learning,F07,20.5,91.6,77.9,75.2,100,False,No_Anomaly,68.33,81.88,-6.68,6.68,-8.16,69.71,10.67,72.78,9.96,-0.802,False,False,False,0.802,False,-0.0847,False,False,False,False,0,No Significant Anomaly,No Significant Direction,76.9,86.9,False
S390,Software Engineering,F04,20.5,91.6,77.9,79.8,100,False,No_Anomaly,68.33,81.88,-2.08,2.08,-2.54,73.24,9.91,72.8,10.07,-0.212,False,False,False,0.212,False,-0.142,False,False,False,False,0,No Significant Anomaly,No Significant Direction,76.9,86.9,False
S391,Compiler Design,F01,21.5,56.2,62.9,61.2,100,False,No_Anomaly,71.67,62.18,-0.98,0.98,-1.58,73.7,9.66,72.59,10.04,-0.071,False,False,False,0.071,False,-0.0821,False,False,False,False,0,No Significant Anomaly,No Significant Direction,57.2,67.2,False
S391,Computer Networks,F02,21.5,56.2,62.9,53.9,100,False,No_Anomaly,71.67,62.18,-8.28,8.28,-13.32,70.46,9.46,72.72,10.8,-1.007,False,False,False,1.007,False,-0.015,False,False,False,False,0,No Significant Anomaly,No Significant Direction,57.2,67.2,False
S391,Machine Learning,F05,21.5,56.2,62.9,64.1,100,False,No_Anomaly,71.67,62.18,1.92,1.92,3.09,74.08,9.85,72.78,9.96,0.301,False,False,False,0.301,False,-0.1182,False,False,False,False,0,No Significant Anomaly,No Significant Direction,57.2,67.2,False
S391,Software Engineering,F04,21.5,56.2,62.9,52.6,100,False,No_Anomaly,71.67,62.18,-9.58,9.58,-15.41,73.24,9.91,72.8,10.07,-1.174,False,False,False,1.174,False,-0.0621,False,False,False,False,0,No Significant Anomaly,No Significant Direction,57.2,67.2,False
S392,Compiler Design,F06,15.6,58.0,81.2,66.0,100,False,No_Anomaly,52.0,60.84,5.16,5.16,8.48,72.75,9.99,72.59,10.04,0.717,False,False,False,0.717,False,-0.1025,False,False,False,False,0,No Significant Anomaly,No Significant Direction,55.8,65.8,False
S392,Computer Networks,F05,15.6,58.0,81.2,64.8,100,False,No_Anomaly,52.0,60.84,3.96,3.96,6.51,74.08,9.85,72.72,10.8,0.563,False,False,False,0.563,False,-0.0972,False,False,False,False,0,No Significant Anomaly,No Significant Direction,55.8,65.8,False
S392,Machine Learning,F06,15.6,58.0,81.2,54.9,100,False,No_Anomaly,52.0,60.84,-5.94,5.94,-9.76,72.75,9.99,72.78,9.96,-0.707,False,False,False,0.707,False,-0.0932,False,False,False,False,0,No Significant Anomaly,No Significant Direction,55.8,65.8,False
S392,Software Engineering,F05,15.6,58.0,81.2,70.5,100,False,No_Anomaly,52.0,60.84,9.66,9.66,15.88,74.08,9.85,72.8,10.07,1.294,False,False,False,1.294,False,-0.0937,False,False,False,False,0,No Significant Anomaly,No Significant Direction,55.8,65.8,False
S393,Compiler Design,F03,23.5,60.9,83.5,69.7,100,False,No_Anomaly,78.33,70.65,-0.95,0.95,-1.34,73.88,11.06,72.59,10.04,-0.067,False,False,False,0.067,False,-0.1259,False,False,False,False,0,No Significant Anomaly,No Significant Direction,65.6,75.6,False
S393,Computer Networks,F08,23.5,60.9,83.5,93.5,100,True,Severe_Overmarking,78.33,70.65,22.85,22.85,32.34,73.65,10.19,72.72,10.8,2.986,True,True,True,2.986,True,0.0104,True,True,True,True,4,Strong Review Recommended,Potential Over-marking,65.6,75.6,True
S393,Machine Learning,F02,23.5,60.9,83.5,69.5,100,False,No_Anomaly,78.33,70.65,-1.15,1.15,-1.63,70.46,9.46,72.78,9.96,-0.093,False,False,False,0.093,False,-0.123,False,False,False,False,0,No Significant Anomaly,No Significant Direction,65.6,75.6,False
S393,Software Engineering,F05,23.5,60.9,83.5,74.5,100,False,No_Anomaly,78.33,70.65,3.85,3.85,5.45,74.08,9.85,72.8,10.07,0.549,False,False,False,0.549,False,-0.1655,False,False,False,False,0,No Significant Anomaly,No Significant Direction,65.6,75.6,False
S394,Compiler Design,F07,25.4,75.0,68.8,51.3,100,True,Severe_Undermarking,84.67,76.66,-25.36,25.36,-33.08,69.71,10.67,72.59,10.04,-3.198,True,True,True,3.198,True,0.0503,True,True,True,True,4,Strong Review Recommended,Potential Under-marking,71.7,81.7,True
S394,Computer Networks,F06,25.4,75.0,68.8,84.0,100,False,No_Anomaly,84.67,76.66,7.34,7.34,9.57,72.75,9.99,72.72,10.8,0.997,False,False,False,0.997,False,-0.0965,False,False,False,False,0,No Significant Anomaly,No Significant Direction,71.7,81.7,False
S394,Machine Learning,F08,25.4,75.0,68.8,76.3,100,False,No_Anomaly,84.67,76.66,-0.36,0.36,-0.47,73.65,10.19,72.78,9.96,0.009,False,False,False,0.009,False,-0.1502,False,False,False,False,0,No Significant Anomaly,No Significant Direction,71.7,81.7,False
S394,Software Engineering,F07,25.4,75.0,68.8,76.7,100,False,No_Anomaly,84.67,76.66,0.04,0.04,0.05,69.71,10.67,72.8,10.07,0.06,False,False,False,0.06,False,-0.1033,False,False,False,False,0,No Significant Anomaly,No Significant Direction,71.7,81.7,False
S395,Compiler Design,F07,22.0,60.4,88.3,69.8,100,False,No_Anomaly,73.33,69.86,-0.06,0.06,-0.09,69.71,10.67,72.59,10.04,0.047,False,False,False,0.047,False,-0.0931,False,False,False,False,0,No Significant Anomaly,No Significant Direction,64.9,74.9,False
S395,Computer Networks,F05,22.0,60.4,88.3,73.5,100,False,No_Anomaly,73.33,69.86,3.64,3.64,5.21,74.08,9.85,72.72,10.8,0.522,False,False,False,0.522,False,-0.1428,False,False,False,False,0,No Significant Anomaly,No Significant Direction,64.9,74.9,False
S395,Machine Learning,F02,22.0,60.4,88.3,59.9,100,False,No_Anomaly,73.33,69.86,-9.96,9.96,-14.26,70.46,9.46,72.78,9.96,-1.223,False,False,False,1.223,False,-0.0833,False,False,False,False,0,No Significant Anomaly,No Significant Direction,64.9,74.9,False
S395,Software Engineering,F04,22.0,60.4,88.3,74.2,100,False,No_Anomaly,73.33,69.86,4.34,4.34,6.21,73.24,9.91,72.8,10.07,0.612,False,False,False,0.612,False,-0.1685,False,False,False,False,0,No Significant Anomaly,No Significant Direction,64.9,74.9,False
S396,Compiler Design,F05,23.5,53.5,78.8,31.0,100,True,Severe_Undermarking,78.33,66.01,-35.01,35.01,-53.04,74.08,9.85,72.59,10.04,-4.436,True,True,True,4.436,True,0.075,True,True,True,True,4,Strong Review Recommended,Potential Under-marking,61.0,71.0,True
S396,Computer Networks,F08,23.5,53.5,78.8,67.4,100,False,No_Anomaly,78.33,66.01,1.39,1.39,2.11,73.65,10.19,72.72,10.8,0.233,False,False,False,0.233,False,-0.1314,False,False,False,False,0,No Significant Anomaly,No Significant Direction,61.0,71.0,False
S396,Machine Learning,F06,23.5,53.5,78.8,68.4,100,False,No_Anomaly,78.33,66.01,2.39,2.39,3.62,72.75,9.99,72.78,9.96,0.362,False,False,False,0.362,False,-0.1509,False,False,False,False,0,No Significant Anomaly,No Significant Direction,61.0,71.0,False
S396,Software Engineering,F04,23.5,53.5,78.8,71.6,100,False,No_Anomaly,78.33,66.01,5.59,5.59,8.47,73.24,9.91,72.8,10.07,0.772,False,False,False,0.772,False,-0.1546,False,False,False,False,0,No Significant Anomaly,No Significant Direction,61.0,71.0,False
S397,Compiler Design,F03,28.1,77.4,80.6,85.2,100,False,No_Anomaly,93.67,82.92,2.28,2.28,2.75,73.88,11.06,72.59,10.04,0.347,False,False,False,0.347,False,-0.095,False,False,False,False,0,No Significant Anomaly,No Significant Direction,77.9,87.9,False
S397,Computer Networks,F07,28.1,77.4,80.6,82.0,100,False,No_Anomaly,93.67,82.92,-0.92,0.92,-1.11,69.71,10.67,72.72,10.8,-0.063,False,False,False,0.063,False,-0.058,False,False,False,False,0,No Significant Anomaly,No Significant Direction,77.9,87.9,False
S397,Machine Learning,F04,28.1,77.4,80.6,80.6,100,False,No_Anomaly,93.67,82.92,-2.32,2.32,-2.8,73.24,9.91,72.78,9.96,-0.243,False,False,False,0.243,False,-0.1364,False,False,False,False,0,No Significant Anomaly,No Significant Direction,77.9,87.9,False
S397,Software Engineering,F08,28.1,77.4,80.6,88.8,100,False,No_Anomaly,93.67,82.92,5.88,5.88,7.09,73.65,10.19,72.8,10.07,0.809,False,False,False,0.809,False,-0.1106,False,False,False,False,0,No Significant Anomaly,No Significant Direction,77.9,87.9,False
S398,Compiler Design,F06,25.0,82.1,79.4,82.6,100,False,No_Anomaly,83.33,81.93,0.67,0.67,0.82,72.75,9.99,72.59,10.04,0.141,False,False,False,0.141,False,-0.1357,False,False,False,False,0,No Significant Anomaly,No Significant Direction,76.9,86.9,False
S398,Computer Networks,F07,25.0,82.1,79.4,79.4,100,False,No_Anomaly,83.33,81.93,-2.53,2.53,-3.09,69.71,10.67,72.72,10.8,-0.27,False,False,False,0.27,False,-0.0875,False,False,False,False,0,No Significant Anomaly,No Significant Direction,76.9,86.9,False
S398,Machine Learning,F02,25.0,82.1,79.4,80.4,100,False,No_Anomaly,83.33,81.93,-1.53,1.53,-1.87,70.46,9.46,72.78,9.96,-0.141,False,False,False,0.141,False,-0.1095,False,False,False,False,0,No Significant Anomaly,No Significant Direction,76.9,86.9,False
S398,Software Engineering,F02,25.0,82.1,79.4,81.9,100,False,No_Anomaly,83.33,81.93,-0.03,0.03,-0.04,70.46,9.46,72.8,10.07,0.051,False,False,False,0.051,False,-0.1048,False,False,False,False,0,No Significant Anomaly,No Significant Direction,76.9,86.9,False
S399,Compiler Design,F06,17.1,93.2,100.0,85.1,100,False,No_Anomaly,57.0,83.7,1.4,1.4,1.67,72.75,9.99,72.59,10.04,0.235,False,False,False,0.235,False,-0.0634,False,False,False,False,0,No Significant Anomaly,No Significant Direction,78.7,88.7,False
S399,Computer Networks,F02,17.1,93.2,100.0,82.1,100,False,No_Anomaly,57.0,83.7,-1.6,1.6,-1.91,70.46,9.46,72.72,10.8,-0.15,False,False,False,0.15,False,-0.0243,False,False,False,False,0,No Significant Anomaly,No Significant Direction,78.7,88.7,False
S399,Machine Learning,F07,17.1,93.2,100.0,82.1,100,False,No_Anomaly,57.0,83.7,-1.6,1.6,-1.91,69.71,10.67,72.78,9.96,-0.15,False,False,False,0.15,False,-0.0262,False,False,False,False,0,No Significant Anomaly,No Significant Direction,78.7,88.7,False
S399,Software Engineering,F06,17.1,93.2,100.0,83.6,100,False,No_Anomaly,57.0,83.7,-0.1,0.1,-0.12,72.75,9.99,72.8,10.07,0.042,False,False,False,0.042,False,-0.075,False,False,False,False,0,No Significant Anomaly,No Significant Direction,78.7,88.7,False
S400,Compiler Design,F02,17.8,58.9,96.8,63.6,100,False,No_Anomaly,59.33,66.61,-3.01,3.01,-4.52,70.46,9.46,72.59,10.04,-0.331,False,False,False,0.331,False,-0.0681,False,False,False,False,0,No Significant Anomaly,No Significant Direction,61.6,71.6,False
S400,Computer Networks,F04,17.8,58.9,96.8,66.4,100,False,No_Anomaly,59.33,66.61,-0.21,0.21,-0.32,73.24,9.91,72.72,10.8,0.028,False,False,False,0.028,False,-0.1104,False,False,False,False,0,No Significant Anomaly,No Significant Direction,61.6,71.6,False
S400,Machine Learning,F08,17.8,58.9,96.8,64.4,100,False,No_Anomaly,59.33,66.61,-2.21,2.21,-3.32,73.65,10.19,72.78,9.96,-0.229,False,False,False,0.229,False,-0.1298,False,False,False,False,0,No Significant Anomaly,No Significant Direction,61.6,71.6,False
S400,Software Engineering,F04,17.8,58.9,96.8,63.3,100,False,No_Anomaly,59.33,66.61,-3.31,3.31,-4.97,73.24,9.91,72.8,10.07,-0.37,False,False,False,0.37,False,-0.1316,False,False,False,False,0,No Significant Anomaly,No Significant Direction,61.6,71.6,False
S401,Compiler Design,F04,23.7,54.1,77.1,68.5,100,False,No_Anomaly,79.0,66.17,2.33,2.33,3.52,73.24,9.91,72.59,10.04,0.354,False,False,False,0.354,False,-0.1426,False,False,False,False,0,No Significant Anomaly,No Significant Direction,61.2,71.2,False
S401,Computer Networks,F04,23.7,54.1,77.1,73.2,100,False,No_Anomaly,79.0,66.17,7.03,7.03,10.62,73.24,9.91,72.72,10.8,0.957,False,False,False,0.957,False,-0.124,False,False,False,False,0,No Significant Anomaly,No Significant Direction,61.2,71.2,False
S401,Machine Learning,F01,23.7,54.1,77.1,86.0,100,True,Severe_Overmarking,79.0,66.17,19.83,19.83,29.97,73.7,9.66,72.78,9.96,2.599,True,True,True,2.599,False,-0.026,True,True,False,True,3,Strong Review Recommended,Potential Over-marking,61.2,71.2,True
S401,Software Engineering,F06,23.7,54.1,77.1,68.2,100,False,No_Anomaly,79.0,66.17,2.03,2.03,3.07,72.75,9.99,72.8,10.07,0.315,False,False,False,0.315,False,-0.1532,False,False,False,False,0,No Significant Anomaly,No Significant Direction,61.2,71.2,False
S402,Compiler Design,F06,19.3,68.8,75.5,70.5,100,False,No_Anomaly,64.33,68.8,1.7,1.7,2.47,72.75,9.99,72.59,10.04,0.273,False,False,False,0.273,False,-0.1494,False,False,False,False,0,No Significant Anomaly,No Significant Direction,63.8,73.8,False
S402,Computer Networks,F02,19.3,68.8,75.5,65.7,100,False,No_Anomaly,64.33,68.8,-3.1,3.1,-4.51,70.46,9.46,72.72,10.8,-0.343,False,False,False,0.343,False,-0.0976,False,False,False,False,0,No Significant Anomaly,No Significant Direction,63.8,73.8,False
S402,Machine Learning,F04,19.3,68.8,75.5,69.9,100,False,No_Anomaly,64.33,68.8,1.1,1.1,1.6,73.24,9.91,72.78,9.96,0.196,False,False,False,0.196,False,-0.1677,False,False,False,False,0,No Significant Anomaly,No Significant Direction,63.8,73.8,False
S402,Software Engineering,F02,19.3,68.8,75.5,68.5,100,False,No_Anomaly,64.33,68.8,-0.3,0.3,-0.44,70.46,9.46,72.8,10.07,0.016,False,False,False,0.016,False,-0.123,False,False,False,False,0,No Significant Anomaly,No Significant Direction,63.8,73.8,False
S403,Compiler Design,F01,30.0,61.5,73.2,74.1,100,False,No_Anomaly,100.0,75.39,-1.29,1.29,-1.71,73.7,9.66,72.59,10.04,-0.111,False,False,False,0.111,False,-0.1194,False,False,False,False,0,No Significant Anomaly,No Significant Direction,70.4,80.4,False
S403,Computer Networks,F01,30.0,61.5,73.2,81.6,100,False,No_Anomaly,100.0,75.39,6.21,6.21,8.24,73.7,9.66,72.72,10.8,0.852,False,False,False,0.852,False,-0.0942,False,False,False,False,0,No Significant Anomaly,No Significant Direction,70.4,80.4,False
S403,Machine Learning,F01,30.0,61.5,73.2,75.0,100,False,No_Anomaly,100.0,75.39,-0.39,0.39,-0.52,73.7,9.66,72.78,9.96,0.005,False,False,False,0.005,False,-0.1284,False,False,False,False,0,No Significant Anomaly,No Significant Direction,70.4,80.4,False
S403,Software Engineering,F03,30.0,61.5,73.2,76.9,100,False,No_Anomaly,100.0,75.39,1.51,1.51,2.0,73.88,11.06,72.8,10.07,0.249,False,False,False,0.249,False,-0.099,False,False,False,False,0,No Significant Anomaly,No Significant Direction,70.4,80.4,False
S404,Compiler Design,F02,20.0,73.6,90.9,67.2,100,False,No_Anomaly,66.67,74.98,-7.78,7.78,-10.38,70.46,9.46,72.59,10.04,-0.943,False,False,False,0.943,False,-0.0892,False,False,False,False,0,No Significant Anomaly,No Significant Direction,70.0,80.0,False
S404,Computer Networks,F04,20.0,73.6,90.9,70.0,100,False,No_Anomaly,66.67,74.98,-4.98,4.98,-6.64,73.24,9.91,72.72,10.8,-0.584,False,False,False,0.584,False,-0.143,False,False,False,False,0,No Significant Anomaly,No Significant Direction,70.0,80.0,False
S404,Machine Learning,F02,20.0,73.6,90.9,74.2,100,False,No_Anomaly,66.67,74.98,-0.78,0.78,-1.04,70.46,9.46,72.78,9.96,-0.045,False,False,False,0.045,False,-0.1202,False,False,False,False,0,No Significant Anomaly,No Significant Direction,70.0,80.0,False
S404,Software Engineering,F01,20.0,73.6,90.9,80.7,100,False,No_Anomaly,66.67,74.98,5.72,5.72,7.63,73.7,9.66,72.8,10.07,0.789,False,False,False,0.789,False,-0.1547,False,False,False,False,0,No Significant Anomaly,No Significant Direction,70.0,80.0,False
S405,Compiler Design,F04,11.4,67.8,74.9,56.5,100,False,No_Anomaly,38.0,60.28,-3.78,3.78,-6.27,73.24,9.91,72.59,10.04,-0.43,False,False,False,0.43,False,-0.0753,False,False,False,False,0,No Significant Anomaly,No Significant Direction,55.3,65.3,False
S405,Computer Networks,F04,11.4,67.8,74.9,64.3,100,False,No_Anomaly,38.0,60.28,4.02,4.02,6.67,73.24,9.91,72.72,10.8,0.571,False,False,False,0.571,False,-0.0885,False,False,False,False,0,No Significant Anomaly,No Significant Direction,55.3,65.3,False
S405,Machine Learning,F07,11.4,67.8,74.9,53.8,100,False,No_Anomaly,38.0,60.28,-6.48,6.48,-10.75,69.71,10.67,72.78,9.96,-0.776,False,False,False,0.776,False,-0.0294,False,False,False,False,0,No Significant Anomaly,No Significant Direction,55.3,65.3,False
S405,Software Engineering,F02,11.4,67.8,74.9,84.8,100,True,Severe_Overmarking,38.0,60.28,24.52,24.52,40.68,70.46,9.46,72.8,10.07,3.2,True,True,True,3.2,True,0.0523,True,True,True,True,4,Strong Review Recommended,Potential Over-marking,55.3,65.3,True
S406,Compiler Design,F06,13.0,53.5,63.9,54.9,100,False,No_Anomaly,43.33,52.53,2.37,2.37,4.51,72.75,9.99,72.59,10.04,0.359,False,False,False,0.359,False,-0.0137,False,False,False,False,0,No Significant Anomaly,No Significant Direction,47.5,57.5,False
S406,Computer Networks,F03,13.0,53.5,63.9,52.6,100,False,No_Anomaly,43.33,52.53,0.07,0.07,0.13,73.88,11.06,72.72,10.8,0.064,False,False,False,0.064,True,0.012,False,False,True,False,1,No Significant Anomaly,No Significant Direction,47.5,57.5,False
S406,Machine Learning,F08,13.0,53.5,63.9,50.6,100,False,No_Anomaly,43.33,52.53,-1.93,1.93,-3.67,73.65,10.19,72.78,9.96,-0.193,False,False,False,0.193,False,-0.03,False,False,False,False,0,No Significant Anomaly,No Significant Direction,47.5,57.5,False
S406,Software Engineering,F03,13.0,53.5,63.9,25.9,100,True,Severe_Undermarking,43.33,52.53,-26.63,26.63,-50.69,73.88,11.06,72.8,10.07,-3.361,True,True,True,3.361,True,0.1133,True,True,True,True,4,Strong Review Recommended,Potential Under-marking,47.5,57.5,True
S407,Compiler Design,F06,21.8,55.7,95.2,78.5,100,False,No_Anomaly,72.67,68.69,9.81,9.81,14.28,72.75,9.99,72.59,10.04,1.313,False,False,False,1.313,False,-0.0809,False,False,False,False,0,No Significant Anomaly,No Significant Direction,63.7,73.7,False
S407,Computer Networks,F03,21.8,55.7,95.2,66.0,100,False,No_Anomaly,72.67,68.69,-2.69,2.69,-3.92,73.88,11.06,72.72,10.8,-0.29,False,False,False,0.29,False,-0.0747,False,False,False,False,0,No Significant Anomaly,No Significant Direction,63.7,73.7,False
S407,Machine Learning,F08,21.8,55.7,95.2,74.1,100,False,No_Anomaly,72.67,68.69,5.41,5.41,7.88,73.65,10.19,72.78,9.96,0.749,False,False,False,0.749,False,-0.1385,False,False,False,False,0,No Significant Anomaly,No Significant Direction,63.7,73.7,False
S407,Software Engineering,F06,21.8,55.7,95.2,74.5,100,False,No_Anomaly,72.67,68.69,5.81,5.81,8.46,72.75,9.99,72.8,10.07,0.8,False,False,False,0.8,False,-0.1369,False,False,False,False,0,No Significant Anomaly,No Significant Direction,63.7,73.7,False
S408,Compiler Design,F02,25.1,85.5,86.1,76.4,100,False,No_Anomaly,83.67,85.07,-8.67,8.67,-10.19,70.46,9.46,72.59,10.04,-1.057,False,False,False,1.057,False,-0.0519,False,False,False,False,0,No Significant Anomaly,No Significant Direction,80.1,90.1,False
S408,Computer Networks,F04,25.1,85.5,86.1,83.7,100,False,No_Anomaly,83.67,85.07,-1.37,1.37,-1.61,73.24,9.91,72.72,10.8,-0.121,False,False,False,0.121,False,-0.1207,False,False,False,False,0,No Significant Anomaly,No Significant Direction,80.1,90.1,False
S408,Machine Learning,F04,25.1,85.5,86.1,71.2,100,False,No_Anomaly,83.67,85.07,-13.87,13.87,-16.3,73.24,9.91,72.78,9.96,-1.724,False,False,False,1.724,False,-0.0694,False,False,False,False,0,No Significant Anomaly,Potential Under-marking,80.1,90.1,False
S408,Software Engineering,F06,25.1,85.5,86.1,84.0,100,False,No_Anomaly,83.67,85.07,-1.07,1.07,-1.26,72.75,9.99,72.8,10.07,-0.082,False,False,False,0.082,False,-0.1272,False,False,False,False,0,No Significant Anomaly,No Significant Direction,80.1,90.1,False
S409,Compiler Design,F08,24.9,59.2,87.2,75.3,100,False,No_Anomaly,83.0,71.94,3.36,3.36,4.67,73.65,10.19,72.59,10.04,0.486,False,False,False,0.486,False,-0.1473,False,False,False,False,0,No Significant Anomaly,No Significant Direction,66.9,76.9,False
S409,Computer Networks,F04,24.9,59.2,87.2,76.8,100,False,No_Anomaly,83.0,71.94,4.86,4.86,6.76,73.24,9.91,72.72,10.8,0.678,False,False,False,0.678,False,-0.1361,False,False,False,False,0,No Significant Anomaly,No Significant Direction,66.9,76.9,False
S409,Machine Learning,F06,24.9,59.2,87.2,69.6,100,False,No_Anomaly,83.0,71.94,-2.34,2.34,-3.25,72.75,9.99,72.78,9.96,-0.245,False,False,False,0.245,False,-0.1507,False,False,False,False,0,No Significant Anomaly,No Significant Direction,66.9,76.9,False
S409,Software Engineering,F07,24.9,59.2,87.2,78.6,100,False,No_Anomaly,83.0,71.94,6.66,6.66,9.26,69.71,10.67,72.8,10.07,0.909,False,False,False,0.909,False,-0.0981,False,False,False,False,0,No Significant Anomaly,No Significant Direction,66.9,76.9,False
S410,Compiler Design,F05,24.3,63.1,87.6,71.3,100,False,No_Anomaly,81.0,73.37,-2.07,2.07,-2.82,74.08,9.85,72.59,10.04,-0.211,False,False,False,0.211,False,-0.1482,False,False,False,False,0,No Significant Anomaly,No Significant Direction,68.4,78.4,False
S410,Computer Networks,F03,24.3,63.1,87.6,70.4,100,False,No_Anomaly,81.0,73.37,-2.97,2.97,-4.05,73.88,11.06,72.72,10.8,-0.326,False,False,False,0.326,False,-0.1048,False,False,False,False,0,No Significant Anomaly,No Significant Direction,68.4,78.4,False
S410,Machine Learning,F06,24.3,63.1,87.6,77.0,100,False,No_Anomaly,81.0,73.37,3.63,3.63,4.95,72.75,9.99,72.78,9.96,0.521,False,False,False,0.521,False,-0.1591,False,False,False,False,0,No Significant Anomaly,No Significant Direction,68.4,78.4,False
S410,Software Engineering,F06,24.3,63.1,87.6,49.6,100,True,Severe_Undermarking,81.0,73.37,-23.77,23.77,-32.4,72.75,9.99,72.8,10.07,-2.994,True,True,True,2.994,False,-0.0082,True,True,False,True,3,Strong Review Recommended,Potential Under-marking,68.4,78.4,True
S411,Compiler Design,F04,17.3,63.4,70.8,59.1,100,False,No_Anomaly,57.67,63.16,-4.06,4.06,-6.43,73.24,9.91,72.59,10.04,-0.466,False,False,False,0.466,False,-0.1137,False,False,False,False,0,No Significant Anomaly,No Significant Direction,58.2,68.2,False
S411,Computer Networks,F02,17.3,63.4,70.8,71.8,100,False,No_Anomaly,57.67,63.16,8.64,8.64,13.68,70.46,9.46,72.72,10.8,1.163,False,False,False,1.163,False,-0.0428,False,False,False,False,0,No Significant Anomaly,No Significant Direction,58.2,68.2,False
S411,Machine Learning,F01,17.3,63.4,70.8,71.5,100,False,No_Anomaly,57.67,63.16,8.34,8.34,13.2,73.7,9.66,72.78,9.96,1.125,False,False,False,1.125,False,-0.1146,False,False,False,False,0,No Significant Anomaly,No Significant Direction,58.2,68.2,False
S411,Software Engineering,F04,17.3,63.4,70.8,61.7,100,False,No_Anomaly,57.67,63.16,-1.46,1.46,-2.31,73.24,9.91,72.8,10.07,-0.132,False,False,False,0.132,False,-0.1416,False,False,False,False,0,No Significant Anomaly,No Significant Direction,58.2,68.2,False
S412,Compiler Design,F02,18.8,71.0,85.3,64.6,100,False,No_Anomaly,62.67,71.36,-6.76,6.76,-9.47,70.46,9.46,72.59,10.04,-0.812,False,False,False,0.812,False,-0.0946,False,False,False,False,0,No Significant Anomaly,No Significant Direction,66.4,76.4,False
S412,Computer Networks,F08,18.8,71.0,85.3,50.9,100,True,Severe_Undermarking,62.67,71.36,-20.46,20.46,-28.67,73.65,10.19,72.72,10.8,-2.57,True,True,True,2.57,False,-0.0177,True,True,False,True,3,Strong Review Recommended,Potential Under-marking,66.4,76.4,True
S412,Machine Learning,F03,18.8,71.0,85.3,73.0,100,False,No_Anomaly,62.67,71.36,1.64,1.64,2.3,73.88,11.06,72.78,9.96,0.265,False,False,False,0.265,False,-0.1322,False,False,False,False,0,No Significant Anomaly,No Significant Direction,66.4,76.4,False
S412,Software Engineering,F06,18.8,71.0,85.3,73.1,100,False,No_Anomaly,62.67,71.36,1.74,1.74,2.44,72.75,9.99,72.8,10.07,0.278,False,False,False,0.278,False,-0.1729,False,False,False,False,0,No Significant Anomaly,No Significant Direction,66.4,76.4,False
S413,Compiler Design,F02,24.5,70.3,87.7,81.0,100,False,No_Anomaly,81.67,77.19,3.81,3.81,4.94,70.46,9.46,72.59,10.04,0.544,False,False,False,0.544,False,-0.0971,False,False,False,False,0,No Significant Anomaly,No Significant Direction,72.2,82.2,False
S413,Computer Networks,F05,24.5,70.3,87.7,76.5,100,False,No_Anomaly,81.67,77.19,-0.69,0.69,-0.89,74.08,9.85,72.72,10.8,-0.034,False,False,False,0.034,False,-0.1462,False,False,False,False,0,No Significant Anomaly,No Significant Direction,72.2,82.2,False
S413,Machine Learning,F06,24.5,70.3,87.7,76.1,100,False,No_Anomaly,81.67,77.19,-1.09,1.09,-1.41,72.75,9.99,72.78,9.96,-0.085,False,False,False,0.085,False,-0.1616,False,False,False,False,0,No Significant Anomaly,No Significant Direction,72.2,82.2,False
S413,Software Engineering,F01,24.5,70.3,87.7,81.1,100,False,No_Anomaly,81.67,77.19,3.91,3.91,5.07,73.7,9.66,72.8,10.07,0.556,False,False,False,0.556,False,-0.163,False,False,False,False,0,No Significant Anomaly,No Significant Direction,72.2,82.2,False
S414,Compiler Design,F05,18.0,88.6,94.8,79.6,100,False,No_Anomaly,60.0,81.26,-1.66,1.66,-2.04,74.08,9.85,72.59,10.04,-0.158,False,False,False,0.158,False,-0.1018,False,False,False,False,0,No Significant Anomaly,No Significant Direction,76.3,86.3,False
S414,Computer Networks,F01,18.0,88.6,94.8,100.0,100,True,Severe_Overmarking,60.0,81.26,18.74,18.74,23.06,73.7,9.66,72.72,10.8,2.459,False,True,True,2.459,True,0.0279,False,True,True,False,2,Review Recommended,Potential Over-marking,76.3,86.3,True
S414,Machine Learning,F05,18.0,88.6,94.8,87.7,100,False,No_Anomaly,60.0,81.26,6.44,6.44,7.93,74.08,9.85,72.78,9.96,0.881,False,False,False,0.881,False,-0.0821,False,False,False,False,0,No Significant Anomaly,No Significant Direction,76.3,86.3,False
S414,Software Engineering,F03,18.0,88.6,94.8,84.2,100,False,No_Anomaly,60.0,81.26,2.94,2.94,3.62,73.88,11.06,72.8,10.07,0.432,False,False,False,0.432,False,-0.0799,False,False,False,False,0,No Significant Anomaly,No Significant Direction,76.3,86.3,False
S415,Compiler Design,F06,26.2,90.2,76.7,74.1,100,False,No_Anomaly,87.33,86.64,-12.54,12.54,-14.47,72.75,9.99,72.59,10.04,-1.554,False,False,False,1.554,False,-0.0581,False,False,False,False,0,No Significant Anomaly,Potential Under-marking,81.6,91.6,False
S415,Computer Networks,F04,26.2,90.2,76.7,86.1,100,False,No_Anomaly,87.33,86.64,-0.54,0.54,-0.62,73.24,9.91,72.72,10.8,-0.014,False,False,False,0.014,False,-0.1002,False,False,False,False,0,No Significant Anomaly,No Significant Direction,81.6,91.6,False
S415,Machine Learning,F06,26.2,90.2,76.7,75.9,100,False,No_Anomaly,87.33,86.64,-10.74,10.74,-12.4,72.75,9.99,72.78,9.96,-1.323,False,False,False,1.323,False,-0.0699,False,False,False,False,0,No Significant Anomaly,Potential Under-marking,81.6,91.6,False
S415,Software Engineering,F08,26.2,90.2,76.7,80.8,100,False,No_Anomaly,87.33,86.64,-5.84,5.84,-6.74,73.65,10.19,72.8,10.07,-0.694,False,False,False,0.694,False,-0.1093,False,False,False,False,0,No Significant Anomaly,No Significant Direction,81.6,91.6,False
S416,Compiler Design,F06,14.8,70.8,77.9,64.6,100,False,No_Anomaly,49.33,65.78,-1.18,1.18,-1.79,72.75,9.99,72.59,10.04,-0.096,False,False,False,0.096,False,-0.118,False,False,False,False,0,No Significant Anomaly,No Significant Direction,60.8,70.8,False
S416,Computer Networks,F06,14.8,70.8,77.9,64.1,100,False,No_Anomaly,49.33,65.78,-1.68,1.68,-2.55,72.75,9.99,72.72,10.8,-0.161,False,False,False,0.161,False,-0.1167,False,False,False,False,0,No Significant Anomaly,No Significant Direction,60.8,70.8,False
S416,Machine Learning,F02,14.8,70.8,77.9,67.1,100,False,No_Anomaly,49.33,65.78,1.32,1.32,2.01,70.46,9.46,72.78,9.96,0.224,False,False,False,0.224,False,-0.1017,False,False,False,False,0,No Significant Anomaly,No Significant Direction,60.8,70.8,False
S416,Software Engineering,F01,14.8,70.8,77.9,71.1,100,False,No_Anomaly,49.33,65.78,5.32,5.32,8.09,73.7,9.66,72.8,10.07,0.737,False,False,False,0.737,False,-0.1332,False,False,False,False,0,No Significant Anomaly,No Significant Direction,60.8,70.8,False
S417,Compiler Design,F01,25.9,67.9,66.4,42.7,100,True,Severe_Undermarking,86.33,73.13,-30.43,30.43,-41.61,73.7,9.66,72.59,10.04,-3.849,True,True,True,3.849,True,0.0585,True,True,True,True,4,Strong Review Recommended,Potential Under-marking,68.1,78.1,True
S417,Computer Networks,F03,25.9,67.9,66.4,67.5,100,False,No_Anomaly,86.33,73.13,-5.63,5.63,-7.7,73.88,11.06,72.72,10.8,-0.667,False,False,False,0.667,False,-0.0791,False,False,False,False,0,No Significant Anomaly,No Significant Direction,68.1,78.1,False
S417,Machine Learning,F01,25.9,67.9,66.4,66.9,100,False,No_Anomaly,86.33,73.13,-6.23,6.23,-8.52,73.7,9.66,72.78,9.96,-0.744,False,False,False,0.744,False,-0.1404,False,False,False,False,0,No Significant Anomaly,No Significant Direction,68.1,78.1,False
S417,Software Engineering,F02,25.9,67.9,66.4,70.5,100,False,No_Anomaly,86.33,73.13,-2.63,2.63,-3.6,70.46,9.46,72.8,10.07,-0.282,False,False,False,0.282,False,-0.1162,False,False,False,False,0,No Significant Anomaly,No Significant Direction,68.1,78.1,False
S418,Compiler Design,F02,23.2,88.2,74.0,79.7,100,False,No_Anomaly,77.33,82.1,-2.4,2.4,-2.92,70.46,9.46,72.59,10.04,-0.253,False,False,False,0.253,False,-0.0838,False,False,False,False,0,No Significant Anomaly,No Significant Direction,77.1,87.1,False
S418,Computer Networks,F08,23.2,88.2,74.0,83.1,100,False,No_Anomaly,77.33,82.1,1.0,1.0,1.22,73.65,10.19,72.72,10.8,0.183,False,False,False,0.183,False,-0.1162,False,False,False,False,0,No Significant Anomaly,No Significant Direction,77.1,87.1,False
S418,Machine Learning,F08,23.2,88.2,74.0,100.0,100,True,Severe_Overmarking,77.33,82.1,17.9,17.9,21.8,73.65,10.19,72.78,9.96,2.351,False,True,True,2.351,False,-0.0212,False,True,False,False,1,No Significant Anomaly,Potential Over-marking,77.1,87.1,False
S418,Software Engineering,F03,23.2,88.2,74.0,81.3,100,False,No_Anomaly,77.33,82.1,-0.8,0.8,-0.97,73.88,11.06,72.8,10.07,-0.048,False,False,False,0.048,False,-0.1086,False,False,False,False,0,No Significant Anomaly,No Significant Direction,77.1,87.1,False
S419,Compiler Design,F02,25.1,61.3,75.7,72.9,100,False,No_Anomaly,83.67,70.89,2.01,2.01,2.84,70.46,9.46,72.59,10.04,0.313,False,False,False,0.313,False,-0.1027,False,False,False,False,0,No Significant Anomaly,No Significant Direction,65.9,75.9,False
S419,Computer Networks,F08,25.1,61.3,75.7,62.0,100,False,No_Anomaly,83.67,70.89,-8.89,8.89,-12.54,73.65,10.19,72.72,10.8,-1.086,False,False,False,1.086,False,-0.0965,False,False,False,False,0,No Significant Anomaly,No Significant Direction,65.9,75.9,False
S419,Machine Learning,F05,25.1,61.3,75.7,66.9,100,False,No_Anomaly,83.67,70.89,-3.99,3.99,-5.63,74.08,9.85,72.78,9.96,-0.457,False,False,False,0.457,False,-0.1526,False,False,False,False,0,No Significant Anomaly,No Significant Direction,65.9,75.9,False
S419,Software Engineering,F05,25.1,61.3,75.7,76.9,100,False,No_Anomaly,83.67,70.89,6.01,6.01,8.48,74.08,9.85,72.8,10.07,0.826,False,False,False,0.826,False,-0.1494,False,False,False,False,0,No Significant Anomaly,No Significant Direction,65.9,75.9,False
S420,Compiler Design,F04,20.1,69.5,99.4,75.1,100,False,No_Anomaly,67.0,74.73,0.37,0.37,0.5,73.24,9.91,72.59,10.04,0.102,False,False,False,0.102,False,-0.1329,False,False,False,False,0,No Significant Anomaly,No Significant Direction,69.7,79.7,False
S420,Computer Networks,F08,20.1,69.5,99.4,76.0,100,False,No_Anomaly,67.0,74.73,1.27,1.27,1.7,73.65,10.19,72.72,10.8,0.218,False,False,False,0.218,False,-0.1293,False,False,False,False,0,No Significant Anomaly,No Significant Direction,69.7,79.7,False
S420,Machine Learning,F01,20.1,69.5,99.4,71.0,100,False,No_Anomaly,67.0,74.73,-3.73,3.73,-4.99,73.7,9.66,72.78,9.96,-0.424,False,False,False,0.424,False,-0.1458,False,False,False,False,0,No Significant Anomaly,No Significant Direction,69.7,79.7,False
S420,Software Engineering,F03,20.1,69.5,99.4,74.6,100,False,No_Anomaly,67.0,74.73,-0.13,0.13,-0.17,73.88,11.06,72.8,10.07,0.038,False,False,False,0.038,False,-0.1145,False,False,False,False,0,No Significant Anomaly,No Significant Direction,69.7,79.7,False
S421,Compiler Design,F04,25.2,82.0,83.0,76.9,100,False,No_Anomaly,84.0,82.8,-5.9,5.9,-7.13,73.24,9.91,72.59,10.04,-0.702,False,False,False,0.702,False,-0.1399,False,False,False,False,0,No Significant Anomaly,No Significant Direction,77.8,87.8,False
S421,Computer Networks,F07,25.2,82.0,83.0,74.2,100,False,No_Anomaly,84.0,82.8,-8.6,8.6,-10.39,69.71,10.67,72.72,10.8,-1.048,False,False,False,1.048,False,-0.0537,False,False,False,False,0,No Significant Anomaly,No Significant Direction,77.8,87.8,False
S421,Machine Learning,F07,25.2,82.0,83.0,84.7,100,False,No_Anomaly,84.0,82.8,1.9,1.9,2.29,69.71,10.67,72.78,9.96,0.299,False,False,False,0.299,False,-0.0876,False,False,False,False,0,No Significant Anomaly,No Significant Direction,77.8,87.8,False
S421,Software Engineering,F01,25.2,82.0,83.0,53.2,100,True,Severe_Undermarking,84.0,82.8,-29.6,29.6,-35.75,73.7,9.66,72.8,10.07,-3.742,True,True,True,3.742,True,0.023,True,True,True,True,4,Strong Review Recommended,Potential Under-marking,77.8,87.8,True
S422,Compiler Design,F01,21.5,64.6,81.5,95.8,100,True,Severe_Overmarking,71.67,70.1,25.7,25.7,36.66,73.7,9.66,72.59,10.04,3.352,True,True,True,3.352,True,0.0062,True,True,True,True,4,Strong Review Recommended,Potential Over-marking,65.1,75.1,True
S422,Computer Networks,F03,21.5,64.6,81.5,59.6,100,False,No_Anomaly,71.67,70.1,-10.5,10.5,-14.98,73.88,11.06,72.72,10.8,-1.292,False,False,False,1.292,False,-0.0464,False,False,False,False,0,No Significant Anomaly,Potential Under-marking,65.1,75.1,False
S422,Machine Learning,F07,21.5,64.6,81.5,69.2,100,False,No_Anomaly,71.67,70.1,-0.9,0.9,-1.28,69.71,10.67,72.78,9.96,-0.061,False,False,False,0.061,False,-0.1221,False,False,False,False,0,No Significant Anomaly,No Significant Direction,65.1,75.1,False
S422,Software Engineering,F08,21.5,64.6,81.5,67.6,100,False,No_Anomaly,71.67,70.1,-2.5,2.5,-3.57,73.65,10.19,72.8,10.07,-0.266,False,False,False,0.266,False,-0.1706,False,False,False,False,0,No Significant Anomaly,No Significant Direction,65.1,75.1,False
S423,Compiler Design,F02,24.6,60.0,88.6,71.8,100,False,No_Anomaly,82.0,72.32,-0.52,0.52,-0.72,70.46,9.46,72.59,10.04,-0.012,False,False,False,0.012,False,-0.0971,False,False,False,False,0,No Significant Anomaly,No Significant Direction,67.3,77.3,False
S423,Computer Networks,F01,24.6,60.0,88.6,40.9,100,True,Severe_Undermarking,82.0,72.32,-31.42,31.42,-43.45,73.7,9.66,72.72,10.8,-3.976,True,True,True,3.976,True,0.06,True,True,True,True,4,Strong Review Recommended,Potential Under-marking,67.3,77.3,True
S423,Machine Learning,F04,24.6,60.0,88.6,76.3,100,False,No_Anomaly,82.0,72.32,3.98,3.98,5.5,73.24,9.91,72.78,9.96,0.565,False,False,False,0.565,False,-0.1611,False,False,False,False,0,No Significant Anomaly,No Significant Direction,67.3,77.3,False
S423,Software Engineering,F04,24.6,60.0,88.6,76.8,100,False,No_Anomaly,82.0,72.32,4.48,4.48,6.19,73.24,9.91,72.8,10.07,0.63,False,False,False,0.63,False,-0.1633,False,False,False,False,0,No Significant Anomaly,No Significant Direction,67.3,77.3,False
S424,Compiler Design,F07,27.8,77.1,97.4,77.0,100,False,No_Anomaly,92.67,85.83,-8.83,8.83,-10.29,69.71,10.67,72.59,10.04,-1.078,False,False,False,1.078,False,-0.0271,False,False,False,False,0,No Significant Anomaly,No Significant Direction,80.8,90.8,False
S424,Computer Networks,F07,27.8,77.1,97.4,81.5,100,False,No_Anomaly,92.67,85.83,-4.33,4.33,-5.04,69.71,10.67,72.72,10.8,-0.501,False,False,False,0.501,False,-0.03,False,False,False,False,0,No Significant Anomaly,No Significant Direction,80.8,90.8,False
S424,Machine Learning,F05,27.8,77.1,97.4,86.4,100,False,No_Anomaly,92.67,85.83,0.57,0.57,0.66,74.08,9.85,72.78,9.96,0.128,False,False,False,0.128,False,-0.0821,False,False,False,False,0,No Significant Anomaly,No Significant Direction,80.8,90.8,False
S424,Software Engineering,F05,27.8,77.1,97.4,86.1,100,False,No_Anomaly,92.67,85.83,0.27,0.27,0.31,74.08,9.85,72.8,10.07,0.09,False,False,False,0.09,False,-0.0932,False,False,False,False,0,No Significant Anomaly,No Significant Direction,80.8,90.8,False
S425,Compiler Design,F08,19.5,65.5,85.7,68.5,100,False,No_Anomaly,65.0,69.39,-0.89,0.89,-1.28,73.65,10.19,72.59,10.04,-0.059,False,False,False,0.059,False,-0.1504,False,False,False,False,0,No Significant Anomaly,No Significant Direction,64.4,74.4,False
S425,Computer Networks,F04,19.5,65.5,85.7,75.5,100,False,No_Anomaly,65.0,69.39,6.11,6.11,8.81,73.24,9.91,72.72,10.8,0.839,False,False,False,0.839,False,-0.1374,False,False,False,False,0,No Significant Anomaly,No Significant Direction,64.4,74.4,False
S425,Machine Learning,F04,19.5,65.5,85.7,66.8,100,False,No_Anomaly,65.0,69.39,-2.59,2.59,-3.73,73.24,9.91,72.78,9.96,-0.277,False,False,False,0.277,False,-0.1656,False,False,False,False,0,No Significant Anomaly,No Significant Direction,64.4,74.4,False
S425,Software Engineering,F03,19.5,65.5,85.7,94.5,100,True,Severe_Overmarking,65.0,69.39,25.11,25.11,36.19,73.88,11.06,72.8,10.07,3.276,True,True,True,3.276,True,0.0123,True,True,True,True,4,Strong Review Recommended,Potential Over-marking,64.4,74.4,True
S426,Compiler Design,F02,28.5,70.3,76.0,76.6,100,False,No_Anomaly,95.0,78.85,-2.25,2.25,-2.85,70.46,9.46,72.59,10.04,-0.234,False,False,False,0.234,False,-0.087,False,False,False,False,0,No Significant Anomaly,No Significant Direction,73.8,83.8,False
S426,Computer Networks,F04,28.5,70.3,76.0,72.1,100,False,No_Anomaly,95.0,78.85,-6.75,6.75,-8.56,73.24,9.91,72.72,10.8,-0.811,False,False,False,0.811,False,-0.1152,False,False,False,False,0,No Significant Anomaly,No Significant Direction,73.8,83.8,False
S426,Machine Learning,F05,28.5,70.3,76.0,69.8,100,False,No_Anomaly,95.0,78.85,-9.05,9.05,-11.48,74.08,9.85,72.78,9.96,-1.106,False,False,False,1.106,False,-0.1066,False,False,False,False,0,No Significant Anomaly,No Significant Direction,73.8,83.8,False
S426,Software Engineering,F05,28.5,70.3,76.0,83.4,100,False,No_Anomaly,95.0,78.85,4.55,4.55,5.77,74.08,9.85,72.8,10.07,0.639,False,False,False,0.639,False,-0.1389,False,False,False,False,0,No Significant Anomaly,No Significant Direction,73.8,83.8,False
S427,Compiler Design,F03,26.8,74.4,79.8,81.5,100,False,No_Anomaly,89.33,79.96,1.54,1.54,1.93,73.88,11.06,72.59,10.04,0.252,False,False,False,0.252,False,-0.1188,False,False,False,False,0,No Significant Anomaly,No Significant Direction,75.0,85.0,False
S427,Computer Networks,F02,26.8,74.4,79.8,79.5,100,False,No_Anomaly,89.33,79.96,-0.46,0.46,-0.58,70.46,9.46,72.72,10.8,-0.004,False,False,False,0.004,False,-0.0854,False,False,False,False,0,No Significant Anomaly,No Significant Direction,75.0,85.0,False
S427,Machine Learning,F02,26.8,74.4,79.8,62.4,100,False,No_Anomaly,89.33,79.96,-17.56,17.56,-21.96,70.46,9.46,72.78,9.96,-2.198,False,True,True,2.198,False,-0.0302,False,True,False,False,1,No Significant Anomaly,Potential Under-marking,75.0,85.0,False
S427,Software Engineering,F02,26.8,74.4,79.8,76.6,100,False,No_Anomaly,89.33,79.96,-3.36,3.36,-4.2,70.46,9.46,72.8,10.07,-0.376,False,False,False,0.376,False,-0.1222,False,False,False,False,0,No Significant Anomaly,No Significant Direction,75.0,85.0,False
S428,Compiler Design,F03,25.2,44.0,61.9,58.4,100,False,No_Anomaly,84.0,59.58,-1.18,1.18,-1.98,73.88,11.06,72.59,10.04,-0.096,False,False,False,0.096,False,-0.0222,False,False,False,False,0,No Significant Anomaly,No Significant Direction,54.6,64.6,False
S428,Computer Networks,F02,25.2,44.0,61.9,62.3,100,False,No_Anomaly,84.0,59.58,2.72,2.72,4.57,70.46,9.46,72.72,10.8,0.404,False,False,False,0.404,False,-0.0155,False,False,False,False,0,No Significant Anomaly,No Significant Direction,54.6,64.6,False
S428,Machine Learning,F04,25.2,44.0,61.9,62.5,100,False,No_Anomaly,84.0,59.58,2.92,2.92,4.9,73.24,9.91,72.78,9.96,0.429,False,False,False,0.429,False,-0.0867,False,False,False,False,0,No Significant Anomaly,No Significant Direction,54.6,64.6,False
S428,Software Engineering,F03,25.2,44.0,61.9,53.7,100,False,No_Anomaly,84.0,59.58,-5.88,5.88,-9.87,73.88,11.06,72.8,10.07,-0.699,False,False,False,0.699,False,-0.0231,False,False,False,False,0,No Significant Anomaly,No Significant Direction,54.6,64.6,False
S429,Compiler Design,F07,16.7,70.7,84.5,68.0,100,False,No_Anomaly,55.67,68.95,-0.95,0.95,-1.38,69.71,10.67,72.59,10.04,-0.067,False,False,False,0.067,False,-0.0909,False,False,False,False,0,No Significant Anomaly,No Significant Direction,64.0,74.0,False
S429,Computer Networks,F07,16.7,70.7,84.5,70.3,100,False,No_Anomaly,55.67,68.95,1.35,1.35,1.96,69.71,10.67,72.72,10.8,0.228,False,False,False,0.228,False,-0.0897,False,False,False,False,0,No Significant Anomaly,No Significant Direction,64.0,74.0,False
S429,Machine Learning,F01,16.7,70.7,84.5,73.2,100,False,No_Anomaly,55.67,68.95,4.25,4.25,6.16,73.7,9.66,72.78,9.96,0.6,False,False,False,0.6,False,-0.1494,False,False,False,False,0,No Significant Anomaly,No Significant Direction,64.0,74.0,False
S429,Software Engineering,F04,16.7,70.7,84.5,67.5,100,False,No_Anomaly,55.67,68.95,-1.45,1.45,-2.1,73.24,9.91,72.8,10.07,-0.131,False,False,False,0.131,False,-0.1653,False,False,False,False,0,No Significant Anomaly,No Significant Direction,64.0,74.0,False
S430,Compiler Design,F01,25.3,69.7,100.0,83.2,100,False,No_Anomaly,84.33,80.15,3.05,3.05,3.81,73.7,9.66,72.59,10.04,0.446,False,False,False,0.446,False,-0.1105,False,False,False,False,0,No Significant Anomaly,No Significant Direction,75.2,85.2,False
S430,Computer Networks,F03,25.3,69.7,100.0,72.8,100,False,No_Anomaly,84.33,80.15,-7.35,7.35,-9.17,73.88,11.06,72.72,10.8,-0.888,False,False,False,0.888,False,-0.0554,False,False,False,False,0,No Significant Anomaly,No Significant Direction,75.2,85.2,False
S430,Machine Learning,F01,25.3,69.7,100.0,74.9,100,False,No_Anomaly,84.33,80.15,-5.25,5.25,-6.55,73.7,9.66,72.78,9.96,-0.619,False,False,False,0.619,False,-0.1317,False,False,False,False,0,No Significant Anomaly,No Significant Direction,75.2,85.2,False
S430,Software Engineering,F08,25.3,69.7,100.0,78.2,100,False,No_Anomaly,84.33,80.15,-1.95,1.95,-2.43,73.65,10.19,72.8,10.07,-0.195,False,False,False,0.195,False,-0.1406,False,False,False,False,0,No Significant Anomaly,No Significant Direction,75.2,85.2,False
S431,Compiler Design,F04,20.4,72.0,77.6,75.1,100,False,No_Anomaly,68.0,71.92,3.18,3.18,4.42,73.24,9.91,72.59,10.04,0.463,False,False,False,0.463,False,-0.166,False,False,False,False,0,No Significant Anomaly,No Significant Direction,66.9,76.9,False
S431,Computer Networks,F01,20.4,72.0,77.6,77.5,100,False,No_Anomaly,68.0,71.92,5.58,5.58,7.76,73.7,9.66,72.72,10.8,0.771,False,False,False,0.771,False,-0.139,False,False,False,False,0,No Significant Anomaly,No Significant Direction,66.9,76.9,False
S431,Machine Learning,F06,20.4,72.0,77.6,40.9,100,True,Severe_Undermarking,68.0,71.92,-31.02,31.02,-43.13,72.75,9.99,72.78,9.96,-3.924,True,True,True,3.924,True,0.0472,True,True,True,True,4,Strong Review Recommended,Potential Under-marking,66.9,76.9,True
S431,Software Engineering,F03,20.4,72.0,77.6,66.2,100,False,No_Anomaly,68.0,71.92,-5.72,5.72,-7.95,73.88,11.06,72.8,10.07,-0.679,False,False,False,0.679,False,-0.1272,False,False,False,False,0,No Significant Anomaly,No Significant Direction,66.9,76.9,False
S432,Compiler Design,F03,25.4,44.4,84.6,63.2,100,False,No_Anomaly,84.67,64.52,-1.32,1.32,-2.05,73.88,11.06,72.59,10.04,-0.114,False,False,False,0.114,False,-0.0746,False,False,False,False,0,No Significant Anomaly,No Significant Direction,59.5,69.5,False
S432,Computer Networks,F02,25.4,44.4,84.6,56.5,100,False,No_Anomaly,84.67,64.52,-8.02,8.02,-12.43,70.46,9.46,72.72,10.8,-0.974,False,False,False,0.974,False,-0.0297,False,False,False,False,0,No Significant Anomaly,No Significant Direction,59.5,69.5,False
S432,Machine Learning,F06,25.4,44.4,84.6,70.0,100,False,No_Anomaly,84.67,64.52,5.48,5.48,8.49,72.75,9.99,72.78,9.96,0.758,False,False,False,0.758,False,-0.11,False,False,False,False,0,No Significant Anomaly,No Significant Direction,59.5,69.5,False
S432,Software Engineering,F06,25.4,44.4,84.6,68.1,100,False,No_Anomaly,84.67,64.52,3.58,3.58,5.55,72.75,9.99,72.8,10.07,0.514,False,False,False,0.514,False,-0.1193,False,False,False,False,0,No Significant Anomaly,No Significant Direction,59.5,69.5,False
S433,Compiler Design,F06,17.4,51.1,75.4,65.2,100,False,No_Anomaly,58.0,58.03,7.17,7.17,12.36,72.75,9.99,72.59,10.04,0.975,False,False,False,0.975,False,-0.0821,False,False,False,False,0,No Significant Anomaly,No Significant Direction,53.0,63.0,False
S433,Computer Networks,F02,17.4,51.1,75.4,59.0,100,False,No_Anomaly,58.0,58.03,0.97,0.97,1.67,70.46,9.46,72.72,10.8,0.179,False,False,False,0.179,False,-0.0451,False,False,False,False,0,No Significant Anomaly,No Significant Direction,53.0,63.0,False
S433,Machine Learning,F05,17.4,51.1,75.4,64.9,100,False,No_Anomaly,58.0,58.03,6.87,6.87,11.84,74.08,9.85,72.78,9.96,0.936,False,False,False,0.936,False,-0.0884,False,False,False,False,0,No Significant Anomaly,No Significant Direction,53.0,63.0,False
S433,Software Engineering,F08,17.4,51.1,75.4,66.7,100,False,No_Anomaly,58.0,58.03,8.67,8.67,14.94,73.65,10.19,72.8,10.07,1.167,False,False,False,1.167,False,-0.0901,False,False,False,False,0,No Significant Anomaly,No Significant Direction,53.0,63.0,False
S434,Compiler Design,F01,13.7,58.4,82.5,62.7,100,False,No_Anomaly,45.67,59.4,3.3,3.3,5.56,73.7,9.66,72.59,10.04,0.478,False,False,False,0.478,False,-0.0779,False,False,False,False,0,No Significant Anomaly,No Significant Direction,54.4,64.4,False
S434,Computer Networks,F08,13.7,58.4,82.5,63.7,100,False,No_Anomaly,45.67,59.4,4.3,4.3,7.24,73.65,10.19,72.72,10.8,0.607,False,False,False,0.607,False,-0.0802,False,False,False,False,0,No Significant Anomaly,No Significant Direction,54.4,64.4,False
S434,Machine Learning,F03,13.7,58.4,82.5,68.9,100,False,No_Anomaly,45.67,59.4,9.5,9.5,15.99,73.88,11.06,72.78,9.96,1.274,False,False,False,1.274,False,-0.0421,False,False,False,False,0,No Significant Anomaly,No Significant Direction,54.4,64.4,False
S434,Software Engineering,F01,13.7,58.4,82.5,66.1,100,False,No_Anomaly,45.67,59.4,6.7,6.7,11.28,73.7,9.66,72.8,10.07,0.914,False,False,False,0.914,False,-0.0895,False,False,False,False,0,No Significant Anomaly,No Significant Direction,54.4,64.4,False
S435,Compiler Design,F03,21.0,77.4,89.5,76.7,100,False,No_Anomaly,70.0,77.6,-0.9,0.9,-1.16,73.88,11.06,72.59,10.04,-0.061,False,False,False,0.061,False,-0.1296,False,False,False,False,0,No Significant Anomaly,No Significant Direction,72.6,82.6,False
S435,Computer Networks,F04,21.0,77.4,89.5,81.0,100,False,No_Anomaly,70.0,77.6,3.4,3.4,4.38,73.24,9.91,72.72,10.8,0.491,False,False,False,0.491,False,-0.1408,False,False,False,False,0,No Significant Anomaly,No Significant Direction,72.6,82.6,False
S435,Machine Learning,F05,21.0,77.4,89.5,76.5,100,False,No_Anomaly,70.0,77.6,-1.1,1.1,-1.42,74.08,9.85,72.78,9.96,-0.086,False,False,False,0.086,False,-0.1574,False,False,False,False,0,No Significant Anomaly,No Significant Direction,72.6,82.6,False
S435,Software Engineering,F02,21.0,77.4,89.5,76.8,100,False,No_Anomaly,70.0,77.6,-0.8,0.8,-1.03,70.46,9.46,72.8,10.07,-0.048,False,False,False,0.048,False,-0.1292,False,False,False,False,0,No Significant Anomaly,No Significant Direction,72.6,82.6,False
S436,Compiler Design,F06,26.9,40.2,72.0,65.0,100,False,No_Anomaly,89.67,61.4,3.6,3.6,5.86,72.75,9.99,72.59,10.04,0.517,False,False,False,0.517,False,-0.0771,False,False,False,False,0,No Significant Anomaly,No Significant Direction,56.4,66.4,False
S436,Computer Networks,F03,26.9,40.2,72.0,52.9,100,False,No_Anomaly,89.67,61.4,-8.5,8.5,-13.84,73.88,11.06,72.72,10.8,-1.035,False,False,False,1.035,True,0.0187,False,False,True,False,1,No Significant Anomaly,No Significant Direction,56.4,66.4,False
S436,Machine Learning,F08,26.9,40.2,72.0,68.0,100,False,No_Anomaly,89.67,61.4,6.6,6.6,10.75,73.65,10.19,72.78,9.96,0.902,False,False,False,0.902,False,-0.0916,False,False,False,False,0,No Significant Anomaly,No Significant Direction,56.4,66.4,False
S436,Software Engineering,F06,26.9,40.2,72.0,61.7,100,False,No_Anomaly,89.67,61.4,0.3,0.3,0.49,72.75,9.99,72.8,10.07,0.093,False,False,False,0.093,False,-0.0964,False,False,False,False,0,No Significant Anomaly,No Significant Direction,56.4,66.4,False
S437,Compiler Design,F07,17.3,36.7,78.5,54.7,100,False,No_Anomaly,57.67,51.35,3.35,3.35,6.52,69.71,10.67,72.59,10.04,0.485,False,False,False,0.485,True,0.0069,False,False,True,False,1,No Significant Anomaly,No Significant Direction,46.4,56.4,False
S437,Computer Networks,F06,17.3,36.7,78.5,58.6,100,False,No_Anomaly,57.67,51.35,7.25,7.25,14.12,72.75,9.99,72.72,10.8,0.985,False,False,False,0.985,False,-0.0204,False,False,False,False,0,No Significant Anomaly,No Significant Direction,46.4,56.4,False
S437,Machine Learning,F01,17.3,36.7,78.5,57.5,100,False,No_Anomaly,57.67,51.35,6.15,6.15,11.98,73.7,9.66,72.78,9.96,0.844,False,False,False,0.844,False,-0.0446,False,False,False,False,0,No Significant Anomaly,No Significant Direction,46.4,56.4,False
S437,Software Engineering,F06,17.3,36.7,78.5,76.5,100,True,Severe_Overmarking,57.67,51.35,25.15,25.15,48.98,72.75,9.99,72.8,10.07,3.281,True,True,True,3.281,True,0.0533,True,True,True,True,4,Strong Review Recommended,Potential Over-marking,46.4,56.4,True
S438,Compiler Design,F07,23.6,79.7,75.2,66.4,100,False,No_Anomaly,78.67,78.49,-12.09,12.09,-15.4,69.71,10.67,72.59,10.04,-1.496,False,False,False,1.496,False,-0.0643,False,False,False,False,0,No Significant Anomaly,Potential Under-marking,73.5,83.5,False
S438,Computer Networks,F07,23.6,79.7,75.2,100.0,100,True,Severe_Overmarking,78.67,78.49,21.51,21.51,27.4,69.71,10.67,72.72,10.8,2.814,True,True,True,2.814,True,0.0429,True,True,True,True,4,Strong Review Recommended,Potential Over-marking,73.5,83.5,True
S438,Machine Learning,F08,23.6,79.7,75.2,57.4,100,True,Severe_Undermarking,78.67,78.49,-21.09,21.09,-26.87,73.65,10.19,72.78,9.96,-2.651,True,True,True,2.651,False,-0.024,True,True,False,True,3,Strong Review Recommended,Potential Under-marking,73.5,83.5,True
S438,Software Engineering,F01,23.6,79.7,75.2,79.3,100,False,No_Anomaly,78.67,78.49,0.81,0.81,1.03,73.7,9.66,72.8,10.07,0.159,False,False,False,0.159,False,-0.1636,False,False,False,False,0,No Significant Anomaly,No Significant Direction,73.5,83.5,False
S439,Compiler Design,F03,21.2,76.8,100.0,83.1,100,False,No_Anomaly,70.67,79.6,3.5,3.5,4.4,73.88,11.06,72.59,10.04,0.504,False,False,False,0.504,False,-0.0968,False,False,False,False,0,No Significant Anomaly,No Significant Direction,74.6,84.6,False
S439,Computer Networks,F03,21.2,76.8,100.0,85.6,100,False,No_Anomaly,70.67,79.6,6.0,6.0,7.54,73.88,11.06,72.72,10.8,0.825,False,False,False,0.825,False,-0.0542,False,False,False,False,0,No Significant Anomaly,No Significant Direction,74.6,84.6,False
S439,Machine Learning,F02,21.2,76.8,100.0,71.2,100,False,No_Anomaly,70.67,79.6,-8.4,8.4,-10.55,70.46,9.46,72.78,9.96,-1.023,False,False,False,1.023,False,-0.0868,False,False,False,False,0,No Significant Anomaly,No Significant Direction,74.6,84.6,False
S439,Software Engineering,F02,21.2,76.8,100.0,64.9,100,False,No_Anomaly,70.67,79.6,-14.7,14.7,-18.47,70.46,9.46,72.8,10.07,-1.831,False,False,False,1.831,False,-0.0285,False,False,False,False,0,No Significant Anomaly,Potential Under-marking,74.6,84.6,False
S440,Compiler Design,F06,26.8,74.5,67.1,74.0,100,False,No_Anomaly,89.33,77.47,-3.47,3.47,-4.48,72.75,9.99,72.59,10.04,-0.39,False,False,False,0.39,False,-0.1231,False,False,False,False,0,No Significant Anomaly,No Significant Direction,72.5,82.5,False
S440,Computer Networks,F04,26.8,74.5,67.1,70.3,100,False,No_Anomaly,89.33,77.47,-7.17,7.17,-9.26,73.24,9.91,72.72,10.8,-0.865,False,False,False,0.865,False,-0.1146,False,False,False,False,0,No Significant Anomaly,No Significant Direction,72.5,82.5,False
S440,Machine Learning,F08,26.8,74.5,67.1,85.7,100,False,No_Anomaly,89.33,77.47,8.23,8.23,10.62,73.65,10.19,72.78,9.96,1.111,False,False,False,1.111,False,-0.1103,False,False,False,False,0,No Significant Anomaly,No Significant Direction,72.5,82.5,False
S440,Software Engineering,F05,26.8,74.5,67.1,83.9,100,False,No_Anomaly,89.33,77.47,6.43,6.43,8.3,74.08,9.85,72.8,10.07,0.88,False,False,False,0.88,False,-0.1256,False,False,False,False,0,No Significant Anomaly,No Significant Direction,72.5,82.5,False
S441,Compiler Design,F07,21.9,60.9,76.4,72.2,100,False,No_Anomaly,73.0,67.63,4.57,4.57,6.76,69.71,10.67,72.59,10.04,0.641,False,False,False,0.641,False,-0.0959,False,False,False,False,0,No Significant Anomaly,No Significant Direction,62.6,72.6,False
S441,Computer Networks,F05,21.9,60.9,76.4,60.0,100,False,No_Anomaly,73.0,67.63,-7.63,7.63,-11.28,74.08,9.85,72.72,10.8,-0.924,False,False,False,0.924,False,-0.0973,False,False,False,False,0,No Significant Anomaly,No Significant Direction,62.6,72.6,False
S441,Machine Learning,F01,21.9,60.9,76.4,60.3,100,False,No_Anomaly,73.0,67.63,-7.33,7.33,-10.84,73.7,9.66,72.78,9.96,-0.885,False,False,False,0.885,False,-0.1367,False,False,False,False,0,No Significant Anomaly,No Significant Direction,62.6,72.6,False
S441,Software Engineering,F08,21.9,60.9,76.4,66.6,100,False,No_Anomaly,73.0,67.63,-1.03,1.03,-1.52,73.65,10.19,72.8,10.07,-0.077,False,False,False,0.077,False,-0.1609,False,False,False,False,0,No Significant Anomaly,No Significant Direction,62.6,72.6,False
S442,Compiler Design,F06,25.9,51.2,84.3,58.7,100,False,No_Anomaly,86.33,68.36,-9.66,9.66,-14.13,72.75,9.99,72.59,10.04,-1.184,False,False,False,1.184,False,-0.0738,False,False,False,False,0,No Significant Anomaly,No Significant Direction,63.4,73.4,False
S442,Computer Networks,F07,25.9,51.2,84.3,44.9,100,True,Severe_Undermarking,86.33,68.36,-23.46,23.46,-34.32,69.71,10.67,72.72,10.8,-2.955,True,True,True,2.955,True,0.0668,True,True,True,True,4,Strong Review Recommended,Potential Under-marking,63.4,73.4,True
S442,Machine Learning,F07,25.9,51.2,84.3,72.2,100,False,No_Anomaly,86.33,68.36,3.84,3.84,5.62,69.71,10.67,72.78,9.96,0.548,False,False,False,0.548,False,-0.088,False,False,False,False,0,No Significant Anomaly,No Significant Direction,63.4,73.4,False
S442,Software Engineering,F03,25.9,51.2,84.3,73.6,100,False,No_Anomaly,86.33,68.36,5.24,5.24,7.67,73.88,11.06,72.8,10.07,0.727,False,False,False,0.727,False,-0.0964,False,False,False,False,0,No Significant Anomaly,No Significant Direction,63.4,73.4,False
S443,Compiler Design,F03,21.5,73.5,66.1,73.8,100,False,No_Anomaly,71.67,71.47,2.33,2.33,3.26,73.88,11.06,72.59,10.04,0.354,False,False,False,0.354,False,-0.1126,False,False,False,False,0,No Significant Anomaly,No Significant Direction,66.5,76.5,False
S443,Computer Networks,F06,21.5,73.5,66.1,73.2,100,False,No_Anomaly,71.67,71.47,1.73,1.73,2.42,72.75,9.99,72.72,10.8,0.277,False,False,False,0.277,False,-0.1387,False,False,False,False,0,No Significant Anomaly,No Significant Direction,66.5,76.5,False
S443,Machine Learning,F05,21.5,73.5,66.1,66.3,100,False,No_Anomaly,71.67,71.47,-5.17,5.17,-7.23,74.08,9.85,72.78,9.96,-0.608,False,False,False,0.608,False,-0.1396,False,False,False,False,0,No Significant Anomaly,No Significant Direction,66.5,76.5,False
S443,Software Engineering,F08,21.5,73.5,66.1,69.7,100,False,No_Anomaly,71.67,71.47,-1.77,1.77,-2.48,73.65,10.19,72.8,10.07,-0.172,False,False,False,0.172,False,-0.1639,False,False,False,False,0,No Significant Anomaly,No Significant Direction,66.5,76.5,False
S444,Compiler Design,F06,17.7,78.9,63.2,70.0,100,False,No_Anomaly,59.0,69.79,0.21,0.21,0.3,72.75,9.99,72.59,10.04,0.082,False,False,False,0.082,False,-0.1118,False,False,False,False,0,No Significant Anomaly,No Significant Direction,64.8,74.8,False
S444,Computer Networks,F07,17.7,78.9,63.2,67.8,100,False,No_Anomaly,59.0,69.79,-1.99,1.99,-2.85,69.71,10.67,72.72,10.8,-0.2,False,False,False,0.2,False,-0.0631,False,False,False,False,0,No Significant Anomaly,No Significant Direction,64.8,74.8,False
S444,Machine Learning,F03,17.7,78.9,63.2,66.2,100,False,No_Anomaly,59.0,69.79,-3.59,3.59,-5.14,73.88,11.06,72.78,9.96,-0.406,False,False,False,0.406,False,-0.088,False,False,False,False,0,No Significant Anomaly,No Significant Direction,64.8,74.8,False
S444,Software Engineering,F03,17.7,78.9,63.2,69.3,100,False,No_Anomaly,59.0,69.79,-0.49,0.49,-0.7,73.88,11.06,72.8,10.07,-0.008,False,False,False,0.008,False,-0.1062,False,False,False,False,0,No Significant Anomaly,No Significant Direction,64.8,74.8,False
S445,Compiler Design,F01,23.6,80.5,84.7,78.8,100,False,No_Anomaly,78.67,80.79,-1.99,1.99,-2.46,73.7,9.66,72.59,10.04,-0.2,False,False,False,0.2,False,-0.1498,False,False,False,False,0,No Significant Anomaly,No Significant Direction,75.8,85.8,False
S445,Computer Networks,F04,23.6,80.5,84.7,80.5,100,False,No_Anomaly,78.67,80.79,-0.29,0.29,-0.36,73.24,9.91,72.72,10.8,0.018,False,False,False,0.018,False,-0.1387,False,False,False,False,0,No Significant Anomaly,No Significant Direction,75.8,85.8,False
S445,Machine Learning,F06,23.6,80.5,84.7,74.2,100,False,No_Anomaly,78.67,80.79,-6.59,6.59,-8.16,72.75,9.99,72.78,9.96,-0.79,False,False,False,0.79,False,-0.1467,False,False,False,False,0,No Significant Anomaly,No Significant Direction,75.8,85.8,False
S445,Software Engineering,F07,23.6,80.5,84.7,77.5,100,False,No_Anomaly,78.67,80.79,-3.29,3.29,-4.07,69.71,10.67,72.8,10.07,-0.367,False,False,False,0.367,False,-0.118,False,False,False,False,0,No Significant Anomaly,No Significant Direction,75.8,85.8,False
S446,Compiler Design,F08,24.6,92.3,86.7,83.5,100,False,No_Anomaly,82.0,88.09,-4.59,4.59,-5.21,73.65,10.19,72.59,10.04,-0.534,False,False,False,0.534,False,-0.0916,False,False,False,False,0,No Significant Anomaly,No Significant Direction,83.1,93.1,False
S446,Computer Networks,F04,24.6,92.3,86.7,83.2,100,False,No_Anomaly,82.0,88.09,-4.89,4.89,-5.55,73.24,9.91,72.72,10.8,-0.572,False,False,False,0.572,False,-0.0906,False,False,False,False,0,No Significant Anomaly,No Significant Direction,83.1,93.1,False
S446,Machine Learning,F07,24.6,92.3,86.7,81.3,100,False,No_Anomaly,82.0,88.09,-6.79,6.79,-7.71,69.71,10.67,72.78,9.96,-0.816,False,False,False,0.816,False,-0.0511,False,False,False,False,0,No Significant Anomaly,No Significant Direction,83.1,93.1,False
S446,Software Engineering,F02,24.6,92.3,86.7,90.9,100,False,No_Anomaly,82.0,88.09,2.81,2.81,3.19,70.46,9.46,72.8,10.07,0.415,False,False,False,0.415,False,-0.059,False,False,False,False,0,No Significant Anomaly,No Significant Direction,83.1,93.1,False
S447,Compiler Design,F04,18.8,98.0,79.9,100.0,100,True,Severe_Overmarking,62.67,83.78,16.22,16.22,19.36,73.24,9.91,72.59,10.04,2.136,False,True,True,2.136,False,-0.004,False,True,False,False,1,No Significant Anomaly,Potential Over-marking,78.8,88.8,False
S447,Computer Networks,F04,18.8,98.0,79.9,85.0,100,False,No_Anomaly,62.67,83.78,1.22,1.22,1.46,73.24,9.91,72.72,10.8,0.211,False,False,False,0.211,False,-0.0838,False,False,False,False,0,No Significant Anomaly,No Significant Direction,78.8,88.8,False
S447,Machine Learning,F05,18.8,98.0,79.9,90.0,100,False,No_Anomaly,62.67,83.78,6.22,6.22,7.42,74.08,9.85,72.78,9.96,0.853,False,False,False,0.853,False,-0.0679,False,False,False,False,0,No Significant Anomaly,No Significant Direction,78.8,88.8,False
S447,Software Engineering,F07,18.8,98.0,79.9,82.5,100,False,No_Anomaly,62.67,83.78,-1.28,1.28,-1.53,69.71,10.67,72.8,10.07,-0.109,False,False,False,0.109,False,-0.047,False,False,False,False,0,No Significant Anomaly,No Significant Direction,78.8,88.8,False
S448,Compiler Design,F05,19.9,75.1,86.4,72.6,100,False,No_Anomaly,66.33,74.73,-2.13,2.13,-2.85,74.08,9.85,72.59,10.04,-0.218,False,False,False,0.218,False,-0.1529,False,False,False,False,0,No Significant Anomaly,No Significant Direction,69.7,79.7,False
S448,Computer Networks,F05,19.9,75.1,86.4,77.9,100,False,No_Anomaly,66.33,74.73,3.17,3.17,4.24,74.08,9.85,72.72,10.8,0.462,False,False,False,0.462,False,-0.1442,False,False,False,False,0,No Significant Anomaly,No Significant Direction,69.7,79.7,False
S448,Machine Learning,F02,19.9,75.1,86.4,68.0,100,False,No_Anomaly,66.33,74.73,-6.73,6.73,-9.01,70.46,9.46,72.78,9.96,-0.808,False,False,False,0.808,False,-0.1205,False,False,False,False,0,No Significant Anomaly,No Significant Direction,69.7,79.7,False
S448,Software Engineering,F07,19.9,75.1,86.4,71.2,100,False,No_Anomaly,66.33,74.73,-3.53,3.53,-4.72,69.71,10.67,72.8,10.07,-0.398,False,False,False,0.398,False,-0.1216,False,False,False,False,0,No Significant Anomaly,No Significant Direction,69.7,79.7,False
S449,Compiler Design,F01,23.3,57.6,100.0,74.7,100,False,No_Anomaly,77.67,72.1,2.6,2.6,3.61,73.7,9.66,72.59,10.04,0.388,False,False,False,0.388,False,-0.1235,False,False,False,False,0,No Significant Anomaly,No Significant Direction,67.1,77.1,False
S449,Computer Networks,F04,23.3,57.6,100.0,77.7,100,False,No_Anomaly,77.67,72.1,5.6,5.6,7.77,73.24,9.91,72.72,10.8,0.773,False,False,False,0.773,False,-0.1121,False,False,False,False,0,No Significant Anomaly,No Significant Direction,67.1,77.1,False
S449,Machine Learning,F01,23.3,57.6,100.0,84.6,100,False,No_Anomaly,77.67,72.1,12.5,12.5,17.34,73.7,9.66,72.78,9.96,1.658,False,False,False,1.658,False,-0.0611,False,False,False,False,0,No Significant Anomaly,Potential Over-marking,67.1,77.1,False
S449,Software Engineering,F05,23.3,57.6,100.0,62.4,100,False,No_Anomaly,77.67,72.1,-9.7,9.7,-13.45,74.08,9.85,72.8,10.07,-1.189,False,False,False,1.189,False,-0.0773,False,False,False,False,0,No Significant Anomaly,No Significant Direction,67.1,77.1,False
S450,Compiler Design,F04,21.6,61.2,91.2,81.4,100,False,No_Anomaly,72.0,70.44,10.96,10.96,15.56,73.24,9.91,72.59,10.04,1.461,False,False,False,1.461,False,-0.0982,False,False,False,False,0,No Significant Anomaly,Potential Over-marking,65.4,75.4,False
S450,Computer Networks,F04,21.6,61.2,91.2,62.6,100,False,No_Anomaly,72.0,70.44,-7.84,7.84,-11.13,73.24,9.91,72.72,10.8,-0.951,False,False,False,0.951,False,-0.107,False,False,False,False,0,No Significant Anomaly,No Significant Direction,65.4,75.4,False
S450,Machine Learning,F01,21.6,61.2,91.2,76.5,100,False,No_Anomaly,72.0,70.44,6.06,6.06,8.6,73.7,9.66,72.78,9.96,0.832,False,False,False,0.832,False,-0.1463,False,False,False,False,0,No Significant Anomaly,No Significant Direction,65.4,75.4,False
S450,Software Engineering,F08,21.6,61.2,91.2,67.8,100,False,No_Anomaly,72.0,70.44,-2.64,2.64,-3.75,73.65,10.19,72.8,10.07,-0.284,False,False,False,0.284,False,-0.1627,False,False,False,False,0,No Significant Anomaly,No Significant Direction,65.4,75.4,False
S451,Compiler Design,F08,16.8,67.0,87.6,68.8,100,False,No_Anomaly,56.0,67.82,0.98,0.98,1.45,73.65,10.19,72.59,10.04,0.181,False,False,False,0.181,False,-0.1438,False,False,False,False,0,No Significant Anomaly,No Significant Direction,62.8,72.8,False
S451,Computer Networks,F07,16.8,67.0,87.6,59.7,100,False,No_Anomaly,56.0,67.82,-8.12,8.12,-11.97,69.71,10.67,72.72,10.8,-0.987,False,False,False,0.987,False,-0.0511,False,False,False,False,0,No Significant Anomaly,No Significant Direction,62.8,72.8,False
S451,Machine Learning,F04,16.8,67.0,87.6,72.6,100,False,No_Anomaly,56.0,67.82,4.78,4.78,7.05,73.24,9.91,72.78,9.96,0.668,False,False,False,0.668,False,-0.1543,False,False,False,False,0,No Significant Anomaly,No Significant Direction,62.8,72.8,False
S451,Software Engineering,F06,16.8,67.0,87.6,69.1,100,False,No_Anomaly,56.0,67.82,1.28,1.28,1.89,72.75,9.99,72.8,10.07,0.219,False,False,False,0.219,False,-0.1602,False,False,False,False,0,No Significant Anomaly,No Significant Direction,62.8,72.8,False
S452,Compiler Design,F08,23.9,74.2,100.0,79.0,100,False,No_Anomaly,79.67,81.0,-2.0,2.0,-2.47,73.65,10.19,72.59,10.04,-0.202,False,False,False,0.202,False,-0.1293,False,False,False,False,0,No Significant Anomaly,No Significant Direction,76.0,86.0,False
S452,Computer Networks,F02,23.9,74.2,100.0,76.8,100,False,No_Anomaly,79.67,81.0,-4.2,4.2,-5.19,70.46,9.46,72.72,10.8,-0.484,False,False,False,0.484,False,-0.0731,False,False,False,False,0,No Significant Anomaly,No Significant Direction,76.0,86.0,False
S452,Machine Learning,F03,23.9,74.2,100.0,78.5,100,False,No_Anomaly,79.67,81.0,-2.5,2.5,-3.09,73.88,11.06,72.78,9.96,-0.266,False,False,False,0.266,False,-0.1009,False,False,False,False,0,No Significant Anomaly,No Significant Direction,76.0,86.0,False
S452,Software Engineering,F02,23.9,74.2,100.0,86.0,100,False,No_Anomaly,79.67,81.0,5.0,5.0,6.17,70.46,9.46,72.8,10.07,0.696,False,False,False,0.696,False,-0.075,False,False,False,False,0,No Significant Anomaly,No Significant Direction,76.0,86.0,False
S453,Compiler Design,F08,20.4,65.5,76.9,77.6,100,False,No_Anomaly,68.0,68.53,9.07,9.07,13.24,73.65,10.19,72.59,10.04,1.218,False,False,False,1.218,False,-0.1221,False,False,False,False,0,No Significant Anomaly,No Significant Direction,63.5,73.5,False
S453,Computer Networks,F08,20.4,65.5,76.9,70.3,100,False,No_Anomaly,68.0,68.53,1.77,1.77,2.58,73.65,10.19,72.72,10.8,0.282,False,False,False,0.282,False,-0.1506,False,False,False,False,0,No Significant Anomaly,No Significant Direction,63.5,73.5,False
S453,Machine Learning,F06,20.4,65.5,76.9,61.4,100,False,No_Anomaly,68.0,68.53,-7.13,7.13,-10.4,72.75,9.99,72.78,9.96,-0.86,False,False,False,0.86,False,-0.141,False,False,False,False,0,No Significant Anomaly,No Significant Direction,63.5,73.5,False
S453,Software Engineering,F08,20.4,65.5,76.9,72.8,100,False,No_Anomaly,68.0,68.53,4.27,4.27,6.23,73.65,10.19,72.8,10.07,0.603,False,False,False,0.603,False,-0.1666,False,False,False,False,0,No Significant Anomaly,No Significant Direction,63.5,73.5,False
S454,Compiler Design,F07,25.7,67.0,78.2,64.4,100,False,No_Anomaly,85.67,74.84,-10.44,10.44,-13.95,69.71,10.67,72.59,10.04,-1.284,False,False,False,1.284,False,-0.07,False,False,False,False,0,No Significant Anomaly,Potential Under-marking,69.8,79.8,False
S454,Computer Networks,F08,25.7,67.0,78.2,71.1,100,False,No_Anomaly,85.67,74.84,-3.74,3.74,-5.0,73.65,10.19,72.72,10.8,-0.425,False,False,False,0.425,False,-0.1436,False,False,False,False,0,No Significant Anomaly,No Significant Direction,69.8,79.8,False
S454,Machine Learning,F07,25.7,67.0,78.2,75.0,100,False,No_Anomaly,85.67,74.84,0.16,0.16,0.21,69.71,10.67,72.78,9.96,0.075,False,False,False,0.075,False,-0.1118,False,False,False,False,0,No Significant Anomaly,No Significant Direction,69.8,79.8,False
S454,Software Engineering,F02,25.7,67.0,78.2,71.4,100,False,No_Anomaly,85.67,74.84,-3.44,3.44,-4.6,70.46,9.46,72.8,10.07,-0.386,False,False,False,0.386,False,-0.1336,False,False,False,False,0,No Significant Anomaly,No Significant Direction,69.8,79.8,False
S455,Compiler Design,F08,20.5,49.2,90.6,62.1,100,False,No_Anomaly,68.33,63.22,-1.12,1.12,-1.77,73.65,10.19,72.59,10.04,-0.089,False,False,False,0.089,False,-0.1069,False,False,False,False,0,No Significant Anomaly,No Significant Direction,58.2,68.2,False
S455,Computer Networks,F07,20.5,49.2,90.6,64.4,100,False,No_Anomaly,68.33,63.22,1.18,1.18,1.87,69.71,10.67,72.72,10.8,0.206,False,False,False,0.206,False,-0.0517,False,False,False,False,0,No Significant Anomaly,No Significant Direction,58.2,68.2,False
S455,Machine Learning,F08,20.5,49.2,90.6,62.1,100,False,No_Anomaly,68.33,63.22,-1.12,1.12,-1.77,73.65,10.19,72.78,9.96,-0.089,False,False,False,0.089,False,-0.1187,False,False,False,False,0,No Significant Anomaly,No Significant Direction,58.2,68.2,False
S455,Software Engineering,F02,20.5,49.2,90.6,54.1,100,False,No_Anomaly,68.33,63.22,-9.12,9.12,-14.43,70.46,9.46,72.8,10.07,-1.115,False,False,False,1.115,False,-0.0469,False,False,False,False,0,No Significant Anomaly,No Significant Direction,58.2,68.2,False
S456,Compiler Design,F02,27.3,74.5,70.7,72.1,100,False,No_Anomaly,91.0,78.69,-6.59,6.59,-8.37,70.46,9.46,72.59,10.04,-0.79,False,False,False,0.79,False,-0.0873,False,False,False,False,0,No Significant Anomaly,No Significant Direction,73.7,83.7,False
S456,Computer Networks,F05,27.3,74.5,70.7,82.6,100,False,No_Anomaly,91.0,78.69,3.91,3.91,4.97,74.08,9.85,72.72,10.8,0.556,False,False,False,0.556,False,-0.1159,False,False,False,False,0,No Significant Anomaly,No Significant Direction,73.7,83.7,False
S456,Machine Learning,F08,27.3,74.5,70.7,85.5,100,False,No_Anomaly,91.0,78.69,6.81,6.81,8.65,73.65,10.19,72.78,9.96,0.929,False,False,False,0.929,False,-0.1205,False,False,False,False,0,No Significant Anomaly,No Significant Direction,73.7,83.7,False
S456,Software Engineering,F05,27.3,74.5,70.7,83.7,100,False,No_Anomaly,91.0,78.69,5.01,5.01,6.37,74.08,9.85,72.8,10.07,0.698,False,False,False,0.698,False,-0.1323,False,False,False,False,0,No Significant Anomaly,No Significant Direction,73.7,83.7,False
S457,Compiler Design,F03,15.9,84.9,91.6,71.7,100,False,No_Anomaly,53.0,76.67,-4.97,4.97,-6.48,73.88,11.06,72.59,10.04,-0.583,False,False,False,0.583,False,-0.0777,False,False,False,False,0,No Significant Anomaly,No Significant Direction,71.7,81.7,False
S457,Computer Networks,F04,15.9,84.9,91.6,77.6,100,False,No_Anomaly,53.0,76.67,0.93,0.93,1.21,73.24,9.91,72.72,10.8,0.174,False,False,False,0.174,False,-0.1217,False,False,False,False,0,No Significant Anomaly,No Significant Direction,71.7,81.7,False
S457,Machine Learning,F01,15.9,84.9,91.6,78.4,100,False,No_Anomaly,53.0,76.67,1.73,1.73,2.26,73.7,9.66,72.78,9.96,0.277,False,False,False,0.277,False,-0.131,False,False,False,False,0,No Significant Anomaly,No Significant Direction,71.7,81.7,False
S457,Software Engineering,F03,15.9,84.9,91.6,79.3,100,False,No_Anomaly,53.0,76.67,2.63,2.63,3.43,73.88,11.06,72.8,10.07,0.392,False,False,False,0.392,False,-0.105,False,False,False,False,0,No Significant Anomaly,No Significant Direction,71.7,81.7,False
S458,Compiler Design,F03,15.6,79.9,86.0,80.4,100,False,No_Anomaly,52.0,72.75,7.65,7.65,10.52,73.88,11.06,72.59,10.04,1.036,False,False,False,1.036,False,-0.0783,False,False,False,False,0,No Significant Anomaly,No Significant Direction,67.8,77.8,False
S458,Computer Networks,F01,15.6,79.9,86.0,62.0,100,False,No_Anomaly,52.0,72.75,-10.75,10.75,-14.78,73.7,9.66,72.72,10.8,-1.324,False,False,False,1.324,False,-0.0607,False,False,False,False,0,No Significant Anomaly,Potential Under-marking,67.8,77.8,False
S458,Machine Learning,F08,15.6,79.9,86.0,75.7,100,False,No_Anomaly,52.0,72.75,2.95,2.95,4.05,73.65,10.19,72.78,9.96,0.433,False,False,False,0.433,False,-0.1482,False,False,False,False,0,No Significant Anomaly,No Significant Direction,67.8,77.8,False
S458,Software Engineering,F07,15.6,79.9,86.0,73.1,100,False,No_Anomaly,52.0,72.75,0.35,0.35,0.48,69.71,10.67,72.8,10.07,0.1,False,False,False,0.1,False,-0.1008,False,False,False,False,0,No Significant Anomaly,No Significant Direction,67.8,77.8,False
S459,Compiler Design,F07,24.2,69.7,85.6,76.0,100,False,No_Anomaly,80.67,76.17,-0.17,0.17,-0.22,69.71,10.67,72.59,10.04,0.033,False,False,False,0.033,False,-0.0984,False,False,False,False,0,No Significant Anomaly,No Significant Direction,71.2,81.2,False
S459,Computer Networks,F02,24.2,69.7,85.6,82.1,100,False,No_Anomaly,80.67,76.17,5.93,5.93,7.79,70.46,9.46,72.72,10.8,0.816,False,False,False,0.816,False,-0.0824,False,False,False,False,0,No Significant Anomaly,No Significant Direction,71.2,81.2,False
S459,Machine Learning,F03,24.2,69.7,85.6,79.0,100,False,No_Anomaly,80.67,76.17,2.83,2.83,3.72,73.88,11.06,72.78,9.96,0.418,False,False,False,0.418,False,-0.1311,False,False,False,False,0,No Significant Anomaly,No Significant Direction,71.2,81.2,False
S459,Software Engineering,F08,24.2,69.7,85.6,76.9,100,False,No_Anomaly,80.67,76.17,0.73,0.73,0.96,73.65,10.19,72.8,10.07,0.149,False,False,False,0.149,False,-0.1734,False,False,False,False,0,No Significant Anomaly,No Significant Direction,71.2,81.2,False
S460,Compiler Design,F04,27.9,72.1,84.9,73.8,100,False,No_Anomaly,93.0,80.93,-7.13,7.13,-8.81,73.24,9.91,72.59,10.04,-0.86,False,False,False,0.86,False,-0.132,False,False,False,False,0,No Significant Anomaly,No Significant Direction,75.9,85.9,False
S460,Computer Networks,F05,27.9,72.1,84.9,100.0,100,True,Severe_Overmarking,93.0,80.93,19.07,19.07,23.56,74.08,9.85,72.72,10.8,2.501,True,True,True,2.501,True,0.0056,True,True,True,False,3,Strong Review Recommended,Potential Over-marking,75.9,85.9,True
S460,Machine Learning,F02,27.9,72.1,84.9,78.7,100,False,No_Anomaly,93.0,80.93,-2.23,2.23,-2.76,70.46,9.46,72.78,9.96,-0.231,False,False,False,0.231,False,-0.1061,False,False,False,False,0,No Significant Anomaly,No Significant Direction,75.9,85.9,False
S460,Software Engineering,F02,27.9,72.1,84.9,72.7,100,False,No_Anomaly,93.0,80.93,-8.23,8.23,-10.17,70.46,9.46,72.8,10.07,-1.001,False,False,False,1.001,False,-0.1003,False,False,False,False,0,No Significant Anomaly,No Significant Direction,75.9,85.9,False
S461,Compiler Design,F07,20.7,84.7,53.3,68.5,100,False,No_Anomaly,69.0,73.71,-5.21,5.21,-7.07,69.71,10.67,72.59,10.04,-0.613,False,False,False,0.613,False,-0.0406,False,False,False,False,0,No Significant Anomaly,No Significant Direction,68.7,78.7,False
S461,Computer Networks,F07,20.7,84.7,53.3,39.3,100,True,Severe_Undermarking,69.0,73.71,-34.41,34.41,-46.68,69.71,10.67,72.72,10.8,-4.359,True,True,True,4.359,True,0.1185,True,True,True,True,4,Strong Review Recommended,Potential Under-marking,68.7,78.7,True
S461,Machine Learning,F06,20.7,84.7,53.3,74.9,100,False,No_Anomaly,69.0,73.71,1.19,1.19,1.61,72.75,9.99,72.78,9.96,0.208,False,False,False,0.208,False,-0.1175,False,False,False,False,0,No Significant Anomaly,No Significant Direction,68.7,78.7,False
S461,Software Engineering,F03,20.7,84.7,53.3,65.9,100,False,No_Anomaly,69.0,73.71,-7.81,7.81,-10.6,73.88,11.06,72.8,10.07,-0.947,False,False,False,0.947,False,-0.0562,False,False,False,False,0,No Significant Anomaly,No Significant Direction,68.7,78.7,False
S462,Compiler Design,F06,22.4,68.0,64.5,71.7,100,False,No_Anomaly,74.67,69.3,2.4,2.4,3.46,72.75,9.99,72.59,10.04,0.363,False,False,False,0.363,False,-0.1257,False,False,False,False,0,No Significant Anomaly,No Significant Direction,64.3,74.3,False
S462,Computer Networks,F08,22.4,68.0,64.5,78.9,100,False,No_Anomaly,74.67,69.3,9.6,9.6,13.85,73.65,10.19,72.72,10.8,1.286,False,False,False,1.286,False,-0.0881,False,False,False,False,0,No Significant Anomaly,No Significant Direction,64.3,74.3,False
S462,Machine Learning,F03,22.4,68.0,64.5,75.3,100,False,No_Anomaly,74.67,69.3,6.0,6.0,8.66,73.88,11.06,72.78,9.96,0.825,False,False,False,0.825,False,-0.1021,False,False,False,False,0,No Significant Anomaly,No Significant Direction,64.3,74.3,False
S462,Software Engineering,F07,22.4,68.0,64.5,68.5,100,False,No_Anomaly,74.67,69.3,-0.8,0.8,-1.15,69.71,10.67,72.8,10.07,-0.048,False,False,False,0.048,False,-0.101,False,False,False,False,0,No Significant Anomaly,No Significant Direction,64.3,74.3,False
S463,Compiler Design,F02,23.3,85.0,71.1,74.9,100,False,No_Anomaly,77.67,80.02,-5.12,5.12,-6.4,70.46,9.46,72.59,10.04,-0.602,False,False,False,0.602,False,-0.0936,False,False,False,False,0,No Significant Anomaly,No Significant Direction,75.0,85.0,False
S463,Computer Networks,F08,23.3,85.0,71.1,82.8,100,False,No_Anomaly,77.67,80.02,2.78,2.78,3.47,73.65,10.19,72.72,10.8,0.412,False,False,False,0.412,False,-0.1228,False,False,False,False,0,No Significant Anomaly,No Significant Direction,75.0,85.0,False
S463,Machine Learning,F01,23.3,85.0,71.1,79.7,100,False,No_Anomaly,77.67,80.02,-0.32,0.32,-0.4,73.7,9.66,72.78,9.96,0.014,False,False,False,0.014,False,-0.1398,False,False,False,False,0,No Significant Anomaly,No Significant Direction,75.0,85.0,False
S463,Software Engineering,F02,23.3,85.0,71.1,85.3,100,False,No_Anomaly,77.67,80.02,5.28,5.28,6.6,70.46,9.46,72.8,10.07,0.732,False,False,False,0.732,False,-0.0835,False,False,False,False,0,No Significant Anomaly,No Significant Direction,75.0,85.0,False
S464,Compiler Design,F01,27.9,59.0,75.3,74.5,100,False,No_Anomaly,93.0,72.46,2.04,2.04,2.82,73.7,9.66,72.59,10.04,0.317,False,False,False,0.317,False,-0.134,False,False,False,False,0,No Significant Anomaly,No Significant Direction,67.5,77.5,False
S464,Computer Networks,F05,27.9,59.0,75.3,59.7,100,False,No_Anomaly,93.0,72.46,-12.76,12.76,-17.61,74.08,9.85,72.72,10.8,-1.582,False,False,False,1.582,False,-0.0414,False,False,False,False,0,No Significant Anomaly,Potential Under-marking,67.5,77.5,False
S464,Machine Learning,F03,27.9,59.0,75.3,63.1,100,False,No_Anomaly,93.0,72.46,-9.36,9.36,-12.92,73.88,11.06,72.78,9.96,-1.146,False,False,False,1.146,False,-0.0687,False,False,False,False,0,No Significant Anomaly,No Significant Direction,67.5,77.5,False
S464,Software Engineering,F08,27.9,59.0,75.3,75.8,100,False,No_Anomaly,93.0,72.46,3.34,3.34,4.61,73.65,10.19,72.8,10.07,0.483,False,False,False,0.483,False,-0.1488,False,False,False,False,0,No Significant Anomaly,No Significant Direction,67.5,77.5,False
S465,Compiler Design,F06,14.5,63.5,86.6,70.6,100,False,No_Anomaly,48.33,63.57,7.03,7.03,11.06,72.75,9.99,72.59,10.04,0.957,False,False,False,0.957,False,-0.1012,False,False,False,False,0,No Significant Anomaly,No Significant Direction,58.6,68.6,False
S465,Computer Networks,F02,14.5,63.5,86.6,62.0,100,False,No_Anomaly,48.33,63.57,-1.57,1.57,-2.47,70.46,9.46,72.72,10.8,-0.146,False,False,False,0.146,False,-0.0695,False,False,False,False,0,No Significant Anomaly,No Significant Direction,58.6,68.6,False
S465,Machine Learning,F02,14.5,63.5,86.6,68.8,100,False,No_Anomaly,48.33,63.57,5.23,5.23,8.23,70.46,9.46,72.78,9.96,0.726,False,False,False,0.726,False,-0.0879,False,False,False,False,0,No Significant Anomaly,No Significant Direction,58.6,68.6,False
S465,Software Engineering,F07,14.5,63.5,86.6,59.1,100,False,No_Anomaly,48.33,63.57,-4.47,4.47,-7.03,69.71,10.67,72.8,10.07,-0.519,False,False,False,0.519,False,-0.07,False,False,False,False,0,No Significant Anomaly,No Significant Direction,58.6,68.6,False
S466,Compiler Design,F03,21.3,92.3,88.0,83.9,100,False,No_Anomaly,71.0,85.05,-1.15,1.15,-1.35,73.88,11.06,72.59,10.04,-0.093,False,False,False,0.093,False,-0.0918,False,False,False,False,0,No Significant Anomaly,No Significant Direction,80.0,90.0,False
S466,Computer Networks,F08,21.3,92.3,88.0,78.5,100,False,No_Anomaly,71.0,85.05,-6.55,6.55,-7.7,73.65,10.19,72.72,10.8,-0.785,False,False,False,0.785,False,-0.0851,False,False,False,False,0,No Significant Anomaly,No Significant Direction,80.0,90.0,False
S466,Machine Learning,F05,21.3,92.3,88.0,93.3,100,False,No_Anomaly,71.0,85.05,8.25,8.25,9.7,74.08,9.85,72.78,9.96,1.113,False,False,False,1.113,False,-0.0688,False,False,False,False,0,No Significant Anomaly,No Significant Direction,80.0,90.0,False
S466,Software Engineering,F08,21.3,92.3,88.0,97.8,100,False,No_Anomaly,71.0,85.05,12.75,12.75,14.99,73.65,10.19,72.8,10.07,1.691,False,False,False,1.691,False,-0.0466,False,False,False,False,0,No Significant Anomaly,Potential Over-marking,80.0,90.0,False
S467,Compiler Design,F02,26.7,76.9,67.9,81.2,100,False,No_Anomaly,89.0,78.73,2.47,2.47,3.14,70.46,9.46,72.59,10.04,0.372,False,False,False,0.372,False,-0.0783,False,False,False,False,0,No Significant Anomaly,No Significant Direction,73.7,83.7,False
S467,Computer Networks,F03,26.7,76.9,67.9,83.6,100,False,No_Anomaly,89.0,78.73,4.87,4.87,6.19,73.88,11.06,72.72,10.8,0.68,False,False,False,0.68,False,-0.0738,False,False,False,False,0,No Significant Anomaly,No Significant Direction,73.7,83.7,False
S467,Machine Learning,F07,26.7,76.9,67.9,69.4,100,False,No_Anomaly,89.0,78.73,-9.33,9.33,-11.85,69.71,10.67,72.78,9.96,-1.142,False,False,False,1.142,False,-0.066,False,False,False,False,0,No Significant Anomaly,No Significant Direction,73.7,83.7,False
S467,Software Engineering,F04,26.7,76.9,67.9,80.7,100,False,No_Anomaly,89.0,78.73,1.97,1.97,2.5,73.24,9.91,72.8,10.07,0.308,False,False,False,0.308,False,-0.149,False,False,False,False,0,No Significant Anomaly,No Significant Direction,73.7,83.7,False
S468,Compiler Design,F08,20.0,66.1,80.0,64.2,100,False,No_Anomaly,66.67,69.05,-4.85,4.85,-7.02,73.65,10.19,72.59,10.04,-0.567,False,False,False,0.567,False,-0.1374,False,False,False,False,0,No Significant Anomaly,No Significant Direction,64.0,74.0,False
S468,Computer Networks,F01,20.0,66.1,80.0,68.9,100,False,No_Anomaly,66.67,69.05,-0.15,0.15,-0.22,73.7,9.66,72.72,10.8,0.036,False,False,False,0.036,False,-0.1411,False,False,False,False,0,No Significant Anomaly,No Significant Direction,64.0,74.0,False
S468,Machine Learning,F06,20.0,66.1,80.0,65.2,100,False,No_Anomaly,66.67,69.05,-3.85,3.85,-5.58,72.75,9.99,72.78,9.96,-0.439,False,False,False,0.439,False,-0.1606,False,False,False,False,0,No Significant Anomaly,No Significant Direction,64.0,74.0,False
S468,Software Engineering,F06,20.0,66.1,80.0,60.7,100,False,No_Anomaly,66.67,69.05,-8.35,8.35,-12.09,72.75,9.99,72.8,10.07,-1.016,False,False,False,1.016,False,-0.1336,False,False,False,False,0,No Significant Anomaly,No Significant Direction,64.0,74.0,False
S469,Compiler Design,F08,23.0,63.0,88.9,75.6,100,False,No_Anomaly,76.67,72.28,3.32,3.32,4.59,73.65,10.19,72.59,10.04,0.481,False,False,False,0.481,False,-0.1549,False,False,False,False,0,No Significant Anomaly,No Significant Direction,67.3,77.3,False
S469,Computer Networks,F06,23.0,63.0,88.9,70.3,100,False,No_Anomaly,76.67,72.28,-1.98,1.98,-2.74,72.75,9.99,72.72,10.8,-0.199,False,False,False,0.199,False,-0.1424,False,False,False,False,0,No Significant Anomaly,No Significant Direction,67.3,77.3,False
S469,Machine Learning,F04,23.0,63.0,88.9,65.2,100,False,No_Anomaly,76.67,72.28,-7.08,7.08,-9.8,73.24,9.91,72.78,9.96,-0.853,False,False,False,0.853,False,-0.1518,False,False,False,False,0,No Significant Anomaly,No Significant Direction,67.3,77.3,False
S469,Software Engineering,F02,23.0,63.0,88.9,50.3,100,True,Severe_Undermarking,76.67,72.28,-21.98,21.98,-30.41,70.46,9.46,72.8,10.07,-2.765,True,True,True,2.765,False,-0.0008,True,True,False,True,3,Strong Review Recommended,Potential Under-marking,67.3,77.3,True
S470,Compiler Design,F06,24.1,77.8,81.9,76.8,100,False,No_Anomaly,80.33,79.38,-2.58,2.58,-3.25,72.75,9.99,72.59,10.04,-0.276,False,False,False,0.276,False,-0.1476,False,False,False,False,0,No Significant Anomaly,No Significant Direction,74.4,84.4,False
S470,Computer Networks,F07,24.1,77.8,81.9,80.8,100,False,No_Anomaly,80.33,79.38,1.42,1.42,1.79,69.71,10.67,72.72,10.8,0.237,False,False,False,0.237,False,-0.0897,False,False,False,False,0,No Significant Anomaly,No Significant Direction,74.4,84.4,False
S470,Machine Learning,F05,24.1,77.8,81.9,86.6,100,False,No_Anomaly,80.33,79.38,7.22,7.22,9.1,74.08,9.85,72.78,9.96,0.981,False,False,False,0.981,False,-0.1276,False,False,False,False,0,No Significant Anomaly,No Significant Direction,74.4,84.4,False
S470,Software Engineering,F06,24.1,77.8,81.9,82.2,100,False,No_Anomaly,80.33,79.38,2.82,2.82,3.55,72.75,9.99,72.8,10.07,0.417,False,False,False,0.417,False,-0.1582,False,False,False,False,0,No Significant Anomaly,No Significant Direction,74.4,84.4,False
S471,Compiler Design,F02,15.7,65.0,100.0,65.7,100,False,No_Anomaly,52.33,68.2,-2.5,2.5,-3.67,70.46,9.46,72.59,10.04,-0.266,False,False,False,0.266,False,-0.0642,False,False,False,False,0,No Significant Anomaly,No Significant Direction,63.2,73.2,False
S471,Computer Networks,F04,15.7,65.0,100.0,71.6,100,False,No_Anomaly,52.33,68.2,3.4,3.4,4.99,73.24,9.91,72.72,10.8,0.491,False,False,False,0.491,False,-0.1072,False,False,False,False,0,No Significant Anomaly,No Significant Direction,63.2,73.2,False
S471,Machine Learning,F05,15.7,65.0,100.0,74.1,100,False,No_Anomaly,52.33,68.2,5.9,5.9,8.65,74.08,9.85,72.78,9.96,0.812,False,False,False,0.812,False,-0.1179,False,False,False,False,0,No Significant Anomaly,No Significant Direction,63.2,73.2,False
S471,Software Engineering,F06,15.7,65.0,100.0,72.9,100,False,No_Anomaly,52.33,68.2,4.7,4.7,6.89,72.75,9.99,72.8,10.07,0.658,False,False,False,0.658,False,-0.1199,False,False,False,False,0,No Significant Anomaly,No Significant Direction,63.2,73.2,False
S472,Compiler Design,F05,18.6,85.1,95.7,81.0,100,False,No_Anomaly,62.0,80.29,0.71,0.71,0.88,74.08,9.85,72.59,10.04,0.146,False,False,False,0.146,False,-0.1155,False,False,False,False,0,No Significant Anomaly,No Significant Direction,75.3,85.3,False
S472,Computer Networks,F05,18.6,85.1,95.7,80.2,100,False,No_Anomaly,62.0,80.29,-0.09,0.09,-0.11,74.08,9.85,72.72,10.8,0.043,False,False,False,0.043,False,-0.1043,False,False,False,False,0,No Significant Anomaly,No Significant Direction,75.3,85.3,False
S472,Machine Learning,F02,18.6,85.1,95.7,74.1,100,False,No_Anomaly,62.0,80.29,-6.19,6.19,-7.71,70.46,9.46,72.78,9.96,-0.739,False,False,False,0.739,False,-0.0856,False,False,False,False,0,No Significant Anomaly,No Significant Direction,75.3,85.3,False
S472,Software Engineering,F04,18.6,85.1,95.7,81.5,100,False,No_Anomaly,62.0,80.29,1.21,1.21,1.51,73.24,9.91,72.8,10.07,0.21,False,False,False,0.21,False,-0.1367,False,False,False,False,0,No Significant Anomaly,No Significant Direction,75.3,85.3,False
S473,Compiler Design,F01,25.9,96.8,92.0,89.8,100,False,No_Anomaly,86.33,92.7,-2.9,2.9,-3.13,73.7,9.66,72.59,10.04,-0.317,False,False,False,0.317,False,-0.0502,False,False,False,False,0,No Significant Anomaly,No Significant Direction,87.7,97.7,False
S473,Computer Networks,F03,25.9,96.8,92.0,87.8,100,False,No_Anomaly,86.33,92.7,-4.9,4.9,-5.29,73.88,11.06,72.72,10.8,-0.574,False,False,False,0.574,False,-0.0075,False,False,False,False,0,No Significant Anomaly,No Significant Direction,87.7,97.7,False
S473,Machine Learning,F04,25.9,96.8,92.0,90.2,100,False,No_Anomaly,86.33,92.7,-2.5,2.5,-2.7,73.24,9.91,72.78,9.96,-0.266,False,False,False,0.266,False,-0.0632,False,False,False,False,0,No Significant Anomaly,No Significant Direction,87.7,97.7,False
S473,Software Engineering,F02,25.9,96.8,92.0,87.2,100,False,No_Anomaly,86.33,92.7,-5.5,5.5,-5.93,70.46,9.46,72.8,10.07,-0.651,False,False,False,0.651,False,-0.0337,False,False,False,False,0,No Significant Anomaly,No Significant Direction,87.7,97.7,False
S474,Compiler Design,F03,21.2,70.3,79.8,69.3,100,False,No_Anomaly,70.67,72.31,-3.01,3.01,-4.16,73.88,11.06,72.59,10.04,-0.331,False,False,False,0.331,False,-0.1315,False,False,False,False,0,No Significant Anomaly,No Significant Direction,67.3,77.3,False
S474,Computer Networks,F07,21.2,70.3,79.8,69.1,100,False,No_Anomaly,70.67,72.31,-3.21,3.21,-4.44,69.71,10.67,72.72,10.8,-0.357,False,False,False,0.357,False,-0.1054,False,False,False,False,0,No Significant Anomaly,No Significant Direction,67.3,77.3,False
S474,Machine Learning,F06,21.2,70.3,79.8,74.9,100,False,No_Anomaly,70.67,72.31,2.59,2.59,3.58,72.75,9.99,72.78,9.96,0.387,False,False,False,0.387,False,-0.1763,False,False,False,False,0,No Significant Anomaly,No Significant Direction,67.3,77.3,False
S474,Software Engineering,F01,21.2,70.3,79.8,81.3,100,False,No_Anomaly,70.67,72.31,8.99,8.99,12.43,73.7,9.66,72.8,10.07,1.208,False,False,False,1.208,False,-0.1439,False,False,False,False,0,No Significant Anomaly,No Significant Direction,67.3,77.3,False
S475,Compiler Design,F07,22.7,74.7,96.0,67.5,100,False,No_Anomaly,75.67,79.25,-11.75,11.75,-14.83,69.71,10.67,72.59,10.04,-1.452,False,False,False,1.452,False,-0.0465,False,False,False,False,0,No Significant Anomaly,Potential Under-marking,74.2,84.2,False
S475,Computer Networks,F06,22.7,74.7,96.0,72.5,100,False,No_Anomaly,75.67,79.25,-6.75,6.75,-8.52,72.75,9.99,72.72,10.8,-0.811,False,False,False,0.811,False,-0.1073,False,False,False,False,0,No Significant Anomaly,No Significant Direction,74.2,84.2,False
S475,Machine Learning,F06,22.7,74.7,96.0,83.8,100,False,No_Anomaly,75.67,79.25,4.55,4.55,5.74,72.75,9.99,72.78,9.96,0.639,False,False,False,0.639,False,-0.1324,False,False,False,False,0,No Significant Anomaly,No Significant Direction,74.2,84.2,False
S475,Software Engineering,F06,22.7,74.7,96.0,78.0,100,False,No_Anomaly,75.67,79.25,-1.25,1.25,-1.58,72.75,9.99,72.8,10.07,-0.105,False,False,False,0.105,False,-0.1488,False,False,False,False,0,No Significant Anomaly,No Significant Direction,74.2,84.2,False
S476,Compiler Design,F05,25.7,59.1,90.2,76.1,100,False,No_Anomaly,85.67,73.29,2.81,2.81,3.83,74.08,9.85,72.59,10.04,0.415,False,False,False,0.415,False,-0.1406,False,False,False,False,0,No Significant Anomaly,No Significant Direction,68.3,78.3,False
S476,Computer Networks,F02,25.7,59.1,90.2,73.9,100,False,No_Anomaly,85.67,73.29,0.61,0.61,0.83,70.46,9.46,72.72,10.8,0.133,False,False,False,0.133,False,-0.0855,False,False,False,False,0,No Significant Anomaly,No Significant Direction,68.3,78.3,False
S476,Machine Learning,F08,25.7,59.1,90.2,69.5,100,False,No_Anomaly,85.67,73.29,-3.79,3.79,-5.17,73.65,10.19,72.78,9.96,-0.431,False,False,False,0.431,False,-0.1425,False,False,False,False,0,No Significant Anomaly,No Significant Direction,68.3,78.3,False
S476,Software Engineering,F02,25.7,59.1,90.2,74.3,100,False,No_Anomaly,85.67,73.29,1.01,1.01,1.38,70.46,9.46,72.8,10.07,0.184,False,False,False,0.184,False,-0.1165,False,False,False,False,0,No Significant Anomaly,No Significant Direction,68.3,78.3,False
S477,Compiler Design,F05,20.9,77.9,89.5,47.2,100,True,Severe_Undermarking,69.67,77.75,-30.55,30.55,-39.29,74.08,9.85,72.59,10.04,-3.864,True,True,True,3.864,True,0.0358,True,True,True,True,4,Strong Review Recommended,Potential Under-marking,72.8,82.8,True
S477,Computer Networks,F03,20.9,77.9,89.5,80.9,100,False,No_Anomaly,69.67,77.75,3.15,3.15,4.05,73.88,11.06,72.72,10.8,0.459,False,False,False,0.459,False,-0.1024,False,False,False,False,0,No Significant Anomaly,No Significant Direction,72.8,82.8,False
S477,Machine Learning,F03,20.9,77.9,89.5,73.4,100,False,No_Anomaly,69.67,77.75,-4.35,4.35,-5.59,73.88,11.06,72.78,9.96,-0.503,False,False,False,0.503,False,-0.1188,False,False,False,False,0,No Significant Anomaly,No Significant Direction,72.8,82.8,False
S477,Software Engineering,F08,20.9,77.9,89.5,77.6,100,False,No_Anomaly,69.67,77.75,-0.15,0.15,-0.19,73.65,10.19,72.8,10.07,0.036,False,False,False,0.036,False,-0.156,False,False,False,False,0,No Significant Anomaly,No Significant Direction,72.8,82.8,False
S478,Compiler Design,F08,15.5,58.9,73.3,60.1,100,False,No_Anomaly,51.67,59.61,0.49,0.49,0.82,73.65,10.19,72.59,10.04,0.118,False,False,False,0.118,False,-0.096,False,False,False,False,0,No Significant Anomaly,No Significant Direction,54.6,64.6,False
S478,Computer Networks,F07,15.5,58.9,73.3,52.1,100,False,No_Anomaly,51.67,59.61,-7.51,7.51,-12.6,69.71,10.67,72.72,10.8,-0.908,False,False,False,0.908,True,0.0034,False,False,True,False,1,No Significant Anomaly,No Significant Direction,54.6,64.6,False
S478,Machine Learning,F04,15.5,58.9,73.3,62.3,100,False,No_Anomaly,51.67,59.61,2.69,2.69,4.51,73.24,9.91,72.78,9.96,0.4,False,False,False,0.4,False,-0.119,False,False,False,False,0,No Significant Anomaly,No Significant Direction,54.6,64.6,False
S478,Software Engineering,F07,15.5,58.9,73.3,63.7,100,False,No_Anomaly,51.67,59.61,4.09,4.09,6.86,69.71,10.67,72.8,10.07,0.58,False,False,False,0.58,False,-0.0617,False,False,False,False,0,No Significant Anomaly,No Significant Direction,54.6,64.6,False
S479,Compiler Design,F01,20.2,72.8,81.2,74.4,100,False,No_Anomaly,67.33,72.84,1.56,1.56,2.14,73.7,9.66,72.59,10.04,0.255,False,False,False,0.255,False,-0.1626,False,False,False,False,0,No Significant Anomaly,No Significant Direction,67.8,77.8,False
S479,Computer Networks,F08,20.2,72.8,81.2,74.4,100,False,No_Anomaly,67.33,72.84,1.56,1.56,2.14,73.65,10.19,72.72,10.8,0.255,False,False,False,0.255,False,-0.1569,False,False,False,False,0,No Significant Anomaly,No Significant Direction,67.8,77.8,False
S479,Machine Learning,F03,20.2,72.8,81.2,71.1,100,False,No_Anomaly,67.33,72.84,-1.74,1.74,-2.39,73.88,11.06,72.78,9.96,-0.168,False,False,False,0.168,False,-0.1429,False,False,False,False,0,No Significant Anomaly,No Significant Direction,67.8,77.8,False
S479,Software Engineering,F08,20.2,72.8,81.2,73.8,100,False,No_Anomaly,67.33,72.84,0.96,0.96,1.32,73.65,10.19,72.8,10.07,0.178,False,False,False,0.178,False,-0.1788,False,False,False,False,0,No Significant Anomaly,No Significant Direction,67.8,77.8,False
S480,Compiler Design,F03,26.5,35.0,69.5,65.9,100,False,No_Anomaly,88.33,57.9,8.0,8.0,13.82,73.88,11.06,72.59,10.04,1.081,False,False,False,1.081,False,-0.0135,False,False,False,False,0,No Significant Anomaly,No Significant Direction,52.9,62.9,False
S480,Computer Networks,F05,26.5,35.0,69.5,35.0,100,True,Severe_Undermarking,88.33,57.9,-22.9,22.9,-39.55,74.08,9.85,72.72,10.8,-2.883,True,True,True,2.883,True,0.0845,True,True,True,True,4,Strong Review Recommended,Potential Under-marking,52.9,62.9,True
S480,Machine Learning,F01,26.5,35.0,69.5,65.6,100,False,No_Anomaly,88.33,57.9,7.7,7.7,13.3,73.7,9.66,72.78,9.96,1.043,False,False,False,1.043,False,-0.0588,False,False,False,False,0,No Significant Anomaly,No Significant Direction,52.9,62.9,False
S480,Software Engineering,F07,26.5,35.0,69.5,59.0,100,False,No_Anomaly,88.33,57.9,1.1,1.1,1.9,69.71,10.67,72.8,10.07,0.196,False,False,False,0.196,False,-0.0265,False,False,False,False,0,No Significant Anomaly,No Significant Direction,52.9,62.9,False
S481,Compiler Design,F08,16.4,62.0,85.6,64.0,100,False,No_Anomaly,54.67,64.52,-0.52,0.52,-0.81,73.65,10.19,72.59,10.04,-0.012,False,False,False,0.012,False,-0.1239,False,False,False,False,0,No Significant Anomaly,No Significant Direction,59.5,69.5,False
S481,Computer Networks,F05,16.4,62.0,85.6,72.5,100,False,No_Anomaly,54.67,64.52,7.98,7.98,12.37,74.08,9.85,72.72,10.8,1.079,False,False,False,1.079,False,-0.0943,False,False,False,False,0,No Significant Anomaly,No Significant Direction,59.5,69.5,False
S481,Machine Learning,F07,16.4,62.0,85.6,61.9,100,False,No_Anomaly,54.67,64.52,-2.62,2.62,-4.06,69.71,10.67,72.78,9.96,-0.281,False,False,False,0.281,False,-0.085,False,False,False,False,0,No Significant Anomaly,No Significant Direction,59.5,69.5,False
S481,Software Engineering,F01,16.4,62.0,85.6,64.8,100,False,No_Anomaly,54.67,64.52,0.28,0.28,0.43,73.7,9.66,72.8,10.07,0.091,False,False,False,0.091,False,-0.1443,False,False,False,False,0,No Significant Anomaly,No Significant Direction,59.5,69.5,False
S482,Compiler Design,F03,23.2,87.3,80.6,76.0,100,False,No_Anomaly,77.33,82.97,-6.97,6.97,-8.4,73.88,11.06,72.59,10.04,-0.839,False,False,False,0.839,False,-0.09,False,False,False,False,0,No Significant Anomaly,No Significant Direction,78.0,88.0,False
S482,Computer Networks,F01,23.2,87.3,80.6,86.9,100,False,No_Anomaly,77.33,82.97,3.93,3.93,4.74,73.7,9.66,72.72,10.8,0.559,False,False,False,0.559,False,-0.1037,False,False,False,False,0,No Significant Anomaly,No Significant Direction,78.0,88.0,False
S482,Machine Learning,F08,23.2,87.3,80.6,100.0,100,True,Severe_Overmarking,77.33,82.97,17.03,17.03,20.53,73.65,10.19,72.78,9.96,2.24,False,True,True,2.24,False,-0.035,False,True,False,False,1,No Significant Anomaly,Potential Over-marking,78.0,88.0,False
S482,Software Engineering,F03,23.2,87.3,80.6,84.7,100,False,No_Anomaly,77.33,82.97,1.73,1.73,2.09,73.88,11.06,72.8,10.07,0.277,False,False,False,0.277,False,-0.1118,False,False,False,False,0,No Significant Anomaly,No Significant Direction,78.0,88.0,False
S483,Compiler Design,F01,20.8,97.9,97.2,96.0,100,False,No_Anomaly,69.33,89.19,6.81,6.81,7.64,73.7,9.66,72.59,10.04,0.929,False,False,False,0.929,False,-0.0259,False,False,False,False,0,No Significant Anomaly,No Significant Direction,84.2,94.2,False
S483,Computer Networks,F05,20.8,97.9,97.2,86.1,100,False,No_Anomaly,69.33,89.19,-3.09,3.09,-3.46,74.08,9.85,72.72,10.8,-0.341,False,False,False,0.341,False,-0.0425,False,False,False,False,0,No Significant Anomaly,No Significant Direction,84.2,94.2,False
S483,Machine Learning,F07,20.8,97.9,97.2,84.4,100,False,No_Anomaly,69.33,89.19,-4.79,4.79,-5.37,69.71,10.67,72.78,9.96,-0.56,False,False,False,0.56,False,-0.0197,False,False,False,False,0,No Significant Anomaly,No Significant Direction,84.2,94.2,False
S483,Software Engineering,F01,20.8,97.9,97.2,87.7,100,False,No_Anomaly,69.33,89.19,-1.49,1.49,-1.67,73.7,9.66,72.8,10.07,-0.136,False,False,False,0.136,False,-0.0599,False,False,False,False,0,No Significant Anomaly,No Significant Direction,84.2,94.2,False
S484,Compiler Design,F01,24.0,62.9,78.7,84.0,100,False,No_Anomaly,80.0,71.19,12.81,12.81,17.99,73.7,9.66,72.59,10.04,1.698,False,False,False,1.698,False,-0.0867,False,False,False,False,0,No Significant Anomaly,Potential Over-marking,66.2,76.2,False
S484,Computer Networks,F07,24.0,62.9,78.7,64.4,100,False,No_Anomaly,80.0,71.19,-6.79,6.79,-9.54,69.71,10.67,72.72,10.8,-0.816,False,False,False,0.816,False,-0.0815,False,False,False,False,0,No Significant Anomaly,No Significant Direction,66.2,76.2,False
S484,Machine Learning,F01,24.0,62.9,78.7,73.3,100,False,No_Anomaly,80.0,71.19,2.11,2.11,2.96,73.7,9.66,72.78,9.96,0.326,False,False,False,0.326,False,-0.1701,False,False,False,False,0,No Significant Anomaly,No Significant Direction,66.2,76.2,False
S484,Software Engineering,F06,24.0,62.9,78.7,71.6,100,False,No_Anomaly,80.0,71.19,0.41,0.41,0.58,72.75,9.99,72.8,10.07,0.108,False,False,False,0.108,False,-0.1653,False,False,False,False,0,No Significant Anomaly,No Significant Direction,66.2,76.2,False
S485,Compiler Design,F08,27.9,68.7,78.0,70.5,100,False,No_Anomaly,93.0,77.85,-7.35,7.35,-9.44,73.65,10.19,72.59,10.04,-0.888,False,False,False,0.888,False,-0.1302,False,False,False,False,0,No Significant Anomaly,No Significant Direction,72.8,82.8,False
S485,Computer Networks,F01,27.9,68.7,78.0,70.6,100,False,No_Anomaly,93.0,77.85,-7.25,7.25,-9.31,73.7,9.66,72.72,10.8,-0.875,False,False,False,0.875,False,-0.1166,False,False,False,False,0,No Significant Anomaly,No Significant Direction,72.8,82.8,False
S485,Machine Learning,F05,27.9,68.7,78.0,85.0,100,False,No_Anomaly,93.0,77.85,7.15,7.15,9.18,74.08,9.85,72.78,9.96,0.972,False,False,False,0.972,False,-0.1285,False,False,False,False,0,No Significant Anomaly,No Significant Direction,72.8,82.8,False
S485,Software Engineering,F06,27.9,68.7,78.0,69.0,100,False,No_Anomaly,93.0,77.85,-8.85,8.85,-11.37,72.75,9.99,72.8,10.07,-1.08,False,False,False,1.08,False,-0.1255,False,False,False,False,0,No Significant Anomaly,No Significant Direction,72.8,82.8,False
S486,Compiler Design,F02,22.4,68.6,100.0,70.5,100,False,No_Anomaly,74.67,76.7,-6.2,6.2,-8.08,70.46,9.46,72.59,10.04,-0.74,False,False,False,0.74,False,-0.0787,False,False,False,False,0,No Significant Anomaly,No Significant Direction,71.7,81.7,False
S486,Computer Networks,F02,22.4,68.6,100.0,61.7,100,False,No_Anomaly,74.67,76.7,-15.0,15.0,-19.56,70.46,9.46,72.72,10.8,-1.869,False,False,False,1.869,False,-0.005,False,False,False,False,0,No Significant Anomaly,Potential Under-marking,71.7,81.7,False
S486,Machine Learning,F07,22.4,68.6,100.0,67.9,100,False,No_Anomaly,74.67,76.7,-8.8,8.8,-11.47,69.71,10.67,72.78,9.96,-1.074,False,False,False,1.074,False,-0.0775,False,False,False,False,0,No Significant Anomaly,No Significant Direction,71.7,81.7,False
S486,Software Engineering,F02,22.4,68.6,100.0,72.7,100,False,No_Anomaly,74.67,76.7,-4.0,4.0,-5.22,70.46,9.46,72.8,10.07,-0.458,False,False,False,0.458,False,-0.1118,False,False,False,False,0,No Significant Anomaly,No Significant Direction,71.7,81.7,False
S487,Compiler Design,F03,25.9,91.4,85.6,92.3,100,False,No_Anomaly,86.33,88.72,3.58,3.58,4.04,73.88,11.06,72.59,10.04,0.514,False,False,False,0.514,False,-0.0446,False,False,False,False,0,No Significant Anomaly,No Significant Direction,83.7,93.7,False
S487,Computer Networks,F06,25.9,91.4,85.6,100.0,100,True,Severe_Overmarking,86.33,88.72,11.28,11.28,12.71,72.75,9.99,72.72,10.8,1.502,False,False,False,1.502,False,-0.0146,False,False,False,False,0,No Significant Anomaly,Potential Over-marking,83.7,93.7,False
S487,Machine Learning,F03,25.9,91.4,85.6,84.7,100,False,No_Anomaly,86.33,88.72,-4.02,4.02,-4.53,73.88,11.06,72.78,9.96,-0.461,False,False,False,0.461,False,-0.0589,False,False,False,False,0,No Significant Anomaly,No Significant Direction,83.7,93.7,False
S487,Software Engineering,F03,25.9,91.4,85.6,97.5,100,False,No_Anomaly,86.33,88.72,8.78,8.78,9.9,73.88,11.06,72.8,10.07,1.181,False,False,False,1.181,False,-0.0208,False,False,False,False,0,No Significant Anomaly,No Significant Direction,83.7,93.7,False
S488,Compiler Design,F06,23.8,61.3,73.5,76.1,100,False,No_Anomaly,79.33,69.15,6.95,6.95,10.05,72.75,9.99,72.59,10.04,0.946,False,False,False,0.946,False,-0.1291,False,False,False,False,0,No Significant Anomaly,No Significant Direction,64.2,74.2,False
S488,Computer Networks,F08,23.8,61.3,73.5,71.3,100,False,No_Anomaly,79.33,69.15,2.15,2.15,3.11,73.65,10.19,72.72,10.8,0.331,False,False,False,0.331,False,-0.1448,False,False,False,False,0,No Significant Anomaly,No Significant Direction,64.2,74.2,False
S488,Machine Learning,F05,23.8,61.3,73.5,78.3,100,False,No_Anomaly,79.33,69.15,9.15,9.15,13.23,74.08,9.85,72.78,9.96,1.229,False,False,False,1.229,False,-0.125,False,False,False,False,0,No Significant Anomaly,No Significant Direction,64.2,74.2,False
S488,Software Engineering,F08,23.8,61.3,73.5,64.1,100,False,No_Anomaly,79.33,69.15,-5.05,5.05,-7.3,73.65,10.19,72.8,10.07,-0.593,False,False,False,0.593,False,-0.1498,False,False,False,False,0,No Significant Anomaly,No Significant Direction,64.2,74.2,False
S489,Compiler Design,F08,16.9,81.9,82.4,78.3,100,False,No_Anomaly,56.33,74.33,3.97,3.97,5.34,73.65,10.19,72.59,10.04,0.564,False,False,False,0.564,False,-0.134,False,False,False,False,0,No Significant Anomaly,No Significant Direction,69.3,79.3,False
S489,Computer Networks,F03,16.9,81.9,82.4,73.6,100,False,No_Anomaly,56.33,74.33,-0.73,0.73,-0.98,73.88,11.06,72.72,10.8,-0.039,False,False,False,0.039,False,-0.0973,False,False,False,False,0,No Significant Anomaly,No Significant Direction,69.3,79.3,False
S489,Machine Learning,F06,16.9,81.9,82.4,70.8,100,False,No_Anomaly,56.33,74.33,-3.53,3.53,-4.75,72.75,9.99,72.78,9.96,-0.398,False,False,False,0.398,False,-0.1434,False,False,False,False,0,No Significant Anomaly,No Significant Direction,69.3,79.3,False
S489,Software Engineering,F02,16.9,81.9,82.4,64.2,100,False,No_Anomaly,56.33,74.33,-10.13,10.13,-13.63,70.46,9.46,72.8,10.07,-1.245,False,False,False,1.245,False,-0.0718,False,False,False,False,0,No Significant Anomaly,Potential Under-marking,69.3,79.3,False
S490,Compiler Design,F02,14.9,53.7,67.7,55.0,100,False,No_Anomaly,49.67,55.29,-0.29,0.29,-0.52,70.46,9.46,72.59,10.04,0.018,False,False,False,0.018,False,-0.0096,False,False,False,False,0,No Significant Anomaly,No Significant Direction,50.3,60.3,False
S490,Computer Networks,F07,14.9,53.7,67.7,56.7,100,False,No_Anomaly,49.67,55.29,1.41,1.41,2.55,69.71,10.67,72.72,10.8,0.236,False,False,False,0.236,False,-0.0049,False,False,False,False,0,No Significant Anomaly,No Significant Direction,50.3,60.3,False
S490,Machine Learning,F06,14.9,53.7,67.7,61.0,100,False,No_Anomaly,49.67,55.29,5.71,5.71,10.33,72.75,9.99,72.78,9.96,0.787,False,False,False,0.787,False,-0.0636,False,False,False,False,0,No Significant Anomaly,No Significant Direction,50.3,60.3,False
S490,Software Engineering,F07,14.9,53.7,67.7,52.5,100,False,No_Anomaly,49.67,55.29,-2.79,2.79,-5.05,69.71,10.67,72.8,10.07,-0.303,False,False,False,0.303,False,-0.0202,False,False,False,False,0,No Significant Anomaly,No Significant Direction,50.3,60.3,False
S491,Compiler Design,F01,21.9,71.3,93.3,77.1,100,False,No_Anomaly,73.0,76.21,0.89,0.89,1.17,73.7,9.66,72.59,10.04,0.169,False,False,False,0.169,False,-0.1476,False,False,False,False,0,No Significant Anomaly,No Significant Direction,71.2,81.2,False
S491,Computer Networks,F04,21.9,71.3,93.3,83.7,100,False,No_Anomaly,73.0,76.21,7.49,7.49,9.83,73.24,9.91,72.72,10.8,1.016,False,False,False,1.016,False,-0.1123,False,False,False,False,0,No Significant Anomaly,No Significant Direction,71.2,81.2,False
S491,Machine Learning,F01,21.9,71.3,93.3,76.7,100,False,No_Anomaly,73.0,76.21,0.49,0.49,0.64,73.7,9.66,72.78,9.96,0.118,False,False,False,0.118,False,-0.1584,False,False,False,False,0,No Significant Anomaly,No Significant Direction,71.2,81.2,False
S491,Software Engineering,F02,21.9,71.3,93.3,78.5,100,False,No_Anomaly,73.0,76.21,2.29,2.29,3.0,70.46,9.46,72.8,10.07,0.349,False,False,False,0.349,False,-0.1258,False,False,False,False,0,No Significant Anomaly,No Significant Direction,71.2,81.2,False
S492,Compiler Design,F06,21.3,42.9,80.1,64.5,100,False,No_Anomaly,71.0,58.77,5.73,5.73,9.75,72.75,9.99,72.59,10.04,0.79,False,False,False,0.79,False,-0.0822,False,False,False,False,0,No Significant Anomaly,No Significant Direction,53.8,63.8,False
S492,Computer Networks,F06,21.3,42.9,80.1,68.5,100,False,No_Anomaly,71.0,58.77,9.73,9.73,16.56,72.75,9.99,72.72,10.8,1.303,False,False,False,1.303,False,-0.0511,False,False,False,False,0,No Significant Anomaly,No Significant Direction,53.8,63.8,False
S492,Machine Learning,F01,21.3,42.9,80.1,64.1,100,False,No_Anomaly,71.0,58.77,5.33,5.33,9.07,73.7,9.66,72.78,9.96,0.739,False,False,False,0.739,False,-0.097,False,False,False,False,0,No Significant Anomaly,No Significant Direction,53.8,63.8,False
S492,Software Engineering,F04,21.3,42.9,80.1,68.1,100,False,No_Anomaly,71.0,58.77,9.33,9.33,15.88,73.24,9.91,72.8,10.07,1.252,False,False,False,1.252,False,-0.0877,False,False,False,False,0,No Significant Anomaly,No Significant Direction,53.8,63.8,False
S493,Compiler Design,F03,20.4,95.2,67.4,82.4,100,False,No_Anomaly,68.0,81.48,0.92,0.92,1.13,73.88,11.06,72.59,10.04,0.173,False,False,False,0.173,False,-0.085,False,False,False,False,0,No Significant Anomaly,No Significant Direction,76.5,86.5,False
S493,Computer Networks,F03,20.4,95.2,67.4,85.3,100,False,No_Anomaly,68.0,81.48,3.82,3.82,4.69,73.88,11.06,72.72,10.8,0.545,False,False,False,0.545,False,-0.0551,False,False,False,False,0,No Significant Anomaly,No Significant Direction,76.5,86.5,False
S493,Machine Learning,F01,20.4,95.2,67.4,74.8,100,False,No_Anomaly,68.0,81.48,-6.68,6.68,-8.2,73.7,9.66,72.78,9.96,-0.802,False,False,False,0.802,False,-0.1011,False,False,False,False,0,No Significant Anomaly,No Significant Direction,76.5,86.5,False
S493,Software Engineering,F04,20.4,95.2,67.4,77.0,100,False,No_Anomaly,68.0,81.48,-4.48,4.48,-5.5,73.24,9.91,72.8,10.07,-0.52,False,False,False,0.52,False,-0.1202,False,False,False,False,0,No Significant Anomaly,No Significant Direction,76.5,86.5,False
S494,Compiler Design,F02,24.3,90.5,86.5,91.0,100,False,No_Anomaly,81.0,86.85,4.15,4.15,4.78,70.46,9.46,72.59,10.04,0.587,False,False,False,0.587,False,-0.0369,False,False,False,False,0,No Significant Anomaly,No Significant Direction,81.8,91.8,False
S494,Computer Networks,F03,24.3,90.5,86.5,88.7,100,False,No_Anomaly,81.0,86.85,1.85,1.85,2.13,73.88,11.06,72.72,10.8,0.292,False,False,False,0.292,False,-0.0568,False,False,False,False,0,No Significant Anomaly,No Significant Direction,81.8,91.8,False
S494,Machine Learning,F06,24.3,90.5,86.5,81.8,100,False,No_Anomaly,81.0,86.85,-5.05,5.05,-5.81,72.75,9.99,72.78,9.96,-0.593,False,False,False,0.593,False,-0.1113,False,False,False,False,0,No Significant Anomaly,No Significant Direction,81.8,91.8,False
S494,Software Engineering,F04,24.3,90.5,86.5,94.7,100,False,No_Anomaly,81.0,86.85,7.85,7.85,9.04,73.24,9.91,72.8,10.07,1.062,False,False,False,1.062,False,-0.0864,False,False,False,False,0,No Significant Anomaly,No Significant Direction,81.8,91.8,False
S495,Compiler Design,F01,25.1,71.4,85.3,75.3,100,False,No_Anomaly,83.67,77.86,-2.56,2.56,-3.29,73.7,9.66,72.59,10.04,-0.273,False,False,False,0.273,False,-0.1531,False,False,False,False,0,No Significant Anomaly,No Significant Direction,72.9,82.9,False
S495,Computer Networks,F02,25.1,71.4,85.3,76.4,100,False,No_Anomaly,83.67,77.86,-1.46,1.46,-1.88,70.46,9.46,72.72,10.8,-0.132,False,False,False,0.132,False,-0.1026,False,False,False,False,0,No Significant Anomaly,No Significant Direction,72.9,82.9,False
S495,Machine Learning,F05,25.1,71.4,85.3,78.0,100,False,No_Anomaly,83.67,77.86,0.14,0.14,0.18,74.08,9.85,72.78,9.96,0.073,False,False,False,0.073,False,-0.1521,False,False,False,False,0,No Significant Anomaly,No Significant Direction,72.9,82.9,False
S495,Software Engineering,F05,25.1,71.4,85.3,89.6,100,False,No_Anomaly,83.67,77.86,11.74,11.74,15.08,74.08,9.85,72.8,10.07,1.561,False,False,False,1.561,False,-0.1005,False,False,False,False,0,No Significant Anomaly,Potential Over-marking,72.9,82.9,False
S496,Compiler Design,F02,16.5,60.3,90.8,35.3,100,True,Severe_Undermarking,55.0,64.81,-29.51,29.51,-45.53,70.46,9.46,72.59,10.04,-3.731,True,True,True,3.731,True,0.0879,True,True,True,True,4,Strong Review Recommended,Potential Under-marking,59.8,69.8,True
S496,Computer Networks,F04,16.5,60.3,90.8,74.1,100,False,No_Anomaly,55.0,64.81,9.29,9.29,14.33,73.24,9.91,72.72,10.8,1.247,False,False,False,1.247,False,-0.0883,False,False,False,False,0,No Significant Anomaly,No Significant Direction,59.8,69.8,False
S496,Machine Learning,F04,16.5,60.3,90.8,63.5,100,False,No_Anomaly,55.0,64.81,-1.31,1.31,-2.02,73.24,9.91,72.78,9.96,-0.113,False,False,False,0.113,False,-0.1417,False,False,False,False,0,No Significant Anomaly,No Significant Direction,59.8,69.8,False
S496,Software Engineering,F03,16.5,60.3,90.8,65.6,100,False,No_Anomaly,55.0,64.81,0.79,0.79,1.22,73.88,11.06,72.8,10.07,0.156,False,False,False,0.156,False,-0.1061,False,False,False,False,0,No Significant Anomaly,No Significant Direction,59.8,69.8,False
S497,Compiler Design,F03,19.5,73.9,83.8,72.7,100,False,No_Anomaly,65.0,73.21,-0.51,0.51,-0.7,73.88,11.06,72.59,10.04,-0.011,False,False,False,0.011,False,-0.1314,False,False,False,False,0,No Significant Anomaly,No Significant Direction,68.2,78.2,False
S497,Computer Networks,F01,19.5,73.9,83.8,69.9,100,False,No_Anomaly,65.0,73.21,-3.31,3.31,-4.52,73.7,9.66,72.72,10.8,-0.37,False,False,False,0.37,False,-0.1507,False,False,False,False,0,No Significant Anomaly,No Significant Direction,68.2,78.2,False
S497,Machine Learning,F04,19.5,73.9,83.8,66.1,100,False,No_Anomaly,65.0,73.21,-7.11,7.11,-9.71,73.24,9.91,72.78,9.96,-0.857,False,False,False,0.857,False,-0.1541,False,False,False,False,0,No Significant Anomaly,No Significant Direction,68.2,78.2,False
S497,Software Engineering,F04,19.5,73.9,83.8,69.9,100,False,No_Anomaly,65.0,73.21,-3.31,3.31,-4.52,73.24,9.91,72.8,10.07,-0.37,False,False,False,0.37,False,-0.1757,False,False,False,False,0,No Significant Anomaly,No Significant Direction,68.2,78.2,False
S498,Compiler Design,F01,17.7,69.7,75.8,72.4,100,False,No_Anomaly,59.0,67.71,4.69,4.69,6.93,73.7,9.66,72.59,10.04,0.657,False,False,False,0.657,False,-0.1389,False,False,False,False,0,No Significant Anomaly,No Significant Direction,62.7,72.7,False
S498,Computer Networks,F02,17.7,69.7,75.8,78.6,100,False,No_Anomaly,59.0,67.71,10.89,10.89,16.08,70.46,9.46,72.72,10.8,1.452,False,False,False,1.452,False,-0.0407,False,False,False,False,0,No Significant Anomaly,Potential Over-marking,62.7,72.7,False
S498,Machine Learning,F01,17.7,69.7,75.8,75.7,100,False,No_Anomaly,59.0,67.71,7.99,7.99,11.8,73.7,9.66,72.78,9.96,1.08,False,False,False,1.08,False,-0.13,False,False,False,False,0,No Significant Anomaly,No Significant Direction,62.7,72.7,False
S498,Software Engineering,F03,17.7,69.7,75.8,69.9,100,False,No_Anomaly,59.0,67.71,2.19,2.19,3.23,73.88,11.06,72.8,10.07,0.336,False,False,False,0.336,False,-0.125,False,False,False,False,0,No Significant Anomaly,No Significant Direction,62.7,72.7,False
S499,Compiler Design,F07,23.3,65.8,71.0,64.6,100,False,No_Anomaly,77.67,70.4,-5.8,5.8,-8.24,69.71,10.67,72.59,10.04,-0.689,False,False,False,0.689,False,-0.0928,False,False,False,False,0,No Significant Anomaly,No Significant Direction,65.4,75.4,False
S499,Computer Networks,F02,23.3,65.8,71.0,64.6,100,False,No_Anomaly,77.67,70.4,-5.8,5.8,-8.24,70.46,9.46,72.72,10.8,-0.689,False,False,False,0.689,False,-0.0857,False,False,False,False,0,No Significant Anomaly,No Significant Direction,65.4,75.4,False
S499,Machine Learning,F06,23.3,65.8,71.0,77.9,100,False,No_Anomaly,77.67,70.4,7.5,7.5,10.65,72.75,9.99,72.78,9.96,1.017,False,False,False,1.017,False,-0.1403,False,False,False,False,0,No Significant Anomaly,No Significant Direction,65.4,75.4,False
S499,Software Engineering,F05,23.3,65.8,71.0,74.5,100,False,No_Anomaly,77.67,70.4,4.1,4.1,5.82,74.08,9.85,72.8,10.07,0.581,False,False,False,0.581,False,-0.1561,False,False,False,False,0,No Significant Anomaly,No Significant Direction,65.4,75.4,False
S500,Compiler Design,F02,17.3,56.2,89.1,60.0,100,False,No_Anomaly,57.67,63.22,-3.22,3.22,-5.09,70.46,9.46,72.59,10.04,-0.358,False,False,False,0.358,False,-0.0634,False,False,False,False,0,No Significant Anomaly,No Significant Direction,58.2,68.2,False
S500,Computer Networks,F03,17.3,56.2,89.1,61.4,100,False,No_Anomaly,57.67,63.22,-1.82,1.82,-2.88,73.88,11.06,72.72,10.8,-0.179,False,False,False,0.179,False,-0.0622,False,False,False,False,0,No Significant Anomaly,No Significant Direction,58.2,68.2,False
S500,Machine Learning,F02,17.3,56.2,89.1,61.2,100,False,No_Anomaly,57.67,63.22,-2.02,2.02,-3.2,70.46,9.46,72.78,9.96,-0.204,False,False,False,0.204,False,-0.0856,False,False,False,False,0,No Significant Anomaly,No Significant Direction,58.2,68.2,False
S500,Software Engineering,F06,17.3,56.2,89.1,63.2,100,False,No_Anomaly,57.67,63.22,-0.02,0.02,-0.03,72.75,9.99,72.8,10.07,0.052,False,False,False,0.052,False,-0.124,False,False,False,False,0,No Significant Anomaly,No Significant Direction,58.2,68.2,False
