Student_ID,Subject,Faculty_ID,Internal_Marks,Previous_Score,Attendance,Given_Marks,Max_Marks,Injected_Anomaly,Anomaly_Type,Internal_Percentage,Expected_Marks,Deviation,Absolute_Deviation,Deviation_Percentage,Faculty_Mean,Faculty_Std,Subject_Mean,Subject_Std
S001,Compiler Design,F08,25.0,73.7,71.6,78.6,100,False,No_Anomaly,83.33,76.17,2.43,2.43,3.19,73.65,10.19,72.59,10.04
S001,Computer Networks,F07,25.0,73.7,71.6,74.6,100,False,No_Anomaly,83.33,76.17,-1.57,1.57,-2.06,69.71,10.67,72.72,10.8
S001,Machine Learning,F04,25.0,73.7,71.6,80.4,100,False,No_Anomaly,83.33,76.17,4.23,4.23,5.55,73.24,9.91,72.78,9.96
S001,Software Engineering,F07,25.0,73.7,71.6,77.2,100,False,No_Anomaly,83.33,76.17,1.03,1.03,1.35,69.71,10.67,72.8,10.07
S002,Compiler Design,F04,16.8,81.3,62.5,68.0,100,False,No_Anomaly,56.0,69.95,-1.95,1.95,-2.79,73.24,9.91,72.59,10.04
S002,Computer Networks,F02,16.8,81.3,62.5,58.2,100,False,No_Anomaly,56.0,69.95,-11.75,11.75,-16.8,70.46,9.46,72.72,10.8
S002,Machine Learning,F08,16.8,81.3,62.5,67.7,100,False,No_Anomaly,56.0,69.95,-2.25,2.25,-3.22,73.65,10.19,72.78,9.96
S002,Software Engineering,F05,16.8,81.3,62.5,98.4,100,True,Severe_Overmarking,56.0,69.95,28.45,28.45,40.67,74.08,9.85,72.8,10.07
S003,Compiler Design,F07,21.9,71.5,78.8,64.2,100,False,No_Anomaly,73.0,73.41,-9.21,9.21,-12.55,69.71,10.67,72.59,10.04
S003,Computer Networks,F06,21.9,71.5,78.8,70.0,100,False,No_Anomaly,73.0,73.41,-3.41,3.41,-4.65,72.75,9.99,72.72,10.8
S003,Machine Learning,F04,21.9,71.5,78.8,74.2,100,False,No_Anomaly,73.0,73.41,0.79,0.79,1.08,73.24,9.91,72.78,9.96
S003,Software Engineering,F01,21.9,71.5,78.8,75.0,100,False,No_Anomaly,73.0,73.41,1.59,1.59,2.17,73.7,9.66,72.8,10.07
S004,Compiler Design,F05,25.1,59.8,90.8,71.5,100,False,No_Anomaly,83.67,73.16,-1.66,1.66,-2.27,74.08,9.85,72.59,10.04
S004,Computer Networks,F08,25.1,59.8,90.8,76.4,100,False,No_Anomaly,83.67,73.16,3.24,3.24,4.43,73.65,10.19,72.72,10.8
S004,Machine Learning,F08,25.1,59.8,90.8,73.9,100,False,No_Anomaly,83.67,73.16,0.74,0.74,1.01,73.65,10.19,72.78,9.96
S004,Software Engineering,F01,25.1,59.8,90.8,68.8,100,False,No_Anomaly,83.67,73.16,-4.36,4.36,-5.96,73.7,9.66,72.8,10.07
S005,Compiler Design,F02,23.9,70.8,93.3,69.1,100,False,No_Anomaly,79.67,77.96,-8.86,8.86,-11.36,70.46,9.46,72.59,10.04
S005,Computer Networks,F07,23.9,70.8,93.3,68.0,100,False,No_Anomaly,79.67,77.96,-9.96,9.96,-12.78,69.71,10.67,72.72,10.8
S005,Machine Learning,F07,23.9,70.8,93.3,74.4,100,False,No_Anomaly,79.67,77.96,-3.56,3.56,-4.57,69.71,10.67,72.78,9.96
S005,Software Engineering,F01,23.9,70.8,93.3,76.3,100,False,No_Anomaly,79.67,77.96,-1.66,1.66,-2.13,73.7,9.66,72.8,10.07
S006,Compiler Design,F02,18.2,59.7,85.7,70.4,100,False,No_Anomaly,60.67,65.19,5.21,5.21,7.99,70.46,9.46,72.59,10.04
S006,Computer Networks,F07,18.2,59.7,85.7,68.3,100,False,No_Anomaly,60.67,65.19,3.11,3.11,4.77,69.71,10.67,72.72,10.8
S006,Machine Learning,F04,18.2,59.7,85.7,65.4,100,False,No_Anomaly,60.67,65.19,0.21,0.21,0.32,73.24,9.91,72.78,9.96
S006,Software Engineering,F06,18.2,59.7,85.7,65.0,100,False,No_Anomaly,60.67,65.19,-0.19,0.19,-0.29,72.75,9.99,72.8,10.07
S007,Compiler Design,F04,21.3,80.5,81.5,77.6,100,False,No_Anomaly,71.0,77.85,-0.25,0.25,-0.32,73.24,9.91,72.59,10.04
S007,Computer Networks,F05,21.3,80.5,81.5,71.1,100,False,No_Anomaly,71.0,77.85,-6.75,6.75,-8.67,74.08,9.85,72.72,10.8
S007,Machine Learning,F07,21.3,80.5,81.5,77.1,100,False,No_Anomaly,71.0,77.85,-0.75,0.75,-0.96,69.71,10.67,72.78,9.96
S007,Software Engineering,F06,21.3,80.5,81.5,85.4,100,False,No_Anomaly,71.0,77.85,7.55,7.55,9.7,72.75,9.99,72.8,10.07
S008,Compiler Design,F02,21.4,61.8,94.2,68.6,100,False,No_Anomaly,71.33,71.14,-2.54,2.54,-3.57,70.46,9.46,72.59,10.04
S008,Computer Networks,F02,21.4,61.8,94.2,76.0,100,False,No_Anomaly,71.33,71.14,4.86,4.86,6.83,70.46,9.46,72.72,10.8
S008,Machine Learning,F04,21.4,61.8,94.2,76.1,100,False,No_Anomaly,71.33,71.14,4.96,4.96,6.97,73.24,9.91,72.78,9.96
S008,Software Engineering,F06,21.4,61.8,94.2,71.1,100,False,No_Anomaly,71.33,71.14,-0.04,0.04,-0.06,72.75,9.99,72.8,10.07
S009,Compiler Design,F07,24.1,64.9,78.5,72.8,100,False,No_Anomaly,80.33,72.25,0.55,0.55,0.76,69.71,10.67,72.59,10.04
S009,Computer Networks,F04,24.1,64.9,78.5,67.4,100,False,No_Anomaly,80.33,72.25,-4.85,4.85,-6.71,73.24,9.91,72.72,10.8
S009,Machine Learning,F03,24.1,64.9,78.5,75.1,100,False,No_Anomaly,80.33,72.25,2.85,2.85,3.94,73.88,11.06,72.78,9.96
S009,Software Engineering,F04,24.1,64.9,78.5,60.2,100,False,No_Anomaly,80.33,72.25,-12.05,12.05,-16.68,73.24,9.91,72.8,10.07
S010,Compiler Design,F05,23.7,74.4,86.1,71.5,100,False,No_Anomaly,79.0,78.12,-6.62,6.62,-8.47,74.08,9.85,72.59,10.04
S010,Computer Networks,F01,23.7,74.4,86.1,77.5,100,False,No_Anomaly,79.0,78.12,-0.62,0.62,-0.79,73.7,9.66,72.72,10.8
S010,Machine Learning,F08,23.7,74.4,86.1,84.1,100,False,No_Anomaly,79.0,78.12,5.98,5.98,7.65,73.65,10.19,72.78,9.96
S010,Software Engineering,F01,23.7,74.4,86.1,69.9,100,False,No_Anomaly,79.0,78.12,-8.22,8.22,-10.52,73.7,9.66,72.8,10.07
S011,Compiler Design,F05,20.0,95.7,77.9,81.2,100,False,No_Anomaly,66.67,83.43,-2.23,2.23,-2.67,74.08,9.85,72.59,10.04
S011,Computer Networks,F03,20.0,95.7,77.9,89.1,100,False,No_Anomaly,66.67,83.43,5.67,5.67,6.8,73.88,11.06,72.72,10.8
S011,Machine Learning,F08,20.0,95.7,77.9,84.6,100,False,No_Anomaly,66.67,83.43,1.17,1.17,1.4,73.65,10.19,72.78,9.96
S011,Software Engineering,F07,20.0,95.7,77.9,77.8,100,False,No_Anomaly,66.67,83.43,-5.63,5.63,-6.75,69.71,10.67,72.8,10.07
S012,Compiler Design,F08,26.5,60.2,88.2,82.2,100,False,No_Anomaly,88.33,74.24,7.96,7.96,10.72,73.65,10.19,72.59,10.04
S012,Computer Networks,F07,26.5,60.2,88.2,67.2,100,False,No_Anomaly,88.33,74.24,-7.04,7.04,-9.48,69.71,10.67,72.72,10.8
S012,Machine Learning,F06,26.5,60.2,88.2,65.3,100,False,No_Anomaly,88.33,74.24,-8.94,8.94,-12.04,72.75,9.99,72.78,9.96
S012,Software Engineering,F05,26.5,60.2,88.2,77.2,100,False,No_Anomaly,88.33,74.24,2.96,2.96,3.99,74.08,9.85,72.8,10.07
S013,Compiler Design,F03,18.7,68.6,73.6,37.8,100,True,Severe_Undermarking,62.33,67.72,-29.92,29.92,-44.18,73.88,11.06,72.59,10.04
S013,Computer Networks,F07,18.7,68.6,73.6,56.9,100,False,No_Anomaly,62.33,67.72,-10.82,10.82,-15.98,69.71,10.67,72.72,10.8
S013,Machine Learning,F04,18.7,68.6,73.6,59.1,100,False,No_Anomaly,62.33,67.72,-8.62,8.62,-12.73,73.24,9.91,72.78,9.96
S013,Software Engineering,F02,18.7,68.6,73.6,71.9,100,False,No_Anomaly,62.33,67.72,4.18,4.18,6.17,70.46,9.46,72.8,10.07
S014,Compiler Design,F05,24.2,77.8,89.4,78.3,100,False,No_Anomaly,80.67,80.98,-2.68,2.68,-3.31,74.08,9.85,72.59,10.04
S014,Computer Networks,F03,24.2,77.8,89.4,79.1,100,False,No_Anomaly,80.67,80.98,-1.88,1.88,-2.32,73.88,11.06,72.72,10.8
S014,Machine Learning,F04,24.2,77.8,89.4,79.9,100,False,No_Anomaly,80.67,80.98,-1.08,1.08,-1.33,73.24,9.91,72.78,9.96
S014,Software Engineering,F03,24.2,77.8,89.4,79.1,100,False,No_Anomaly,80.67,80.98,-1.88,1.88,-2.32,73.88,11.06,72.8,10.07
S015,Compiler Design,F01,22.5,62.0,84.3,71.4,100,False,No_Anomaly,75.0,70.36,1.04,1.04,1.48,73.7,9.66,72.59,10.04
S015,Computer Networks,F02,22.5,62.0,84.3,57.0,100,False,No_Anomaly,75.0,70.36,-13.36,13.36,-18.99,70.46,9.46,72.72,10.8
S015,Machine Learning,F07,22.5,62.0,84.3,62.0,100,False,No_Anomaly,75.0,70.36,-8.36,8.36,-11.88,69.71,10.67,72.78,9.96
S015,Software Engineering,F04,22.5,62.0,84.3,66.5,100,False,No_Anomaly,75.0,70.36,-3.86,3.86,-5.49,73.24,9.91,72.8,10.07
S016,Compiler Design,F03,22.9,72.6,90.7,71.7,100,False,No_Anomaly,76.33,77.34,-5.64,5.64,-7.29,73.88,11.06,72.59,10.04
S016,Computer Networks,F05,22.9,72.6,90.7,75.8,100,False,No_Anomaly,76.33,77.34,-1.54,1.54,-1.99,74.08,9.85,72.72,10.8
S016,Machine Learning,F08,22.9,72.6,90.7,72.7,100,False,No_Anomaly,76.33,77.34,-4.64,4.64,-6.0,73.65,10.19,72.78,9.96
S016,Software Engineering,F02,22.9,72.6,90.7,82.1,100,False,No_Anomaly,76.33,77.34,4.76,4.76,6.15,70.46,9.46,72.8,10.07
S017,Compiler Design,F08,23.2,78.1,82.7,83.2,100,False,No_Anomaly,77.33,78.79,4.41,4.41,5.6,73.65,10.19,72.59,10.04
S017,Computer Networks,F07,23.2,78.1,82.7,74.8,100,False,No_Anomaly,77.33,78.79,-3.99,3.99,-5.06,69.71,10.67,72.72,10.8
S017,Machine Learning,F05,23.2,78.1,82.7,80.0,100,False,No_Anomaly,77.33,78.79,1.21,1.21,1.54,74.08,9.85,72.78,9.96
S017,Software Engineering,F06,23.2,78.1,82.7,73.8,100,False,No_Anomaly,77.33,78.79,-4.99,4.99,-6.33,72.75,9.99,72.8,10.07
S018,Compiler Design,F08,20.7,77.6,67.4,77.7,100,False,No_Anomaly,69.0,72.98,4.72,4.72,6.47,73.65,10.19,72.59,10.04
S018,Computer Networks,F02,20.7,77.6,67.4,67.3,100,False,No_Anomaly,69.0,72.98,-5.68,5.68,-7.78,70.46,9.46,72.72,10.8
S018,Machine Learning,F04,20.7,77.6,67.4,75.4,100,False,No_Anomaly,69.0,72.98,2.42,2.42,3.32,73.24,9.91,72.78,9.96
S018,Software Engineering,F07,20.7,77.6,67.4,65.9,100,False,No_Anomaly,69.0,72.98,-7.08,7.08,-9.7,69.71,10.67,72.8,10.07
S019,Compiler Design,F05,20.9,64.4,75.6,64.7,100,False,No_Anomaly,69.67,68.22,-3.52,3.52,-5.16,74.08,9.85,72.59,10.04
S019,Computer Networks,F03,20.9,64.4,75.6,69.0,100,False,No_Anomaly,69.67,68.22,0.78,0.78,1.14,73.88,11.06,72.72,10.8
S019,Machine Learning,F02,20.9,64.4,75.6,75.6,100,False,No_Anomaly,69.67,68.22,7.38,7.38,10.82,70.46,9.46,72.78,9.96
S019,Software Engineering,F06,20.9,64.4,75.6,62.3,100,False,No_Anomaly,69.67,68.22,-5.92,5.92,-8.68,72.75,9.99,72.8,10.07
S020,Compiler Design,F06,25.9,87.9,73.3,82.8,100,False,No_Anomaly,86.33,84.51,-1.71,1.71,-2.02,72.75,9.99,72.59,10.04
S020,Computer Networks,F04,25.9,87.9,73.3,89.3,100,False,No_Anomaly,86.33,84.51,4.79,4.79,5.67,73.24,9.91,72.72,10.8
S020,Machine Learning,F03,25.9,87.9,73.3,83.8,100,False,No_Anomaly,86.33,84.51,-0.71,0.71,-0.84,73.88,11.06,72.78,9.96
S020,Software Engineering,F08,25.9,87.9,73.3,89.0,100,False,No_Anomaly,86.33,84.51,4.49,4.49,5.31,73.65,10.19,72.8,10.07
S021,Compiler Design,F04,22.7,49.8,78.7,61.7,100,False,No_Anomaly,75.67,63.34,-1.64,1.64,-2.59,73.24,9.91,72.59,10.04
S021,Computer Networks,F04,22.7,49.8,78.7,56.0,100,False,No_Anomaly,75.67,63.34,-7.34,7.34,-11.59,73.24,9.91,72.72,10.8
S021,Machine Learning,F06,22.7,49.8,78.7,66.7,100,False,No_Anomaly,75.67,63.34,3.36,3.36,5.3,72.75,9.99,72.78,9.96
S021,Software Engineering,F02,22.7,49.8,78.7,41.5,100,True,Severe_Undermarking,75.67,63.34,-21.84,21.84,-34.48,70.46,9.46,72.8,10.07
S022,Compiler Design,F03,25.2,77.0,89.1,82.3,100,False,No_Anomaly,84.0,81.52,0.78,0.78,0.96,73.88,11.06,72.59,10.04
S022,Computer Networks,F02,25.2,77.0,89.1,76.2,100,False,No_Anomaly,84.0,81.52,-5.32,5.32,-6.53,70.46,9.46,72.72,10.8
S022,Machine Learning,F05,25.2,77.0,89.1,79.8,100,False,No_Anomaly,84.0,81.52,-1.72,1.72,-2.11,74.08,9.85,72.78,9.96
S022,Software Engineering,F02,25.2,77.0,89.1,69.5,100,False,No_Anomaly,84.0,81.52,-12.02,12.02,-14.74,70.46,9.46,72.8,10.07
S023,Compiler Design,F05,25.4,65.8,77.4,64.5,100,False,No_Anomaly,84.67,73.78,-9.28,9.28,-12.58,74.08,9.85,72.59,10.04
S023,Computer Networks,F06,25.4,65.8,77.4,78.5,100,False,No_Anomaly,84.67,73.78,4.72,4.72,6.4,72.75,9.99,72.72,10.8
S023,Machine Learning,F07,25.4,65.8,77.4,70.4,100,False,No_Anomaly,84.67,73.78,-3.38,3.38,-4.58,69.71,10.67,72.78,9.96
S023,Software Engineering,F03,25.4,65.8,77.4,70.4,100,False,No_Anomaly,84.67,73.78,-3.38,3.38,-4.58,73.88,11.06,72.8,10.07
S024,Compiler Design,F08,17.5,67.7,69.2,70.1,100,False,No_Anomaly,58.33,65.19,4.91,4.91,7.53,73.65,10.19,72.59,10.04
S024,Computer Networks,F08,17.5,67.7,69.2,67.8,100,False,No_Anomaly,58.33,65.19,2.61,2.61,4.0,73.65,10.19,72.72,10.8
S024,Machine Learning,F02,17.5,67.7,69.2,72.4,100,False,No_Anomaly,58.33,65.19,7.21,7.21,11.06,70.46,9.46,72.78,9.96
S024,Software Engineering,F05,17.5,67.7,69.2,75.1,100,False,No_Anomaly,58.33,65.19,9.91,9.91,15.2,74.08,9.85,72.8,10.07
S025,Compiler Design,F07,22.6,59.0,87.0,64.0,100,False,No_Anomaly,75.33,69.5,-5.5,5.5,-7.91,69.71,10.67,72.59,10.04
S025,Computer Networks,F05,22.6,59.0,87.0,60.5,100,False,No_Anomaly,75.33,69.5,-9.0,9.0,-12.95,74.08,9.85,72.72,10.8
S025,Machine Learning,F06,22.6,59.0,87.0,69.4,100,False,No_Anomaly,75.33,69.5,-0.1,0.1,-0.14,72.75,9.99,72.78,9.96
S025,Software Engineering,F01,22.6,59.0,87.0,68.5,100,False,No_Anomaly,75.33,69.5,-1.0,1.0,-1.44,73.7,9.66,72.8,10.07
S026,Compiler Design,F04,22.6,78.3,77.7,54.7,100,True,Severe_Undermarking,75.33,77.29,-22.59,22.59,-29.23,73.24,9.91,72.59,10.04
S026,Computer Networks,F07,22.6,78.3,77.7,75.8,100,False,No_Anomaly,75.33,77.29,-1.49,1.49,-1.93,69.71,10.67,72.72,10.8
S026,Machine Learning,F02,22.6,78.3,77.7,54.7,100,True,Severe_Undermarking,75.33,77.29,-22.59,22.59,-29.23,70.46,9.46,72.78,9.96
S026,Software Engineering,F05,22.6,78.3,77.7,79.5,100,False,No_Anomaly,75.33,77.29,2.21,2.21,2.86,74.08,9.85,72.8,10.07
S027,Compiler Design,F08,23.8,77.5,78.9,48.0,100,True,Severe_Undermarking,79.33,78.33,-30.33,30.33,-38.72,73.65,10.19,72.59,10.04
S027,Computer Networks,F08,23.8,77.5,78.9,80.7,100,False,No_Anomaly,79.33,78.33,2.37,2.37,3.03,73.65,10.19,72.72,10.8
S027,Machine Learning,F08,23.8,77.5,78.9,75.0,100,False,No_Anomaly,79.33,78.33,-3.33,3.33,-4.25,73.65,10.19,72.78,9.96
S027,Software Engineering,F03,23.8,77.5,78.9,68.5,100,False,No_Anomaly,79.33,78.33,-9.83,9.83,-12.55,73.88,11.06,72.8,10.07
S028,Compiler Design,F06,20.5,62.1,78.4,64.6,100,False,No_Anomaly,68.33,67.23,-2.63,2.63,-3.91,72.75,9.99,72.59,10.04
S028,Computer Networks,F05,20.5,62.1,78.4,66.6,100,False,No_Anomaly,68.33,67.23,-0.63,0.63,-0.94,74.08,9.85,72.72,10.8
S028,Machine Learning,F02,20.5,62.1,78.4,58.1,100,False,No_Anomaly,68.33,67.23,-9.13,9.13,-13.58,70.46,9.46,72.78,9.96
S028,Software Engineering,F02,20.5,62.1,78.4,63.8,100,False,No_Anomaly,68.33,67.23,-3.43,3.43,-5.1,70.46,9.46,72.8,10.07
S029,Compiler Design,F08,20.1,55.6,86.9,63.6,100,False,No_Anomaly,67.0,65.28,-1.68,1.68,-2.57,73.65,10.19,72.59,10.04
S029,Computer Networks,F05,20.1,55.6,86.9,68.9,100,False,No_Anomaly,67.0,65.28,3.62,3.62,5.55,74.08,9.85,72.72,10.8
S029,Machine Learning,F05,20.1,55.6,86.9,100.0,100,True,Severe_Overmarking,67.0,65.28,34.72,34.72,53.19,74.08,9.85,72.78,9.96
S029,Software Engineering,F07,20.1,55.6,86.9,66.8,100,False,No_Anomaly,67.0,65.28,1.52,1.52,2.33,69.71,10.67,72.8,10.07
S030,Compiler Design,F06,23.8,70.1,86.8,76.4,100,False,No_Anomaly,79.33,76.21,0.19,0.19,0.25,72.75,9.99,72.59,10.04
S030,Computer Networks,F06,23.8,70.1,86.8,80.0,100,False,No_Anomaly,79.33,76.21,3.79,3.79,4.97,72.75,9.99,72.72,10.8
S030,Machine Learning,F01,23.8,70.1,86.8,80.4,100,False,No_Anomaly,79.33,76.21,4.19,4.19,5.5,73.7,9.66,72.78,9.96
S030,Software Engineering,F08,23.8,70.1,86.8,80.3,100,False,No_Anomaly,79.33,76.21,4.09,4.09,5.37,73.65,10.19,72.8,10.07
S031,Compiler Design,F06,20.3,78.0,81.0,70.9,100,False,No_Anomaly,67.67,75.5,-4.6,4.6,-6.09,72.75,9.99,72.59,10.04
S031,Computer Networks,F05,20.3,78.0,81.0,84.2,100,False,No_Anomaly,67.67,75.5,8.7,8.7,11.52,74.08,9.85,72.72,10.8
S031,Machine Learning,F08,20.3,78.0,81.0,72.8,100,False,No_Anomaly,67.67,75.5,-2.7,2.7,-3.58,73.65,10.19,72.78,9.96
S031,Software Engineering,F04,20.3,78.0,81.0,68.2,100,False,No_Anomaly,67.67,75.5,-7.3,7.3,-9.67,73.24,9.91,72.8,10.07
S032,Compiler Design,F03,16.2,69.0,65.1,56.9,100,False,No_Anomaly,54.0,63.72,-6.82,6.82,-10.7,73.88,11.06,72.59,10.04
S032,Computer Networks,F07,16.2,69.0,65.1,70.9,100,False,No_Anomaly,54.0,63.72,7.18,7.18,11.27,69.71,10.67,72.72,10.8
S032,Machine Learning,F08,16.2,69.0,65.1,56.3,100,False,No_Anomaly,54.0,63.72,-7.42,7.42,-11.64,73.65,10.19,72.78,9.96
S032,Software Engineering,F06,16.2,69.0,65.1,68.3,100,False,No_Anomaly,54.0,63.72,4.58,4.58,7.19,72.75,9.99,72.8,10.07
S033,Compiler Design,F04,23.6,54.1,72.0,66.0,100,False,No_Anomaly,78.67,65.05,0.95,0.95,1.46,73.24,9.91,72.59,10.04
S033,Computer Networks,F06,23.6,54.1,72.0,64.0,100,False,No_Anomaly,78.67,65.05,-1.05,1.05,-1.61,72.75,9.99,72.72,10.8
S033,Machine Learning,F05,23.6,54.1,72.0,64.3,100,False,No_Anomaly,78.67,65.05,-0.75,0.75,-1.15,74.08,9.85,72.78,9.96
S033,Software Engineering,F02,23.6,54.1,72.0,62.9,100,False,No_Anomaly,78.67,65.05,-2.15,2.15,-3.31,70.46,9.46,72.8,10.07
S034,Compiler Design,F06,27.2,59.1,78.2,73.1,100,False,No_Anomaly,90.67,72.39,0.71,0.71,0.98,72.75,9.99,72.59,10.04
S034,Computer Networks,F03,27.2,59.1,78.2,72.5,100,False,No_Anomaly,90.67,72.39,0.11,0.11,0.15,73.88,11.06,72.72,10.8
S034,Machine Learning,F04,27.2,59.1,78.2,79.5,100,False,No_Anomaly,90.67,72.39,7.11,7.11,9.82,73.24,9.91,72.78,9.96
S034,Software Engineering,F01,27.2,59.1,78.2,44.0,100,True,Severe_Undermarking,90.67,72.39,-28.39,28.39,-39.22,73.7,9.66,72.8,10.07
S035,Compiler Design,F02,18.3,65.7,89.4,69.5,100,False,No_Anomaly,61.0,69.03,0.47,0.47,0.68,70.46,9.46,72.59,10.04
S035,Computer Networks,F03,18.3,65.7,89.4,72.3,100,False,No_Anomaly,61.0,69.03,3.27,3.27,4.74,73.88,11.06,72.72,10.8
S035,Machine Learning,F07,18.3,65.7,89.4,59.2,100,False,No_Anomaly,61.0,69.03,-9.83,9.83,-14.24,69.71,10.67,72.78,9.96
S035,Software Engineering,F07,18.3,65.7,89.4,41.1,100,True,Severe_Undermarking,61.0,69.03,-27.93,27.93,-40.46,69.71,10.67,72.8,10.07
S036,Compiler Design,F01,20.6,67.5,72.5,76.9,100,False,No_Anomaly,68.67,68.85,8.05,8.05,11.69,73.7,9.66,72.59,10.04
S036,Computer Networks,F02,20.6,67.5,72.5,72.1,100,False,No_Anomaly,68.67,68.85,3.25,3.25,4.72,70.46,9.46,72.72,10.8
S036,Machine Learning,F04,20.6,67.5,72.5,61.2,100,False,No_Anomaly,68.67,68.85,-7.65,7.65,-11.11,73.24,9.91,72.78,9.96
S036,Software Engineering,F01,20.6,67.5,72.5,69.0,100,False,No_Anomaly,68.67,68.85,0.15,0.15,0.22,73.7,9.66,72.8,10.07
S037,Compiler Design,F08,23.7,80.1,64.7,78.4,100,False,No_Anomaly,79.0,76.69,1.71,1.71,2.23,73.65,10.19,72.59,10.04
S037,Computer Networks,F08,23.7,80.1,64.7,76.5,100,False,No_Anomaly,79.0,76.69,-0.19,0.19,-0.25,73.65,10.19,72.72,10.8
S037,Machine Learning,F02,23.7,80.1,64.7,76.6,100,False,No_Anomaly,79.0,76.69,-0.09,0.09,-0.12,70.46,9.46,72.78,9.96
S037,Software Engineering,F07,23.7,80.1,64.7,78.9,100,False,No_Anomaly,79.0,76.69,2.21,2.21,2.88,69.71,10.67,72.8,10.07
S038,Compiler Design,F02,16.2,72.9,76.1,71.4,100,False,No_Anomaly,54.0,67.87,3.53,3.53,5.2,70.46,9.46,72.59,10.04
S038,Computer Networks,F05,16.2,72.9,76.1,75.1,100,False,No_Anomaly,54.0,67.87,7.23,7.23,10.65,74.08,9.85,72.72,10.8
S038,Machine Learning,F04,16.2,72.9,76.1,66.1,100,False,No_Anomaly,54.0,67.87,-1.77,1.77,-2.61,73.24,9.91,72.78,9.96
S038,Software Engineering,F03,16.2,72.9,76.1,62.0,100,False,No_Anomaly,54.0,67.87,-5.87,5.87,-8.65,73.88,11.06,72.8,10.07
S039,Compiler Design,F03,22.9,70.9,76.7,78.4,100,False,No_Anomaly,76.33,73.69,4.71,4.71,6.39,73.88,11.06,72.59,10.04
S039,Computer Networks,F04,22.9,70.9,76.7,66.8,100,False,No_Anomaly,76.33,73.69,-6.89,6.89,-9.35,73.24,9.91,72.72,10.8
S039,Machine Learning,F06,22.9,70.9,76.7,76.3,100,False,No_Anomaly,76.33,73.69,2.61,2.61,3.54,72.75,9.99,72.78,9.96
S039,Software Engineering,F08,22.9,70.9,76.7,69.9,100,False,No_Anomaly,76.33,73.69,-3.79,3.79,-5.14,73.65,10.19,72.8,10.07
S040,Compiler Design,F05,21.0,70.3,98.0,80.4,100,False,No_Anomaly,70.0,75.75,4.65,4.65,6.14,74.08,9.85,72.59,10.04
S040,Computer Networks,F01,21.0,70.3,98.0,74.6,100,False,No_Anomaly,70.0,75.75,-1.15,1.15,-1.52,73.7,9.66,72.72,10.8
S040,Machine Learning,F08,21.0,70.3,98.0,84.2,100,False,No_Anomaly,70.0,75.75,8.45,8.45,11.16,73.65,10.19,72.78,9.96
S040,Software Engineering,F03,21.0,70.3,98.0,65.7,100,False,No_Anomaly,70.0,75.75,-10.05,10.05,-13.27,73.88,11.06,72.8,10.07
S041,Compiler Design,F04,22.9,57.7,83.8,62.3,100,False,No_Anomaly,76.33,68.51,-6.21,6.21,-9.06,73.24,9.91,72.59,10.04
S041,Computer Networks,F04,22.9,57.7,83.8,61.5,100,False,No_Anomaly,76.33,68.51,-7.01,7.01,-10.23,73.24,9.91,72.72,10.8
S041,Machine Learning,F01,22.9,57.7,83.8,62.4,100,False,No_Anomaly,76.33,68.51,-6.11,6.11,-8.92,73.7,9.66,72.78,9.96
S041,Software Engineering,F05,22.9,57.7,83.8,71.0,100,False,No_Anomaly,76.33,68.51,2.49,2.49,3.63,74.08,9.85,72.8,10.07
S042,Compiler Design,F07,23.4,86.3,90.4,85.4,100,False,No_Anomaly,78.0,84.63,0.77,0.77,0.91,69.71,10.67,72.59,10.04
S042,Computer Networks,F06,23.4,86.3,90.4,87.6,100,False,No_Anomaly,78.0,84.63,2.97,2.97,3.51,72.75,9.99,72.72,10.8
S042,Machine Learning,F08,23.4,86.3,90.4,86.3,100,False,No_Anomaly,78.0,84.63,1.67,1.67,1.97,73.65,10.19,72.78,9.96
S042,Software Engineering,F04,23.4,86.3,90.4,84.9,100,False,No_Anomaly,78.0,84.63,0.27,0.27,0.32,73.24,9.91,72.8,10.07
S043,Compiler Design,F07,19.4,87.6,70.1,100.0,100,True,Severe_Overmarking,64.67,77.22,22.78,22.78,29.5,69.71,10.67,72.59,10.04
S043,Computer Networks,F06,19.4,87.6,70.1,72.5,100,False,No_Anomaly,64.67,77.22,-4.72,4.72,-6.11,72.75,9.99,72.72,10.8
S043,Machine Learning,F01,19.4,87.6,70.1,79.9,100,False,No_Anomaly,64.67,77.22,2.68,2.68,3.47,73.7,9.66,72.78,9.96
S043,Software Engineering,F04,19.4,87.6,70.1,74.7,100,False,No_Anomaly,64.67,77.22,-2.52,2.52,-3.26,73.24,9.91,72.8,10.07
S044,Compiler Design,F03,16.5,58.9,78.1,75.1,100,False,No_Anomaly,55.0,61.57,13.53,13.53,21.97,73.88,11.06,72.59,10.04
S044,Computer Networks,F03,16.5,58.9,78.1,59.9,100,False,No_Anomaly,55.0,61.57,-1.67,1.67,-2.71,73.88,11.06,72.72,10.8
S044,Machine Learning,F02,16.5,58.9,78.1,64.9,100,False,No_Anomaly,55.0,61.57,3.33,3.33,5.41,70.46,9.46,72.78,9.96
S044,Software Engineering,F05,16.5,58.9,78.1,70.6,100,False,No_Anomaly,55.0,61.57,9.03,9.03,14.67,74.08,9.85,72.8,10.07
S045,Compiler Design,F02,16.1,77.6,79.8,69.8,100,False,No_Anomaly,53.67,70.86,-1.06,1.06,-1.5,70.46,9.46,72.59,10.04
S045,Computer Networks,F08,16.1,77.6,79.8,73.3,100,False,No_Anomaly,53.67,70.86,2.44,2.44,3.44,73.65,10.19,72.72,10.8
S045,Machine Learning,F06,16.1,77.6,79.8,72.6,100,False,No_Anomaly,53.67,70.86,1.74,1.74,2.46,72.75,9.99,72.78,9.96
S045,Software Engineering,F07,16.1,77.6,79.8,72.4,100,False,No_Anomaly,53.67,70.86,1.54,1.54,2.17,69.71,10.67,72.8,10.07
S046,Compiler Design,F04,25.4,57.8,85.1,70.5,100,False,No_Anomaly,84.67,71.32,-0.82,0.82,-1.15,73.24,9.91,72.59,10.04
S046,Computer Networks,F01,25.4,57.8,85.1,71.0,100,False,No_Anomaly,84.67,71.32,-0.32,0.32,-0.45,73.7,9.66,72.72,10.8
S046,Machine Learning,F03,25.4,57.8,85.1,76.1,100,False,No_Anomaly,84.67,71.32,4.78,4.78,6.7,73.88,11.06,72.78,9.96
S046,Software Engineering,F01,25.4,57.8,85.1,67.4,100,False,No_Anomaly,84.67,71.32,-3.92,3.92,-5.5,73.7,9.66,72.8,10.07
S047,Compiler Design,F07,23.7,94.0,100.0,100.0,100,False,No_Anomaly,79.0,90.7,9.3,9.3,10.25,69.71,10.67,72.59,10.04
S047,Computer Networks,F04,23.7,94.0,100.0,95.0,100,False,No_Anomaly,79.0,90.7,4.3,4.3,4.74,73.24,9.91,72.72,10.8
S047,Machine Learning,F04,23.7,94.0,100.0,82.9,100,False,No_Anomaly,79.0,90.7,-7.8,7.8,-8.6,73.24,9.91,72.78,9.96
S047,Software Engineering,F08,23.7,94.0,100.0,86.4,100,False,No_Anomaly,79.0,90.7,-4.3,4.3,-4.74,73.65,10.19,72.8,10.07
S048,Compiler Design,F05,23.1,58.1,60.7,76.8,100,False,No_Anomaly,77.0,64.29,12.51,12.51,19.46,74.08,9.85,72.59,10.04
S048,Computer Networks,F04,23.1,58.1,60.7,66.0,100,False,No_Anomaly,77.0,64.29,1.71,1.71,2.66,73.24,9.91,72.72,10.8
S048,Machine Learning,F06,23.1,58.1,60.7,58.2,100,False,No_Anomaly,77.0,64.29,-6.09,6.09,-9.47,72.75,9.99,72.78,9.96
S048,Software Engineering,F01,23.1,58.1,60.7,58.0,100,False,No_Anomaly,77.0,64.29,-6.29,6.29,-9.78,73.7,9.66,72.8,10.07
S049,Compiler Design,F04,19.6,60.2,77.8,65.9,100,False,No_Anomaly,65.33,65.26,0.64,0.64,0.98,73.24,9.91,72.59,10.04
S049,Computer Networks,F08,19.6,60.2,77.8,71.1,100,False,No_Anomaly,65.33,65.26,5.84,5.84,8.95,73.65,10.19,72.72,10.8
S049,Machine Learning,F04,19.6,60.2,77.8,62.5,100,False,No_Anomaly,65.33,65.26,-2.76,2.76,-4.23,73.24,9.91,72.78,9.96
S049,Software Engineering,F03,19.6,60.2,77.8,66.9,100,False,No_Anomaly,65.33,65.26,1.64,1.64,2.51,73.88,11.06,72.8,10.07
S050,Compiler Design,F01,22.6,68.3,92.7,78.5,100,False,No_Anomaly,75.33,75.29,3.21,3.21,4.26,73.7,9.66,72.59,10.04
S050,Computer Networks,F03,22.6,68.3,92.7,82.0,100,False,No_Anomaly,75.33,75.29,6.71,6.71,8.91,73.88,11.06,72.72,10.8
S050,Machine Learning,F02,22.6,68.3,92.7,71.8,100,False,No_Anomaly,75.33,75.29,-3.49,3.49,-4.64,70.46,9.46,72.78,9.96
S050,Software Engineering,F08,22.6,68.3,92.7,81.6,100,False,No_Anomaly,75.33,75.29,6.31,6.31,8.38,73.65,10.19,72.8,10.07
S051,Compiler Design,F05,15.3,68.1,71.6,66.5,100,False,No_Anomaly,51.0,63.67,2.83,2.83,4.44,74.08,9.85,72.59,10.04
S051,Computer Networks,F01,15.3,68.1,71.6,61.4,100,False,No_Anomaly,51.0,63.67,-2.27,2.27,-3.57,73.7,9.66,72.72,10.8
S051,Machine Learning,F01,15.3,68.1,71.6,64.1,100,False,No_Anomaly,51.0,63.67,0.43,0.43,0.68,73.7,9.66,72.78,9.96
S051,Software Engineering,F06,15.3,68.1,71.6,65.0,100,False,No_Anomaly,51.0,63.67,1.33,1.33,2.09,72.75,9.99,72.8,10.07
S052,Compiler Design,F03,29.1,64.2,81.5,76.4,100,False,No_Anomaly,97.0,77.5,-1.1,1.1,-1.42,73.88,11.06,72.59,10.04
S052,Computer Networks,F02,29.1,64.2,81.5,67.1,100,False,No_Anomaly,97.0,77.5,-10.4,10.4,-13.42,70.46,9.46,72.72,10.8
S052,Machine Learning,F06,29.1,64.2,81.5,79.6,100,False,No_Anomaly,97.0,77.5,2.1,2.1,2.71,72.75,9.99,72.78,9.96
S052,Software Engineering,F02,29.1,64.2,81.5,72.2,100,False,No_Anomaly,97.0,77.5,-5.3,5.3,-6.84,70.46,9.46,72.8,10.07
S053,Compiler Design,F01,20.0,71.6,91.8,73.0,100,False,No_Anomaly,66.67,74.16,-1.16,1.16,-1.56,73.7,9.66,72.59,10.04
S053,Computer Networks,F06,20.0,71.6,91.8,100.0,100,True,Severe_Overmarking,66.67,74.16,25.84,25.84,34.84,72.75,9.99,72.72,10.8
S053,Machine Learning,F02,20.0,71.6,91.8,75.8,100,False,No_Anomaly,66.67,74.16,1.64,1.64,2.21,70.46,9.46,72.78,9.96
S053,Software Engineering,F02,20.0,71.6,91.8,67.2,100,False,No_Anomaly,66.67,74.16,-6.96,6.96,-9.39,70.46,9.46,72.8,10.07
S054,Compiler Design,F08,19.1,55.8,72.3,67.8,100,False,No_Anomaly,63.67,61.46,6.34,6.34,10.32,73.65,10.19,72.59,10.04
S054,Computer Networks,F05,19.1,55.8,72.3,64.5,100,False,No_Anomaly,63.67,61.46,3.04,3.04,4.95,74.08,9.85,72.72,10.8
S054,Machine Learning,F04,19.1,55.8,72.3,67.1,100,False,No_Anomaly,63.67,61.46,5.64,5.64,9.18,73.24,9.91,72.78,9.96
S054,Software Engineering,F01,19.1,55.8,72.3,82.0,100,True,Severe_Overmarking,63.67,61.46,20.54,20.54,33.42,73.7,9.66,72.8,10.07
S055,Compiler Design,F04,25.4,95.5,73.8,86.0,100,False,No_Anomaly,84.67,87.91,-1.91,1.91,-2.17,73.24,9.91,72.59,10.04
S055,Computer Networks,F04,25.4,95.5,73.8,93.3,100,False,No_Anomaly,84.67,87.91,5.39,5.39,6.13,73.24,9.91,72.72,10.8
S055,Machine Learning,F01,25.4,95.5,73.8,87.3,100,False,No_Anomaly,84.67,87.91,-0.61,0.61,-0.69,73.7,9.66,72.78,9.96
S055,Software Engineering,F04,25.4,95.5,73.8,87.4,100,False,No_Anomaly,84.67,87.91,-0.51,0.51,-0.58,73.24,9.91,72.8,10.07
S056,Compiler Design,F08,23.5,59.2,91.3,78.1,100,False,No_Anomaly,78.33,71.36,6.74,6.74,9.45,73.65,10.19,72.59,10.04
S056,Computer Networks,F07,23.5,59.2,91.3,74.5,100,False,No_Anomaly,78.33,71.36,3.14,3.14,4.4,69.71,10.67,72.72,10.8
S056,Machine Learning,F02,23.5,59.2,91.3,76.2,100,False,No_Anomaly,78.33,71.36,4.84,4.84,6.78,70.46,9.46,72.78,9.96
S056,Software Engineering,F03,23.5,59.2,91.3,100.0,100,True,Severe_Overmarking,78.33,71.36,28.64,28.64,40.13,73.88,11.06,72.8,10.07
S057,Compiler Design,F07,19.4,68.1,81.6,71.5,100,False,No_Anomaly,64.67,69.77,1.73,1.73,2.48,69.71,10.67,72.59,10.04
S057,Computer Networks,F03,19.4,68.1,81.6,72.7,100,False,No_Anomaly,64.67,69.77,2.93,2.93,4.2,73.88,11.06,72.72,10.8
S057,Machine Learning,F01,19.4,68.1,81.6,65.7,100,False,No_Anomaly,64.67,69.77,-4.07,4.07,-5.83,73.7,9.66,72.78,9.96
S057,Software Engineering,F03,19.4,68.1,81.6,73.7,100,False,No_Anomaly,64.67,69.77,3.93,3.93,5.63,73.88,11.06,72.8,10.07
S058,Compiler Design,F05,17.1,75.4,77.5,60.8,100,False,No_Anomaly,57.0,70.3,-9.5,9.5,-13.51,74.08,9.85,72.59,10.04
S058,Computer Networks,F03,17.1,75.4,77.5,78.3,100,False,No_Anomaly,57.0,70.3,8.0,8.0,11.38,73.88,11.06,72.72,10.8
S058,Machine Learning,F04,17.1,75.4,77.5,71.5,100,False,No_Anomaly,57.0,70.3,1.2,1.2,1.71,73.24,9.91,72.78,9.96
S058,Software Engineering,F07,17.1,75.4,77.5,69.7,100,False,No_Anomaly,57.0,70.3,-0.6,0.6,-0.85,69.71,10.67,72.8,10.07
S059,Compiler Design,F01,28.3,54.7,83.7,77.9,100,False,No_Anomaly,94.33,72.39,5.51,5.51,7.61,73.7,9.66,72.59,10.04
S059,Computer Networks,F05,28.3,54.7,83.7,74.0,100,False,No_Anomaly,94.33,72.39,1.61,1.61,2.22,74.08,9.85,72.72,10.8
S059,Machine Learning,F07,28.3,54.7,83.7,60.5,100,False,No_Anomaly,94.33,72.39,-11.89,11.89,-16.42,69.71,10.67,72.78,9.96
S059,Software Engineering,F07,28.3,54.7,83.7,100.0,100,True,Severe_Overmarking,94.33,72.39,27.61,27.61,38.14,69.71,10.67,72.8,10.07
S060,Compiler Design,F06,23.1,71.9,80.8,69.0,100,False,No_Anomaly,77.0,75.21,-6.21,6.21,-8.26,72.75,9.99,72.59,10.04
S060,Computer Networks,F08,23.1,71.9,80.8,79.6,100,False,No_Anomaly,77.0,75.21,4.39,4.39,5.84,73.65,10.19,72.72,10.8
S060,Machine Learning,F02,23.1,71.9,80.8,69.2,100,False,No_Anomaly,77.0,75.21,-6.01,6.01,-7.99,70.46,9.46,72.78,9.96
S060,Software Engineering,F07,23.1,71.9,80.8,73.5,100,False,No_Anomaly,77.0,75.21,-1.71,1.71,-2.27,69.71,10.67,72.8,10.07
S061,Compiler Design,F04,20.4,85.7,84.2,73.7,100,False,No_Anomaly,68.0,80.09,-6.39,6.39,-7.98,73.24,9.91,72.59,10.04
S061,Computer Networks,F08,20.4,85.7,84.2,93.4,100,False,No_Anomaly,68.0,80.09,13.31,13.31,16.62,73.65,10.19,72.72,10.8
S061,Machine Learning,F05,20.4,85.7,84.2,77.7,100,False,No_Anomaly,68.0,80.09,-2.39,2.39,-2.98,74.08,9.85,72.78,9.96
S061,Software Engineering,F02,20.4,85.7,84.2,75.3,100,False,No_Anomaly,68.0,80.09,-4.79,4.79,-5.98,70.46,9.46,72.8,10.07
S062,Compiler Design,F01,28.1,83.3,86.3,78.1,100,False,No_Anomaly,93.67,87.01,-8.91,8.91,-10.24,73.7,9.66,72.59,10.04
S062,Computer Networks,F01,28.1,83.3,86.3,84.8,100,False,No_Anomaly,93.67,87.01,-2.21,2.21,-2.54,73.7,9.66,72.72,10.8
S062,Machine Learning,F07,28.1,83.3,86.3,69.7,100,False,No_Anomaly,93.67,87.01,-17.31,17.31,-19.89,69.71,10.67,72.78,9.96
S062,Software Engineering,F07,28.1,83.3,86.3,79.6,100,False,No_Anomaly,93.67,87.01,-7.41,7.41,-8.52,69.71,10.67,72.8,10.07
S063,Compiler Design,F03,16.5,72.2,69.8,65.1,100,False,No_Anomaly,55.0,66.56,-1.46,1.46,-2.19,73.88,11.06,72.59,10.04
S063,Computer Networks,F06,16.5,72.2,69.8,59.5,100,False,No_Anomaly,55.0,66.56,-7.06,7.06,-10.61,72.75,9.99,72.72,10.8
S063,Machine Learning,F02,16.5,72.2,69.8,65.9,100,False,No_Anomaly,55.0,66.56,-0.66,0.66,-0.99,70.46,9.46,72.78,9.96
S063,Software Engineering,F04,16.5,72.2,69.8,68.6,100,False,No_Anomaly,55.0,66.56,2.04,2.04,3.06,73.24,9.91,72.8,10.07
S064,Compiler Design,F01,21.3,89.8,99.2,72.9,100,False,No_Anomaly,71.0,86.04,-13.14,13.14,-15.27,73.7,9.66,72.59,10.04
S064,Computer Networks,F06,21.3,89.8,99.2,81.1,100,False,No_Anomaly,71.0,86.04,-4.94,4.94,-5.74,72.75,9.99,72.72,10.8
S064,Machine Learning,F05,21.3,89.8,99.2,83.7,100,False,No_Anomaly,71.0,86.04,-2.34,2.34,-2.72,74.08,9.85,72.78,9.96
S064,Software Engineering,F03,21.3,89.8,99.2,93.2,100,False,No_Anomaly,71.0,86.04,7.16,7.16,8.32,73.88,11.06,72.8,10.07
S065,Compiler Design,F01,17.6,65.4,96.6,77.9,100,False,No_Anomaly,58.67,69.62,8.28,8.28,11.89,73.7,9.66,72.59,10.04
S065,Computer Networks,F06,17.6,65.4,96.6,73.0,100,False,No_Anomaly,58.67,69.62,3.38,3.38,4.85,72.75,9.99,72.72,10.8
S065,Machine Learning,F01,17.6,65.4,96.6,78.1,100,False,No_Anomaly,58.67,69.62,8.48,8.48,12.18,73.7,9.66,72.78,9.96
S065,Software Engineering,F06,17.6,65.4,96.6,76.2,100,False,No_Anomaly,58.67,69.62,6.58,6.58,9.45,72.75,9.99,72.8,10.07
S066,Compiler Design,F07,20.4,59.3,88.4,59.7,100,False,No_Anomaly,68.0,67.73,-8.03,8.03,-11.86,69.71,10.67,72.59,10.04
S066,Computer Networks,F08,20.4,59.3,88.4,65.1,100,False,No_Anomaly,68.0,67.73,-2.63,2.63,-3.88,73.65,10.19,72.72,10.8
S066,Machine Learning,F08,20.4,59.3,88.4,78.5,100,False,No_Anomaly,68.0,67.73,10.77,10.77,15.9,73.65,10.19,72.78,9.96
S066,Software Engineering,F07,20.4,59.3,88.4,65.5,100,False,No_Anomaly,68.0,67.73,-2.23,2.23,-3.29,69.71,10.67,72.8,10.07
S067,Compiler Design,F07,23.4,69.9,80.4,69.0,100,False,No_Anomaly,78.0,74.43,-5.43,5.43,-7.3,69.71,10.67,72.59,10.04
S067,Computer Networks,F05,23.4,69.9,80.4,76.2,100,False,No_Anomaly,78.0,74.43,1.77,1.77,2.38,74.08,9.85,72.72,10.8
S067,Machine Learning,F06,23.4,69.9,80.4,77.0,100,False,No_Anomaly,78.0,74.43,2.57,2.57,3.45,72.75,9.99,72.78,9.96
S067,Software Engineering,F08,23.4,69.9,80.4,71.3,100,False,No_Anomaly,78.0,74.43,-3.13,3.13,-4.21,73.65,10.19,72.8,10.07
S068,Compiler Design,F03,24.6,86.9,82.9,79.7,100,False,No_Anomaly,82.0,84.63,-4.93,4.93,-5.83,73.88,11.06,72.59,10.04
S068,Computer Networks,F06,24.6,86.9,82.9,75.4,100,False,No_Anomaly,82.0,84.63,-9.23,9.23,-10.91,72.75,9.99,72.72,10.8
S068,Machine Learning,F07,24.6,86.9,82.9,78.0,100,False,No_Anomaly,82.0,84.63,-6.63,6.63,-7.83,69.71,10.67,72.78,9.96
S068,Software Engineering,F02,24.6,86.9,82.9,87.4,100,False,No_Anomaly,82.0,84.63,2.77,2.77,3.27,70.46,9.46,72.8,10.07
S069,Compiler Design,F05,18.6,45.4,81.5,93.8,100,True,Severe_Overmarking,62.0,57.6,36.2,36.2,62.85,74.08,9.85,72.59,10.04
S069,Computer Networks,F06,18.6,45.4,81.5,55.2,100,False,No_Anomaly,62.0,57.6,-2.4,2.4,-4.17,72.75,9.99,72.72,10.8
S069,Machine Learning,F07,18.6,45.4,81.5,53.7,100,False,No_Anomaly,62.0,57.6,-3.9,3.9,-6.77,69.71,10.67,72.78,9.96
S069,Software Engineering,F08,18.6,45.4,81.5,87.0,100,True,Severe_Overmarking,62.0,57.6,29.4,29.4,51.04,73.65,10.19,72.8,10.07
S070,Compiler Design,F04,20.7,55.4,73.2,59.6,100,False,No_Anomaly,69.0,63.04,-3.44,3.44,-5.46,73.24,9.91,72.59,10.04
S070,Computer Networks,F05,20.7,55.4,73.2,66.0,100,False,No_Anomaly,69.0,63.04,2.96,2.96,4.7,74.08,9.85,72.72,10.8
S070,Machine Learning,F03,20.7,55.4,73.2,72.4,100,False,No_Anomaly,69.0,63.04,9.36,9.36,14.85,73.88,11.06,72.78,9.96
S070,Software Engineering,F02,20.7,55.4,73.2,63.0,100,False,No_Anomaly,69.0,63.04,-0.04,0.04,-0.06,70.46,9.46,72.8,10.07
S071,Compiler Design,F05,22.1,81.0,68.7,80.6,100,False,No_Anomaly,73.67,76.34,4.26,4.26,5.58,74.08,9.85,72.59,10.04
S071,Computer Networks,F03,22.1,81.0,68.7,79.8,100,False,No_Anomaly,73.67,76.34,3.46,3.46,4.53,73.88,11.06,72.72,10.8
S071,Machine Learning,F03,22.1,81.0,68.7,80.4,100,False,No_Anomaly,73.67,76.34,4.06,4.06,5.32,73.88,11.06,72.78,9.96
S071,Software Engineering,F06,22.1,81.0,68.7,72.4,100,False,No_Anomaly,73.67,76.34,-3.94,3.94,-5.16,72.75,9.99,72.8,10.07
S072,Compiler Design,F02,26.0,64.2,78.7,80.0,100,False,No_Anomaly,86.67,73.84,6.16,6.16,8.34,70.46,9.46,72.59,10.04
S072,Computer Networks,F06,26.0,64.2,78.7,80.5,100,False,No_Anomaly,86.67,73.84,6.66,6.66,9.02,72.75,9.99,72.72,10.8
S072,Machine Learning,F04,26.0,64.2,78.7,73.6,100,False,No_Anomaly,86.67,73.84,-0.24,0.24,-0.33,73.24,9.91,72.78,9.96
S072,Software Engineering,F05,26.0,64.2,78.7,74.7,100,False,No_Anomaly,86.67,73.84,0.86,0.86,1.16,74.08,9.85,72.8,10.07
S073,Compiler Design,F01,21.4,76.5,95.4,79.3,100,False,No_Anomaly,71.33,78.73,0.57,0.57,0.72,73.7,9.66,72.59,10.04
S073,Computer Networks,F01,21.4,76.5,95.4,76.5,100,False,No_Anomaly,71.33,78.73,-2.23,2.23,-2.83,73.7,9.66,72.72,10.8
S073,Machine Learning,F03,21.4,76.5,95.4,79.5,100,False,No_Anomaly,71.33,78.73,0.77,0.77,0.98,73.88,11.06,72.78,9.96
S073,Software Engineering,F04,21.4,76.5,95.4,73.8,100,False,No_Anomaly,71.33,78.73,-4.93,4.93,-6.26,73.24,9.91,72.8,10.07
S074,Compiler Design,F04,23.0,61.6,79.8,78.7,100,False,No_Anomaly,76.67,69.76,8.94,8.94,12.82,73.24,9.91,72.59,10.04
S074,Computer Networks,F04,23.0,61.6,79.8,72.5,100,False,No_Anomaly,76.67,69.76,2.74,2.74,3.93,73.24,9.91,72.72,10.8
S074,Machine Learning,F03,23.0,61.6,79.8,73.8,100,False,No_Anomaly,76.67,69.76,4.04,4.04,5.79,73.88,11.06,72.78,9.96
S074,Software Engineering,F01,23.0,61.6,79.8,61.9,100,False,No_Anomaly,76.67,69.76,-7.86,7.86,-11.27,73.7,9.66,72.8,10.07
S075,Compiler Design,F05,22.4,72.1,71.2,74.9,100,False,No_Anomaly,74.67,72.69,2.21,2.21,3.04,74.08,9.85,72.59,10.04
S075,Computer Networks,F07,22.4,72.1,71.2,71.9,100,False,No_Anomaly,74.67,72.69,-0.79,0.79,-1.09,69.71,10.67,72.72,10.8
S075,Machine Learning,F08,22.4,72.1,71.2,73.6,100,False,No_Anomaly,74.67,72.69,0.91,0.91,1.25,73.65,10.19,72.78,9.96
S075,Software Engineering,F07,22.4,72.1,71.2,76.4,100,False,No_Anomaly,74.67,72.69,3.71,3.71,5.1,69.71,10.67,72.8,10.07
S076,Compiler Design,F07,29.5,72.7,100.0,83.1,100,False,No_Anomaly,98.33,85.85,-2.75,2.75,-3.2,69.71,10.67,72.59,10.04
S076,Computer Networks,F04,29.5,72.7,100.0,88.3,100,False,No_Anomaly,98.33,85.85,2.45,2.45,2.85,73.24,9.91,72.72,10.8
S076,Machine Learning,F02,29.5,72.7,100.0,73.6,100,False,No_Anomaly,98.33,85.85,-12.25,12.25,-14.27,70.46,9.46,72.78,9.96
S076,Software Engineering,F08,29.5,72.7,100.0,90.9,100,False,No_Anomaly,98.33,85.85,5.05,5.05,5.88,73.65,10.19,72.8,10.07
S077,Compiler Design,F03,16.1,59.8,79.1,67.5,100,False,No_Anomaly,53.67,61.82,5.68,5.68,9.19,73.88,11.06,72.59,10.04
S077,Computer Networks,F02,16.1,59.8,79.1,66.5,100,False,No_Anomaly,53.67,61.82,4.68,4.68,7.57,70.46,9.46,72.72,10.8
S077,Machine Learning,F04,16.1,59.8,79.1,62.5,100,False,No_Anomaly,53.67,61.82,0.68,0.68,1.1,73.24,9.91,72.78,9.96
S077,Software Engineering,F06,16.1,59.8,79.1,67.2,100,False,No_Anomaly,53.67,61.82,5.38,5.38,8.7,72.75,9.99,72.8,10.07
S078,Compiler Design,F03,26.8,62.9,85.2,76.6,100,False,No_Anomaly,89.33,75.29,1.31,1.31,1.74,73.88,11.06,72.59,10.04
S078,Computer Networks,F06,26.8,62.9,85.2,78.3,100,False,No_Anomaly,89.33,75.29,3.01,3.01,4.0,72.75,9.99,72.72,10.8
S078,Machine Learning,F04,26.8,62.9,85.2,79.2,100,False,No_Anomaly,89.33,75.29,3.91,3.91,5.19,73.24,9.91,72.78,9.96
S078,Software Engineering,F07,26.8,62.9,85.2,66.0,100,False,No_Anomaly,89.33,75.29,-9.29,9.29,-12.34,69.71,10.67,72.8,10.07
S079,Compiler Design,F03,13.4,61.3,75.5,66.5,100,False,No_Anomaly,44.67,59.15,7.35,7.35,12.43,73.88,11.06,72.59,10.04
S079,Computer Networks,F01,13.4,61.3,75.5,58.4,100,False,No_Anomaly,44.67,59.15,-0.75,0.75,-1.27,73.7,9.66,72.72,10.8
S079,Machine Learning,F05,13.4,61.3,75.5,53.4,100,False,No_Anomaly,44.67,59.15,-5.75,5.75,-9.72,74.08,9.85,72.78,9.96
S079,Software Engineering,F05,13.4,61.3,75.5,60.8,100,False,No_Anomaly,44.67,59.15,1.65,1.65,2.79,74.08,9.85,72.8,10.07
S080,Compiler Design,F02,19.9,68.0,71.4,61.6,100,False,No_Anomaly,66.33,68.18,-6.58,6.58,-9.65,70.46,9.46,72.59,10.04
S080,Computer Networks,F07,19.9,68.0,71.4,73.9,100,False,No_Anomaly,66.33,68.18,5.72,5.72,8.39,69.71,10.67,72.72,10.8
S080,Machine Learning,F05,19.9,68.0,71.4,67.9,100,False,No_Anomaly,66.33,68.18,-0.28,0.28,-0.41,74.08,9.85,72.78,9.96
S080,Software Engineering,F03,19.9,68.0,71.4,75.2,100,False,No_Anomaly,66.33,68.18,7.02,7.02,10.3,73.88,11.06,72.8,10.07
S081,Compiler Design,F01,15.0,59.5,81.1,56.9,100,False,No_Anomaly,50.0,60.97,-4.07,4.07,-6.68,73.7,9.66,72.59,10.04
S081,Computer Networks,F02,15.0,59.5,81.1,58.1,100,False,No_Anomaly,50.0,60.97,-2.87,2.87,-4.71,70.46,9.46,72.72,10.8
S081,Machine Learning,F02,15.0,59.5,81.1,59.8,100,False,No_Anomaly,50.0,60.97,-1.17,1.17,-1.92,70.46,9.46,72.78,9.96
S081,Software Engineering,F04,15.0,59.5,81.1,69.6,100,False,No_Anomaly,50.0,60.97,8.63,8.63,14.15,73.24,9.91,72.8,10.07
S082,Compiler Design,F03,16.9,52.4,100.0,66.5,100,False,No_Anomaly,56.33,63.1,3.4,3.4,5.39,73.88,11.06,72.59,10.04
S082,Computer Networks,F06,16.9,52.4,100.0,71.2,100,False,No_Anomaly,56.33,63.1,8.1,8.1,12.84,72.75,9.99,72.72,10.8
S082,Machine Learning,F05,16.9,52.4,100.0,63.3,100,False,No_Anomaly,56.33,63.1,0.2,0.2,0.32,74.08,9.85,72.78,9.96
S082,Software Engineering,F05,16.9,52.4,100.0,68.8,100,False,No_Anomaly,56.33,63.1,5.7,5.7,9.03,74.08,9.85,72.8,10.07
S083,Compiler Design,F08,30.0,56.8,100.0,81.5,100,False,No_Anomaly,100.0,78.4,3.1,3.1,3.95,73.65,10.19,72.59,10.04
S083,Computer Networks,F04,30.0,56.8,100.0,74.7,100,False,No_Anomaly,100.0,78.4,-3.7,3.7,-4.72,73.24,9.91,72.72,10.8
S083,Machine Learning,F06,30.0,56.8,100.0,70.1,100,False,No_Anomaly,100.0,78.4,-8.3,8.3,-10.59,72.75,9.99,72.78,9.96
S083,Software Engineering,F01,30.0,56.8,100.0,79.6,100,False,No_Anomaly,100.0,78.4,1.2,1.2,1.53,73.7,9.66,72.8,10.07
S084,Compiler Design,F07,23.4,55.9,78.3,56.3,100,False,No_Anomaly,78.0,67.01,-10.71,10.71,-15.98,69.71,10.67,72.59,10.04
S084,Computer Networks,F05,23.4,55.9,78.3,75.8,100,False,No_Anomaly,78.0,67.01,8.79,8.79,13.12,74.08,9.85,72.72,10.8
S084,Machine Learning,F01,23.4,55.9,78.3,71.1,100,False,No_Anomaly,78.0,67.01,4.09,4.09,6.1,73.7,9.66,72.78,9.96
S084,Software Engineering,F03,23.4,55.9,78.3,65.7,100,False,No_Anomaly,78.0,67.01,-1.31,1.31,-1.95,73.88,11.06,72.8,10.07
S085,Compiler Design,F05,21.0,90.7,72.1,83.8,100,False,No_Anomaly,70.0,80.77,3.03,3.03,3.75,74.08,9.85,72.59,10.04
S085,Computer Networks,F06,21.0,90.7,72.1,86.4,100,False,No_Anomaly,70.0,80.77,5.63,5.63,6.97,72.75,9.99,72.72,10.8
S085,Machine Learning,F01,21.0,90.7,72.1,73.6,100,False,No_Anomaly,70.0,80.77,-7.17,7.17,-8.88,73.7,9.66,72.78,9.96
S085,Software Engineering,F06,21.0,90.7,72.1,74.9,100,False,No_Anomaly,70.0,80.77,-5.87,5.87,-7.27,72.75,9.99,72.8,10.07
S086,Compiler Design,F02,20.5,79.3,86.3,75.2,100,False,No_Anomaly,68.33,77.41,-2.21,2.21,-2.85,70.46,9.46,72.59,10.04
S086,Computer Networks,F08,20.5,79.3,86.3,77.3,100,False,No_Anomaly,68.33,77.41,-0.11,0.11,-0.14,73.65,10.19,72.72,10.8
S086,Machine Learning,F05,20.5,79.3,86.3,78.3,100,False,No_Anomaly,68.33,77.41,0.89,0.89,1.15,74.08,9.85,72.78,9.96
S086,Software Engineering,F08,20.5,79.3,86.3,78.3,100,False,No_Anomaly,68.33,77.41,0.89,0.89,1.15,73.65,10.19,72.8,10.07
S087,Compiler Design,F02,21.0,68.4,68.3,62.1,100,False,No_Anomaly,70.0,68.86,-6.76,6.76,-9.82,70.46,9.46,72.59,10.04
S087,Computer Networks,F02,21.0,68.4,68.3,59.3,100,False,No_Anomaly,70.0,68.86,-9.56,9.56,-13.88,70.46,9.46,72.72,10.8
S087,Machine Learning,F05,21.0,68.4,68.3,66.3,100,False,No_Anomaly,70.0,68.86,-2.56,2.56,-3.72,74.08,9.85,72.78,9.96
S087,Software Engineering,F06,21.0,68.4,68.3,64.1,100,False,No_Anomaly,70.0,68.86,-4.76,4.76,-6.91,72.75,9.99,72.8,10.07
S088,Compiler Design,F03,19.8,66.8,84.3,68.3,100,False,No_Anomaly,66.0,70.06,-1.76,1.76,-2.51,73.88,11.06,72.59,10.04
S088,Computer Networks,F08,19.8,66.8,84.3,66.4,100,False,No_Anomaly,66.0,70.06,-3.66,3.66,-5.22,73.65,10.19,72.72,10.8
S088,Machine Learning,F02,19.8,66.8,84.3,67.5,100,False,No_Anomaly,66.0,70.06,-2.56,2.56,-3.65,70.46,9.46,72.78,9.96
S088,Software Engineering,F08,19.8,66.8,84.3,61.9,100,False,No_Anomaly,66.0,70.06,-8.16,8.16,-11.65,73.65,10.19,72.8,10.07
S089,Compiler Design,F06,22.6,75.7,92.1,83.8,100,False,No_Anomaly,75.33,78.87,4.93,4.93,6.25,72.75,9.99,72.59,10.04
S089,Computer Networks,F02,22.6,75.7,92.1,74.7,100,False,No_Anomaly,75.33,78.87,-4.17,4.17,-5.29,70.46,9.46,72.72,10.8
S089,Machine Learning,F05,22.6,75.7,92.1,100.0,100,True,Severe_Overmarking,75.33,78.87,21.13,21.13,26.79,74.08,9.85,72.78,9.96
S089,Software Engineering,F01,22.6,75.7,92.1,82.3,100,False,No_Anomaly,75.33,78.87,3.43,3.43,4.35,73.7,9.66,72.8,10.07
S090,Compiler Design,F04,22.0,74.2,82.5,79.8,100,False,No_Anomaly,73.33,75.6,4.2,4.2,5.56,73.24,9.91,72.59,10.04
S090,Computer Networks,F01,22.0,74.2,82.5,71.3,100,False,No_Anomaly,73.33,75.6,-4.3,4.3,-5.69,73.7,9.66,72.72,10.8
S090,Machine Learning,F08,22.0,74.2,82.5,67.6,100,False,No_Anomaly,73.33,75.6,-8.0,8.0,-10.58,73.65,10.19,72.78,9.96
S090,Software Engineering,F02,22.0,74.2,82.5,72.5,100,False,No_Anomaly,73.33,75.6,-3.1,3.1,-4.1,70.46,9.46,72.8,10.07
S091,Compiler Design,F03,21.6,61.3,85.2,73.4,100,False,No_Anomaly,72.0,69.29,4.11,4.11,5.93,73.88,11.06,72.59,10.04
S091,Computer Networks,F07,21.6,61.3,85.2,73.3,100,False,No_Anomaly,72.0,69.29,4.01,4.01,5.79,69.71,10.67,72.72,10.8
S091,Machine Learning,F07,21.6,61.3,85.2,42.8,100,True,Severe_Undermarking,72.0,69.29,-26.49,26.49,-38.23,69.71,10.67,72.78,9.96
S091,Software Engineering,F05,21.6,61.3,85.2,71.4,100,False,No_Anomaly,72.0,69.29,2.11,2.11,3.05,74.08,9.85,72.8,10.07
S092,Compiler Design,F01,23.5,95.1,97.7,88.1,100,False,No_Anomaly,78.33,90.59,-2.49,2.49,-2.75,73.7,9.66,72.59,10.04
S092,Computer Networks,F07,23.5,95.1,97.7,91.0,100,False,No_Anomaly,78.33,90.59,0.41,0.41,0.45,69.71,10.67,72.72,10.8
S092,Machine Learning,F03,23.5,95.1,97.7,90.6,100,False,No_Anomaly,78.33,90.59,0.01,0.01,0.01,73.88,11.06,72.78,9.96
S092,Software Engineering,F04,23.5,95.1,97.7,86.1,100,False,No_Anomaly,78.33,90.59,-4.49,4.49,-4.96,73.24,9.91,72.8,10.07
S093,Compiler Design,F04,26.8,60.8,70.9,67.5,100,False,No_Anomaly,89.33,71.38,-3.88,3.88,-5.44,73.24,9.91,72.59,10.04
S093,Computer Networks,F08,26.8,60.8,70.9,65.2,100,False,No_Anomaly,89.33,71.38,-6.18,6.18,-8.66,73.65,10.19,72.72,10.8
S093,Machine Learning,F07,26.8,60.8,70.9,40.8,100,True,Severe_Undermarking,89.33,71.38,-30.58,30.58,-42.84,69.71,10.67,72.78,9.96
S093,Software Engineering,F05,26.8,60.8,70.9,65.1,100,False,No_Anomaly,89.33,71.38,-6.28,6.28,-8.8,74.08,9.85,72.8,10.07
S094,Compiler Design,F01,15.0,73.2,86.8,78.9,100,False,No_Anomaly,50.0,68.96,9.94,9.94,14.41,73.7,9.66,72.59,10.04
S094,Computer Networks,F04,15.0,73.2,86.8,64.2,100,False,No_Anomaly,50.0,68.96,-4.76,4.76,-6.9,73.24,9.91,72.72,10.8
S094,Machine Learning,F01,15.0,73.2,86.8,74.6,100,False,No_Anomaly,50.0,68.96,5.64,5.64,8.18,73.7,9.66,72.78,9.96
S094,Software Engineering,F06,15.0,73.2,86.8,67.2,100,False,No_Anomaly,50.0,68.96,-1.76,1.76,-2.55,72.75,9.99,72.8,10.07
S095,Compiler Design,F04,17.6,81.1,86.5,73.7,100,False,No_Anomaly,58.67,75.45,-1.75,1.75,-2.32,73.24,9.91,72.59,10.04
S095,Computer Networks,F01,17.6,81.1,86.5,77.1,100,False,No_Anomaly,58.67,75.45,1.65,1.65,2.19,73.7,9.66,72.72,10.8
S095,Machine Learning,F05,17.6,81.1,86.5,73.3,100,False,No_Anomaly,58.67,75.45,-2.15,2.15,-2.85,74.08,9.85,72.78,9.96
S095,Software Engineering,F05,17.6,81.1,86.5,74.7,100,False,No_Anomaly,58.67,75.45,-0.75,0.75,-0.99,74.08,9.85,72.8,10.07
S096,Compiler Design,F04,22.2,64.3,84.6,66.4,100,False,No_Anomaly,74.0,71.27,-4.87,4.87,-6.83,73.24,9.91,72.59,10.04
S096,Computer Networks,F01,22.2,64.3,84.6,78.4,100,False,No_Anomaly,74.0,71.27,7.13,7.13,10.0,73.7,9.66,72.72,10.8
S096,Machine Learning,F01,22.2,64.3,84.6,67.8,100,False,No_Anomaly,74.0,71.27,-3.47,3.47,-4.87,73.7,9.66,72.78,9.96
S096,Software Engineering,F05,22.2,64.3,84.6,71.8,100,False,No_Anomaly,74.0,71.27,0.53,0.53,0.74,74.08,9.85,72.8,10.07
S097,Compiler Design,F03,21.0,66.5,81.0,73.2,100,False,No_Anomaly,70.0,70.45,2.75,2.75,3.9,73.88,11.06,72.59,10.04
S097,Computer Networks,F04,21.0,66.5,81.0,62.5,100,False,No_Anomaly,70.0,70.45,-7.95,7.95,-11.28,73.24,9.91,72.72,10.8
S097,Machine Learning,F01,21.0,66.5,81.0,72.6,100,False,No_Anomaly,70.0,70.45,2.15,2.15,3.05,73.7,9.66,72.78,9.96
S097,Software Engineering,F07,21.0,66.5,81.0,61.7,100,False,No_Anomaly,70.0,70.45,-8.75,8.75,-12.42,69.71,10.67,72.8,10.07
S098,Compiler Design,F07,11.7,71.8,96.7,69.9,100,False,No_Anomaly,39.0,66.94,2.96,2.96,4.42,69.71,10.67,72.59,10.04
S098,Computer Networks,F02,11.7,71.8,96.7,67.7,100,False,No_Anomaly,39.0,66.94,0.76,0.76,1.14,70.46,9.46,72.72,10.8
S098,Machine Learning,F04,11.7,71.8,96.7,56.3,100,False,No_Anomaly,39.0,66.94,-10.64,10.64,-15.89,73.24,9.91,72.78,9.96
S098,Software Engineering,F06,11.7,71.8,96.7,71.2,100,False,No_Anomaly,39.0,66.94,4.26,4.26,6.36,72.75,9.99,72.8,10.07
S099,Compiler Design,F02,23.2,67.2,83.8,75.3,100,False,No_Anomaly,77.33,73.56,1.74,1.74,2.37,70.46,9.46,72.59,10.04
S099,Computer Networks,F06,23.2,67.2,83.8,69.9,100,False,No_Anomaly,77.33,73.56,-3.66,3.66,-4.98,72.75,9.99,72.72,10.8
S099,Machine Learning,F08,23.2,67.2,83.8,72.4,100,False,No_Anomaly,77.33,73.56,-1.16,1.16,-1.58,73.65,10.19,72.78,9.96
S099,Software Engineering,F08,23.2,67.2,83.8,72.2,100,False,No_Anomaly,77.33,73.56,-1.36,1.36,-1.85,73.65,10.19,72.8,10.07
S100,Compiler Design,F02,23.3,65.5,64.4,64.8,100,False,No_Anomaly,77.67,68.93,-4.13,4.13,-5.99,70.46,9.46,72.59,10.04
S100,Computer Networks,F03,23.3,65.5,64.4,70.8,100,False,No_Anomaly,77.67,68.93,1.87,1.87,2.71,73.88,11.06,72.72,10.8
S100,Machine Learning,F05,23.3,65.5,64.4,68.9,100,False,No_Anomaly,77.67,68.93,-0.03,0.03,-0.04,74.08,9.85,72.78,9.96
S100,Software Engineering,F05,23.3,65.5,64.4,70.8,100,False,No_Anomaly,77.67,68.93,1.87,1.87,2.71,74.08,9.85,72.8,10.07
S101,Compiler Design,F01,25.5,90.7,66.7,78.5,100,False,No_Anomaly,85.0,84.19,-5.69,5.69,-6.76,73.7,9.66,72.59,10.04
S101,Computer Networks,F04,25.5,90.7,66.7,81.9,100,False,No_Anomaly,85.0,84.19,-2.29,2.29,-2.72,73.24,9.91,72.72,10.8
S101,Machine Learning,F08,25.5,90.7,66.7,93.8,100,False,No_Anomaly,85.0,84.19,9.61,9.61,11.41,73.65,10.19,72.78,9.96
S101,Software Engineering,F08,25.5,90.7,66.7,76.9,100,False,No_Anomaly,85.0,84.19,-7.29,7.29,-8.66,73.65,10.19,72.8,10.07
S102,Compiler Design,F07,17.8,66.1,81.4,64.0,100,False,No_Anomaly,59.33,67.13,-3.13,3.13,-4.66,69.71,10.67,72.59,10.04
S102,Computer Networks,F05,17.8,66.1,81.4,55.6,100,False,No_Anomaly,59.33,67.13,-11.53,11.53,-17.18,74.08,9.85,72.72,10.8
S102,Machine Learning,F05,17.8,66.1,81.4,73.6,100,False,No_Anomaly,59.33,67.13,6.47,6.47,9.64,74.08,9.85,72.78,9.96
S102,Software Engineering,F05,17.8,66.1,81.4,71.0,100,False,No_Anomaly,59.33,67.13,3.87,3.87,5.76,74.08,9.85,72.8,10.07
S103,Compiler Design,F03,24.3,66.0,95.0,76.1,100,False,No_Anomaly,81.0,76.3,-0.2,0.2,-0.26,73.88,11.06,72.59,10.04
S103,Computer Networks,F05,24.3,66.0,95.0,84.4,100,False,No_Anomaly,81.0,76.3,8.1,8.1,10.62,74.08,9.85,72.72,10.8
S103,Machine Learning,F01,24.3,66.0,95.0,77.0,100,False,No_Anomaly,81.0,76.3,0.7,0.7,0.92,73.7,9.66,72.78,9.96
S103,Software Engineering,F05,24.3,66.0,95.0,79.8,100,False,No_Anomaly,81.0,76.3,3.5,3.5,4.59,74.08,9.85,72.8,10.07
S104,Compiler Design,F04,23.8,90.8,93.8,91.2,100,False,No_Anomaly,79.33,87.96,3.24,3.24,3.68,73.24,9.91,72.59,10.04
S104,Computer Networks,F06,23.8,90.8,93.8,83.0,100,False,No_Anomaly,79.33,87.96,-4.96,4.96,-5.64,72.75,9.99,72.72,10.8
S104,Machine Learning,F04,23.8,90.8,93.8,95.4,100,False,No_Anomaly,79.33,87.96,7.44,7.44,8.46,73.24,9.91,72.78,9.96
S104,Software Engineering,F06,23.8,90.8,93.8,91.6,100,False,No_Anomaly,79.33,87.96,3.64,3.64,4.14,72.75,9.99,72.8,10.07
S105,Compiler Design,F04,25.3,90.9,86.4,86.7,100,False,No_Anomaly,84.33,88.03,-1.33,1.33,-1.51,73.24,9.91,72.59,10.04
S105,Computer Networks,F04,25.3,90.9,86.4,84.0,100,False,No_Anomaly,84.33,88.03,-4.03,4.03,-4.58,73.24,9.91,72.72,10.8
S105,Machine Learning,F05,25.3,90.9,86.4,85.3,100,False,No_Anomaly,84.33,88.03,-2.73,2.73,-3.1,74.08,9.85,72.78,9.96
S105,Software Engineering,F07,25.3,90.9,86.4,76.9,100,False,No_Anomaly,84.33,88.03,-11.13,11.13,-12.64,69.71,10.67,72.8,10.07
S106,Compiler Design,F03,19.2,66.4,82.7,82.3,100,False,No_Anomaly,64.0,68.94,13.36,13.36,19.38,73.88,11.06,72.59,10.04
S106,Computer Networks,F05,19.2,66.4,82.7,75.7,100,False,No_Anomaly,64.0,68.94,6.76,6.76,9.81,74.08,9.85,72.72,10.8
S106,Machine Learning,F06,19.2,66.4,82.7,71.6,100,False,No_Anomaly,64.0,68.94,2.66,2.66,3.86,72.75,9.99,72.78,9.96
S106,Software Engineering,F08,19.2,66.4,82.7,81.1,100,False,No_Anomaly,64.0,68.94,12.16,12.16,17.64,73.65,10.19,72.8,10.07
S107,Compiler Design,F06,25.1,81.9,70.2,82.5,100,False,No_Anomaly,83.67,80.09,2.41,2.41,3.01,72.75,9.99,72.59,10.04
S107,Computer Networks,F05,25.1,81.9,70.2,78.2,100,False,No_Anomaly,83.67,80.09,-1.89,1.89,-2.36,74.08,9.85,72.72,10.8
S107,Machine Learning,F04,25.1,81.9,70.2,83.8,100,False,No_Anomaly,83.67,80.09,3.71,3.71,4.63,73.24,9.91,72.78,9.96
S107,Software Engineering,F02,25.1,81.9,70.2,76.9,100,False,No_Anomaly,83.67,80.09,-3.19,3.19,-3.98,70.46,9.46,72.8,10.07
S108,Compiler Design,F04,25.0,67.7,93.7,65.4,100,False,No_Anomaly,83.33,77.59,-12.19,12.19,-15.71,73.24,9.91,72.59,10.04
S108,Computer Networks,F04,25.0,67.7,93.7,78.8,100,False,No_Anomaly,83.33,77.59,1.21,1.21,1.56,73.24,9.91,72.72,10.8
S108,Machine Learning,F02,25.0,67.7,93.7,80.1,100,False,No_Anomaly,83.33,77.59,2.51,2.51,3.23,70.46,9.46,72.78,9.96
S108,Software Engineering,F02,25.0,67.7,93.7,71.5,100,False,No_Anomaly,83.33,77.59,-6.09,6.09,-7.85,70.46,9.46,72.8,10.07
S109,Compiler Design,F08,15.7,91.8,89.3,81.1,100,False,No_Anomaly,52.33,79.46,1.64,1.64,2.06,73.65,10.19,72.59,10.04
S109,Computer Networks,F01,15.7,91.8,89.3,79.0,100,False,No_Anomaly,52.33,79.46,-0.46,0.46,-0.58,73.7,9.66,72.72,10.8
S109,Machine Learning,F04,15.7,91.8,89.3,81.9,100,False,No_Anomaly,52.33,79.46,2.44,2.44,3.07,73.24,9.91,72.78,9.96
S109,Software Engineering,F01,15.7,91.8,89.3,78.9,100,False,No_Anomaly,52.33,79.46,-0.56,0.56,-0.7,73.7,9.66,72.8,10.07
S110,Compiler Design,F02,19.9,69.2,70.3,69.8,100,False,No_Anomaly,66.33,68.56,1.24,1.24,1.81,70.46,9.46,72.59,10.04
S110,Computer Networks,F02,19.9,69.2,70.3,67.4,100,False,No_Anomaly,66.33,68.56,-1.16,1.16,-1.69,70.46,9.46,72.72,10.8
S110,Machine Learning,F08,19.9,69.2,70.3,76.0,100,False,No_Anomaly,66.33,68.56,7.44,7.44,10.85,73.65,10.19,72.78,9.96
S110,Software Engineering,F07,19.9,69.2,70.3,61.9,100,False,No_Anomaly,66.33,68.56,-6.66,6.66,-9.71,69.71,10.67,72.8,10.07
S111,Compiler Design,F05,19.2,88.1,88.4,85.2,100,False,No_Anomaly,64.0,80.93,4.27,4.27,5.28,74.08,9.85,72.59,10.04
S111,Computer Networks,F01,19.2,88.1,88.4,49.1,100,True,Severe_Undermarking,64.0,80.93,-31.83,31.83,-39.33,73.7,9.66,72.72,10.8
S111,Machine Learning,F04,19.2,88.1,88.4,77.0,100,False,No_Anomaly,64.0,80.93,-3.93,3.93,-4.86,73.24,9.91,72.78,9.96
S111,Software Engineering,F07,19.2,88.1,88.4,78.6,100,False,No_Anomaly,64.0,80.93,-2.33,2.33,-2.88,69.71,10.67,72.8,10.07
S112,Compiler Design,F03,17.1,57.8,82.3,56.1,100,False,No_Anomaly,57.0,62.46,-6.36,6.36,-10.18,73.88,11.06,72.59,10.04
S112,Computer Networks,F08,17.1,57.8,82.3,67.3,100,False,No_Anomaly,57.0,62.46,4.84,4.84,7.75,73.65,10.19,72.72,10.8
S112,Machine Learning,F04,17.1,57.8,82.3,66.3,100,False,No_Anomaly,57.0,62.46,3.84,3.84,6.15,73.24,9.91,72.78,9.96
S112,Software Engineering,F02,17.1,57.8,82.3,60.2,100,False,No_Anomaly,57.0,62.46,-2.26,2.26,-3.62,70.46,9.46,72.8,10.07
S113,Compiler Design,F01,26.6,61.9,85.1,71.7,100,False,No_Anomaly,88.67,74.57,-2.87,2.87,-3.85,73.7,9.66,72.59,10.04
S113,Computer Networks,F01,26.6,61.9,85.1,68.6,100,False,No_Anomaly,88.67,74.57,-5.97,5.97,-8.01,73.7,9.66,72.72,10.8
S113,Machine Learning,F01,26.6,61.9,85.1,71.3,100,False,No_Anomaly,88.67,74.57,-3.27,3.27,-4.39,73.7,9.66,72.78,9.96
S113,Software Engineering,F06,26.6,61.9,85.1,82.5,100,False,No_Anomaly,88.67,74.57,7.93,7.93,10.63,72.75,9.99,72.8,10.07
S114,Compiler Design,F06,23.2,77.3,59.1,73.1,100,False,No_Anomaly,77.33,73.67,-0.57,0.57,-0.77,72.75,9.99,72.59,10.04
S114,Computer Networks,F08,23.2,77.3,59.1,70.5,100,False,No_Anomaly,77.33,73.67,-3.17,3.17,-4.3,73.65,10.19,72.72,10.8
S114,Machine Learning,F03,23.2,77.3,59.1,83.5,100,False,No_Anomaly,77.33,73.67,9.83,9.83,13.34,73.88,11.06,72.78,9.96
S114,Software Engineering,F03,23.2,77.3,59.1,67.6,100,False,No_Anomaly,77.33,73.67,-6.07,6.07,-8.24,73.88,11.06,72.8,10.07
S115,Compiler Design,F05,28.5,70.9,86.1,75.0,100,False,No_Anomaly,95.0,81.17,-6.17,6.17,-7.6,74.08,9.85,72.59,10.04
S115,Computer Networks,F01,28.5,70.9,86.1,83.8,100,False,No_Anomaly,95.0,81.17,2.63,2.63,3.24,73.7,9.66,72.72,10.8
S115,Machine Learning,F01,28.5,70.9,86.1,88.9,100,False,No_Anomaly,95.0,81.17,7.73,7.73,9.52,73.7,9.66,72.78,9.96
S115,Software Engineering,F01,28.5,70.9,86.1,83.5,100,False,No_Anomaly,95.0,81.17,2.33,2.33,2.87,73.7,9.66,72.8,10.07
S116,Compiler Design,F07,24.4,45.2,76.1,56.8,100,False,No_Anomaly,81.33,62.22,-5.42,5.42,-8.71,69.71,10.67,72.59,10.04
S116,Computer Networks,F02,24.4,45.2,76.1,62.2,100,False,No_Anomaly,81.33,62.22,-0.02,0.02,-0.03,70.46,9.46,72.72,10.8
S116,Machine Learning,F05,24.4,45.2,76.1,65.1,100,False,No_Anomaly,81.33,62.22,2.88,2.88,4.63,74.08,9.85,72.78,9.96
S116,Software Engineering,F04,24.4,45.2,76.1,67.3,100,False,No_Anomaly,81.33,62.22,5.08,5.08,8.16,73.24,9.91,72.8,10.07
S117,Compiler Design,F01,23.5,51.0,96.8,73.4,100,False,No_Anomaly,78.33,68.36,5.04,5.04,7.37,73.7,9.66,72.59,10.04
S117,Computer Networks,F07,23.5,51.0,96.8,64.1,100,False,No_Anomaly,78.33,68.36,-4.26,4.26,-6.23,69.71,10.67,72.72,10.8
S117,Machine Learning,F08,23.5,51.0,96.8,70.5,100,False,No_Anomaly,78.33,68.36,2.14,2.14,3.13,73.65,10.19,72.78,9.96
S117,Software Engineering,F03,23.5,51.0,96.8,72.5,100,False,No_Anomaly,78.33,68.36,4.14,4.14,6.06,73.88,11.06,72.8,10.07
S118,Compiler Design,F03,25.3,80.2,76.3,79.6,100,False,No_Anomaly,84.33,80.66,-1.06,1.06,-1.31,73.88,11.06,72.59,10.04
S118,Computer Networks,F06,25.3,80.2,76.3,92.2,100,False,No_Anomaly,84.33,80.66,11.54,11.54,14.31,72.75,9.99,72.72,10.8
S118,Machine Learning,F08,25.3,80.2,76.3,80.1,100,False,No_Anomaly,84.33,80.66,-0.56,0.56,-0.69,73.65,10.19,72.78,9.96
S118,Software Engineering,F01,25.3,80.2,76.3,83.3,100,False,No_Anomaly,84.33,80.66,2.64,2.64,3.27,73.7,9.66,72.8,10.07
S119,Compiler Design,F03,22.9,82.8,84.3,85.1,100,False,No_Anomaly,76.33,81.16,3.94,3.94,4.85,73.88,11.06,72.59,10.04
S119,Computer Networks,F08,22.9,82.8,84.3,85.6,100,False,No_Anomaly,76.33,81.16,4.44,4.44,5.47,73.65,10.19,72.72,10.8
S119,Machine Learning,F06,22.9,82.8,84.3,76.4,100,False,No_Anomaly,76.33,81.16,-4.76,4.76,-5.86,72.75,9.99,72.78,9.96
S119,Software Engineering,F07,22.9,82.8,84.3,78.8,100,False,No_Anomaly,76.33,81.16,-2.36,2.36,-2.91,69.71,10.67,72.8,10.07
S120,Compiler Design,F02,21.4,73.2,73.4,68.1,100,False,No_Anomaly,71.33,72.68,-4.58,4.58,-6.3,70.46,9.46,72.59,10.04
S120,Computer Networks,F01,21.4,73.2,73.4,76.4,100,False,No_Anomaly,71.33,72.68,3.72,3.72,5.12,73.7,9.66,72.72,10.8
S120,Machine Learning,F06,21.4,73.2,73.4,64.2,100,False,No_Anomaly,71.33,72.68,-8.48,8.48,-11.67,72.75,9.99,72.78,9.96
S120,Software Engineering,F06,21.4,73.2,73.4,67.2,100,False,No_Anomaly,71.33,72.68,-5.48,5.48,-7.54,72.75,9.99,72.8,10.07
S121,Compiler Design,F05,26.0,68.2,85.8,77.9,100,False,No_Anomaly,86.67,77.26,0.64,0.64,0.83,74.08,9.85,72.59,10.04
S121,Computer Networks,F08,26.0,68.2,85.8,82.5,100,False,No_Anomaly,86.67,77.26,5.24,5.24,6.78,73.65,10.19,72.72,10.8
S121,Machine Learning,F03,26.0,68.2,85.8,82.7,100,False,No_Anomaly,86.67,77.26,5.44,5.44,7.04,73.88,11.06,72.78,9.96
S121,Software Engineering,F07,26.0,68.2,85.8,55.4,100,True,Severe_Undermarking,86.67,77.26,-21.86,21.86,-28.29,69.71,10.67,72.8,10.07
S122,Compiler Design,F04,27.9,57.3,80.7,76.2,100,False,No_Anomaly,93.0,72.69,3.51,3.51,4.83,73.24,9.91,72.59,10.04
S122,Computer Networks,F02,27.9,57.3,80.7,74.4,100,False,No_Anomaly,93.0,72.69,1.71,1.71,2.35,70.46,9.46,72.72,10.8
S122,Machine Learning,F03,27.9,57.3,80.7,72.9,100,False,No_Anomaly,93.0,72.69,0.21,0.21,0.29,73.88,11.06,72.78,9.96
S122,Software Engineering,F02,27.9,57.3,80.7,71.7,100,False,No_Anomaly,93.0,72.69,-0.99,0.99,-1.36,70.46,9.46,72.8,10.07
S123,Compiler Design,F03,22.8,61.1,73.8,76.4,100,False,No_Anomaly,76.0,68.11,8.29,8.29,12.17,73.88,11.06,72.59,10.04
S123,Computer Networks,F04,22.8,61.1,73.8,70.3,100,False,No_Anomaly,76.0,68.11,2.19,2.19,3.22,73.24,9.91,72.72,10.8
S123,Machine Learning,F04,22.8,61.1,73.8,67.1,100,False,No_Anomaly,76.0,68.11,-1.01,1.01,-1.48,73.24,9.91,72.78,9.96
S123,Software Engineering,F01,22.8,61.1,73.8,70.6,100,False,No_Anomaly,76.0,68.11,2.49,2.49,3.66,73.7,9.66,72.8,10.07
S124,Compiler Design,F07,27.3,80.1,82.1,71.8,100,False,No_Anomaly,91.0,83.77,-11.97,11.97,-14.29,69.71,10.67,72.59,10.04
S124,Computer Networks,F07,27.3,80.1,82.1,55.0,100,True,Severe_Undermarking,91.0,83.77,-28.77,28.77,-34.34,69.71,10.67,72.72,10.8
S124,Machine Learning,F08,27.3,80.1,82.1,88.4,100,False,No_Anomaly,91.0,83.77,4.63,4.63,5.53,73.65,10.19,72.78,9.96
S124,Software Engineering,F06,27.3,80.1,82.1,88.1,100,False,No_Anomaly,91.0,83.77,4.33,4.33,5.17,72.75,9.99,72.8,10.07
S125,Compiler Design,F03,24.2,80.3,90.4,83.2,100,False,No_Anomaly,80.67,82.43,0.77,0.77,0.93,73.88,11.06,72.59,10.04
S125,Computer Networks,F04,24.2,80.3,90.4,78.0,100,False,No_Anomaly,80.67,82.43,-4.43,4.43,-5.37,73.24,9.91,72.72,10.8
S125,Machine Learning,F05,24.2,80.3,90.4,58.5,100,True,Severe_Undermarking,80.67,82.43,-23.93,23.93,-29.03,74.08,9.85,72.78,9.96
S125,Software Engineering,F06,24.2,80.3,90.4,68.0,100,False,No_Anomaly,80.67,82.43,-14.43,14.43,-17.51,72.75,9.99,72.8,10.07
S126,Compiler Design,F07,14.0,97.9,79.9,79.6,100,False,No_Anomaly,46.67,78.93,0.67,0.67,0.85,69.71,10.67,72.59,10.04
S126,Computer Networks,F08,14.0,97.9,79.9,77.7,100,False,No_Anomaly,46.67,78.93,-1.23,1.23,-1.56,73.65,10.19,72.72,10.8
S126,Machine Learning,F07,14.0,97.9,79.9,71.4,100,False,No_Anomaly,46.67,78.93,-7.53,7.53,-9.54,69.71,10.67,72.78,9.96
S126,Software Engineering,F03,14.0,97.9,79.9,88.1,100,False,No_Anomaly,46.67,78.93,9.17,9.17,11.62,73.88,11.06,72.8,10.07
S127,Compiler Design,F05,22.4,89.3,77.4,81.4,100,False,No_Anomaly,74.67,82.53,-1.13,1.13,-1.37,74.08,9.85,72.59,10.04
S127,Computer Networks,F03,22.4,89.3,77.4,86.6,100,False,No_Anomaly,74.67,82.53,4.07,4.07,4.93,73.88,11.06,72.72,10.8
S127,Machine Learning,F03,22.4,89.3,77.4,88.4,100,False,No_Anomaly,74.67,82.53,5.87,5.87,7.11,73.88,11.06,72.78,9.96
S127,Software Engineering,F03,22.4,89.3,77.4,79.9,100,False,No_Anomaly,74.67,82.53,-2.63,2.63,-3.19,73.88,11.06,72.8,10.07
S128,Compiler Design,F01,17.0,85.7,66.0,89.2,100,False,No_Anomaly,56.67,73.05,16.15,16.15,22.11,73.7,9.66,72.59,10.04
S128,Computer Networks,F05,17.0,85.7,66.0,85.7,100,False,No_Anomaly,56.67,73.05,12.65,12.65,17.32,74.08,9.85,72.72,10.8
S128,Machine Learning,F04,17.0,85.7,66.0,72.0,100,False,No_Anomaly,56.67,73.05,-1.05,1.05,-1.44,73.24,9.91,72.78,9.96
S128,Software Engineering,F06,17.0,85.7,66.0,68.5,100,False,No_Anomaly,56.67,73.05,-4.55,4.55,-6.23,72.75,9.99,72.8,10.07
S129,Compiler Design,F07,23.8,50.8,74.1,54.1,100,False,No_Anomaly,79.33,64.02,-9.92,9.92,-15.5,69.71,10.67,72.59,10.04
S129,Computer Networks,F08,23.8,50.8,74.1,34.3,100,True,Severe_Undermarking,79.33,64.02,-29.72,29.72,-46.42,73.65,10.19,72.72,10.8
S129,Machine Learning,F05,23.8,50.8,74.1,69.3,100,False,No_Anomaly,79.33,64.02,5.28,5.28,8.25,74.08,9.85,72.78,9.96
S129,Software Engineering,F08,23.8,50.8,74.1,69.5,100,False,No_Anomaly,79.33,64.02,5.48,5.48,8.56,73.65,10.19,72.8,10.07
S130,Compiler Design,F06,16.3,76.3,84.8,71.8,100,False,No_Anomaly,54.33,71.41,0.39,0.39,0.55,72.75,9.99,72.59,10.04
S130,Computer Networks,F05,16.3,76.3,84.8,73.8,100,False,No_Anomaly,54.33,71.41,2.39,2.39,3.35,74.08,9.85,72.72,10.8
S130,Machine Learning,F04,16.3,76.3,84.8,71.7,100,False,No_Anomaly,54.33,71.41,0.29,0.29,0.41,73.24,9.91,72.78,9.96
S130,Software Engineering,F01,16.3,76.3,84.8,74.1,100,False,No_Anomaly,54.33,71.41,2.69,2.69,3.77,73.7,9.66,72.8,10.07
S131,Compiler Design,F01,20.1,42.3,82.5,62.1,100,False,No_Anomaly,67.0,57.75,4.35,4.35,7.53,73.7,9.66,72.59,10.04
S131,Computer Networks,F05,20.1,42.3,82.5,54.6,100,False,No_Anomaly,67.0,57.75,-3.15,3.15,-5.45,74.08,9.85,72.72,10.8
S131,Machine Learning,F04,20.1,42.3,82.5,61.8,100,False,No_Anomaly,67.0,57.75,4.05,4.05,7.01,73.24,9.91,72.78,9.96
S131,Software Engineering,F04,20.1,42.3,82.5,60.4,100,False,No_Anomaly,67.0,57.75,2.65,2.65,4.59,73.24,9.91,72.8,10.07
S132,Compiler Design,F04,22.6,75.5,89.0,65.3,100,False,No_Anomaly,75.33,78.15,-12.85,12.85,-16.44,73.24,9.91,72.59,10.04
S132,Computer Networks,F05,22.6,75.5,89.0,78.0,100,False,No_Anomaly,75.33,78.15,-0.15,0.15,-0.19,74.08,9.85,72.72,10.8
S132,Machine Learning,F06,22.6,75.5,89.0,63.8,100,False,No_Anomaly,75.33,78.15,-14.35,14.35,-18.36,72.75,9.99,72.78,9.96
S132,Software Engineering,F03,22.6,75.5,89.0,80.3,100,False,No_Anomaly,75.33,78.15,2.15,2.15,2.75,73.88,11.06,72.8,10.07
S133,Compiler Design,F07,24.1,79.1,84.3,73.5,100,False,No_Anomaly,80.33,80.51,-7.01,7.01,-8.71,69.71,10.67,72.59,10.04
S133,Computer Networks,F08,24.1,79.1,84.3,72.7,100,False,No_Anomaly,80.33,80.51,-7.81,7.81,-9.7,73.65,10.19,72.72,10.8
S133,Machine Learning,F01,24.1,79.1,84.3,80.8,100,False,No_Anomaly,80.33,80.51,0.29,0.29,0.36,73.7,9.66,72.78,9.96
S133,Software Engineering,F05,24.1,79.1,84.3,76.5,100,False,No_Anomaly,80.33,80.51,-4.01,4.01,-4.98,74.08,9.85,72.8,10.07
S134,Compiler Design,F01,22.8,61.5,80.2,65.9,100,False,No_Anomaly,76.0,69.59,-3.69,3.69,-5.3,73.7,9.66,72.59,10.04
S134,Computer Networks,F01,22.8,61.5,80.2,71.8,100,False,No_Anomaly,76.0,69.59,2.21,2.21,3.18,73.7,9.66,72.72,10.8
S134,Machine Learning,F01,22.8,61.5,80.2,79.4,100,False,No_Anomaly,76.0,69.59,9.81,9.81,14.1,73.7,9.66,72.78,9.96
S134,Software Engineering,F07,22.8,61.5,80.2,61.4,100,False,No_Anomaly,76.0,69.59,-8.19,8.19,-11.77,69.71,10.67,72.8,10.07
S135,Compiler Design,F03,24.1,79.8,78.1,84.3,100,False,No_Anomaly,80.33,79.62,4.68,4.68,5.88,73.88,11.06,72.59,10.04
S135,Computer Networks,F05,24.1,79.8,78.1,76.7,100,False,No_Anomaly,80.33,79.62,-2.92,2.92,-3.67,74.08,9.85,72.72,10.8
S135,Machine Learning,F07,24.1,79.8,78.1,71.6,100,False,No_Anomaly,80.33,79.62,-8.02,8.02,-10.07,69.71,10.67,72.78,9.96
S135,Software Engineering,F05,24.1,79.8,78.1,83.2,100,False,No_Anomaly,80.33,79.62,3.58,3.58,4.5,74.08,9.85,72.8,10.07
S136,Compiler Design,F05,25.3,66.8,80.8,74.6,100,False,No_Anomaly,84.33,74.86,-0.26,0.26,-0.35,74.08,9.85,72.59,10.04
S136,Computer Networks,F06,25.3,66.8,80.8,72.9,100,False,No_Anomaly,84.33,74.86,-1.96,1.96,-2.62,72.75,9.99,72.72,10.8
S136,Machine Learning,F02,25.3,66.8,80.8,76.1,100,False,No_Anomaly,84.33,74.86,1.24,1.24,1.66,70.46,9.46,72.78,9.96
S136,Software Engineering,F05,25.3,66.8,80.8,76.9,100,False,No_Anomaly,84.33,74.86,2.04,2.04,2.73,74.08,9.85,72.8,10.07
S137,Compiler Design,F04,16.1,46.1,69.0,56.9,100,False,No_Anomaly,53.67,52.95,3.95,3.95,7.46,73.24,9.91,72.59,10.04
S137,Computer Networks,F04,16.1,46.1,69.0,49.9,100,False,No_Anomaly,53.67,52.95,-3.05,3.05,-5.76,73.24,9.91,72.72,10.8
S137,Machine Learning,F08,16.1,46.1,69.0,57.0,100,False,No_Anomaly,53.67,52.95,4.05,4.05,7.65,73.65,10.19,72.78,9.96
S137,Software Engineering,F07,16.1,46.1,69.0,44.6,100,False,No_Anomaly,53.67,52.95,-8.35,8.35,-15.77,69.71,10.67,72.8,10.07
S138,Compiler Design,F05,25.0,42.0,75.2,65.6,100,False,No_Anomaly,83.33,61.04,4.56,4.56,7.47,74.08,9.85,72.59,10.04
S138,Computer Networks,F08,25.0,42.0,75.2,62.8,100,False,No_Anomaly,83.33,61.04,1.76,1.76,2.88,73.65,10.19,72.72,10.8
S138,Machine Learning,F04,25.0,42.0,75.2,54.5,100,False,No_Anomaly,83.33,61.04,-6.54,6.54,-10.71,73.24,9.91,72.78,9.96
S138,Software Engineering,F07,25.0,42.0,75.2,64.0,100,False,No_Anomaly,83.33,61.04,2.96,2.96,4.85,69.71,10.67,72.8,10.07
S139,Compiler Design,F02,26.4,66.6,84.0,74.3,100,False,No_Anomaly,88.0,76.5,-2.2,2.2,-2.88,70.46,9.46,72.59,10.04
S139,Computer Networks,F01,26.4,66.6,84.0,80.9,100,False,No_Anomaly,88.0,76.5,4.4,4.4,5.75,73.7,9.66,72.72,10.8
S139,Machine Learning,F04,26.4,66.6,84.0,100.0,100,True,Severe_Overmarking,88.0,76.5,23.5,23.5,30.72,73.24,9.91,72.78,9.96
S139,Software Engineering,F03,26.4,66.6,84.0,77.9,100,False,No_Anomaly,88.0,76.5,1.4,1.4,1.83,73.88,11.06,72.8,10.07
S140,Compiler Design,F08,27.4,85.9,81.3,78.8,100,False,No_Anomaly,91.33,86.61,-7.81,7.81,-9.02,73.65,10.19,72.59,10.04
S140,Computer Networks,F08,27.4,85.9,81.3,77.4,100,False,No_Anomaly,91.33,86.61,-9.21,9.21,-10.63,73.65,10.19,72.72,10.8
S140,Machine Learning,F08,27.4,85.9,81.3,77.8,100,False,No_Anomaly,91.33,86.61,-8.81,8.81,-10.17,73.65,10.19,72.78,9.96
S140,Software Engineering,F03,27.4,85.9,81.3,79.6,100,False,No_Anomaly,91.33,86.61,-7.01,7.01,-8.09,73.88,11.06,72.8,10.07
S141,Compiler Design,F05,19.6,71.1,73.6,77.5,100,False,No_Anomaly,65.33,69.87,7.63,7.63,10.92,74.08,9.85,72.59,10.04
S141,Computer Networks,F05,19.6,71.1,73.6,76.1,100,False,No_Anomaly,65.33,69.87,6.23,6.23,8.92,74.08,9.85,72.72,10.8
S141,Machine Learning,F03,19.6,71.1,73.6,68.2,100,False,No_Anomaly,65.33,69.87,-1.67,1.67,-2.39,73.88,11.06,72.78,9.96
S141,Software Engineering,F05,19.6,71.1,73.6,72.7,100,False,No_Anomaly,65.33,69.87,2.83,2.83,4.05,74.08,9.85,72.8,10.07
S142,Compiler Design,F04,20.6,52.2,73.1,61.0,100,False,No_Anomaly,68.67,61.32,-0.32,0.32,-0.52,73.24,9.91,72.59,10.04
S142,Computer Networks,F05,20.6,52.2,73.1,65.2,100,False,No_Anomaly,68.67,61.32,3.88,3.88,6.33,74.08,9.85,72.72,10.8
S142,Machine Learning,F07,20.6,52.2,73.1,53.5,100,False,No_Anomaly,68.67,61.32,-7.82,7.82,-12.75,69.71,10.67,72.78,9.96
S142,Software Engineering,F06,20.6,52.2,73.1,66.5,100,False,No_Anomaly,68.67,61.32,5.18,5.18,8.45,72.75,9.99,72.8,10.07
S143,Compiler Design,F03,16.5,79.6,99.2,73.2,100,False,No_Anomaly,55.0,76.14,-2.94,2.94,-3.86,73.88,11.06,72.59,10.04
S143,Computer Networks,F04,16.5,79.6,99.2,70.7,100,False,No_Anomaly,55.0,76.14,-5.44,5.44,-7.14,73.24,9.91,72.72,10.8
S143,Machine Learning,F04,16.5,79.6,99.2,83.8,100,False,No_Anomaly,55.0,76.14,7.66,7.66,10.06,73.24,9.91,72.78,9.96
S143,Software Engineering,F05,16.5,79.6,99.2,80.1,100,False,No_Anomaly,55.0,76.14,3.96,3.96,5.2,74.08,9.85,72.8,10.07
S144,Compiler Design,F02,23.9,74.7,71.6,67.0,100,False,No_Anomaly,79.67,75.57,-8.57,8.57,-11.34,70.46,9.46,72.59,10.04
S144,Computer Networks,F08,23.9,74.7,71.6,75.5,100,False,No_Anomaly,79.67,75.57,-0.07,0.07,-0.09,73.65,10.19,72.72,10.8
S144,Machine Learning,F07,23.9,74.7,71.6,71.9,100,False,No_Anomaly,79.67,75.57,-3.67,3.67,-4.86,69.71,10.67,72.78,9.96
S144,Software Engineering,F03,23.9,74.7,71.6,67.1,100,False,No_Anomaly,79.67,75.57,-8.47,8.47,-11.21,73.88,11.06,72.8,10.07
S145,Compiler Design,F02,25.7,68.4,63.7,74.0,100,False,No_Anomaly,85.67,72.64,1.36,1.36,1.87,70.46,9.46,72.59,10.04
S145,Computer Networks,F03,25.7,68.4,63.7,66.6,100,False,No_Anomaly,85.67,72.64,-6.04,6.04,-8.31,73.88,11.06,72.72,10.8
S145,Machine Learning,F06,25.7,68.4,63.7,72.3,100,False,No_Anomaly,85.67,72.64,-0.34,0.34,-0.47,72.75,9.99,72.78,9.96
S145,Software Engineering,F04,25.7,68.4,63.7,70.4,100,False,No_Anomaly,85.67,72.64,-2.24,2.24,-3.08,73.24,9.91,72.8,10.07
S146,Compiler Design,F08,17.7,62.7,76.7,70.5,100,False,No_Anomaly,59.0,64.39,6.11,6.11,9.49,73.65,10.19,72.59,10.04
S146,Computer Networks,F07,17.7,62.7,76.7,64.5,100,False,No_Anomaly,59.0,64.39,0.11,0.11,0.17,69.71,10.67,72.72,10.8
S146,Machine Learning,F06,17.7,62.7,76.7,61.8,100,False,No_Anomaly,59.0,64.39,-2.59,2.59,-4.02,72.75,9.99,72.78,9.96
S146,Software Engineering,F03,17.7,62.7,76.7,97.3,100,True,Severe_Overmarking,59.0,64.39,32.91,32.91,51.11,73.88,11.06,72.8,10.07
S147,Compiler Design,F07,21.2,62.1,86.3,68.4,100,False,No_Anomaly,70.67,69.51,-1.11,1.11,-1.6,69.71,10.67,72.59,10.04
S147,Computer Networks,F02,21.2,62.1,86.3,74.6,100,False,No_Anomaly,70.67,69.51,5.09,5.09,7.32,70.46,9.46,72.72,10.8
S147,Machine Learning,F06,21.2,62.1,86.3,71.0,100,False,No_Anomaly,70.67,69.51,1.49,1.49,2.14,72.75,9.99,72.78,9.96
S147,Software Engineering,F03,21.2,62.1,86.3,75.4,100,False,No_Anomaly,70.67,69.51,5.89,5.89,8.47,73.88,11.06,72.8,10.07
S148,Compiler Design,F04,27.3,73.9,85.6,89.9,100,False,No_Anomaly,91.0,81.37,8.53,8.53,10.48,73.24,9.91,72.59,10.04
S148,Computer Networks,F04,27.3,73.9,85.6,80.3,100,False,No_Anomaly,91.0,81.37,-1.07,1.07,-1.31,73.24,9.91,72.72,10.8
S148,Machine Learning,F08,27.3,73.9,85.6,78.0,100,False,No_Anomaly,91.0,81.37,-3.37,3.37,-4.14,73.65,10.19,72.78,9.96
S148,Software Engineering,F02,27.3,73.9,85.6,79.6,100,False,No_Anomaly,91.0,81.37,-1.77,1.77,-2.18,70.46,9.46,72.8,10.07
S149,Compiler Design,F03,26.3,65.9,67.2,85.2,100,False,No_Anomaly,87.67,72.69,12.51,12.51,17.21,73.88,11.06,72.59,10.04
S149,Computer Networks,F05,26.3,65.9,67.2,80.7,100,False,No_Anomaly,87.67,72.69,8.01,8.01,11.02,74.08,9.85,72.72,10.8
S149,Machine Learning,F07,26.3,65.9,67.2,65.2,100,False,No_Anomaly,87.67,72.69,-7.49,7.49,-10.3,69.71,10.67,72.78,9.96
S149,Software Engineering,F03,26.3,65.9,67.2,63.7,100,False,No_Anomaly,87.67,72.69,-8.99,8.99,-12.37,73.88,11.06,72.8,10.07
S150,Compiler Design,F05,23.5,66.0,93.1,77.3,100,False,No_Anomaly,78.33,75.12,2.18,2.18,2.9,74.08,9.85,72.59,10.04
S150,Computer Networks,F01,23.5,66.0,93.1,79.0,100,False,No_Anomaly,78.33,75.12,3.88,3.88,5.17,73.7,9.66,72.72,10.8
S150,Machine Learning,F07,23.5,66.0,93.1,66.9,100,False,No_Anomaly,78.33,75.12,-8.22,8.22,-10.94,69.71,10.67,72.78,9.96
S150,Software Engineering,F01,23.5,66.0,93.1,41.0,100,True,Severe_Undermarking,78.33,75.12,-34.12,34.12,-45.42,73.7,9.66,72.8,10.07
S151,Compiler Design,F01,29.8,68.4,85.5,74.8,100,False,No_Anomaly,99.33,81.1,-6.3,6.3,-7.77,73.7,9.66,72.59,10.04
S151,Computer Networks,F05,29.8,68.4,85.5,80.7,100,False,No_Anomaly,99.33,81.1,-0.4,0.4,-0.49,74.08,9.85,72.72,10.8
S151,Machine Learning,F04,29.8,68.4,85.5,81.5,100,False,No_Anomaly,99.33,81.1,0.4,0.4,0.49,73.24,9.91,72.78,9.96
S151,Software Engineering,F02,29.8,68.4,85.5,79.6,100,False,No_Anomaly,99.33,81.1,-1.5,1.5,-1.85,70.46,9.46,72.8,10.07
S152,Compiler Design,F08,22.6,94.9,82.7,83.7,100,False,No_Anomaly,75.33,86.59,-2.89,2.89,-3.34,73.65,10.19,72.59,10.04
S152,Computer Networks,F07,22.6,94.9,82.7,80.9,100,False,No_Anomaly,75.33,86.59,-5.69,5.69,-6.57,69.71,10.67,72.72,10.8
S152,Machine Learning,F07,22.6,94.9,82.7,86.2,100,False,No_Anomaly,75.33,86.59,-0.39,0.39,-0.45,69.71,10.67,72.78,9.96
S152,Software Engineering,F07,22.6,94.9,82.7,73.2,100,False,No_Anomaly,75.33,86.59,-13.39,13.39,-15.46,69.71,10.67,72.8,10.07
S153,Compiler Design,F05,23.3,82.9,73.5,87.6,100,False,No_Anomaly,77.67,79.45,8.15,8.15,10.26,74.08,9.85,72.59,10.04
S153,Computer Networks,F04,23.3,82.9,73.5,76.6,100,False,No_Anomaly,77.67,79.45,-2.85,2.85,-3.59,73.24,9.91,72.72,10.8
S153,Machine Learning,F07,23.3,82.9,73.5,72.1,100,False,No_Anomaly,77.67,79.45,-7.35,7.35,-9.25,69.71,10.67,72.78,9.96
S153,Software Engineering,F07,23.3,82.9,73.5,79.1,100,False,No_Anomaly,77.67,79.45,-0.35,0.35,-0.44,69.71,10.67,72.8,10.07
S154,Compiler Design,F03,18.7,69.7,85.1,71.4,100,False,No_Anomaly,62.33,70.57,0.83,0.83,1.18,73.88,11.06,72.59,10.04
S154,Computer Networks,F02,18.7,69.7,85.1,71.0,100,False,No_Anomaly,62.33,70.57,0.43,0.43,0.61,70.46,9.46,72.72,10.8
S154,Machine Learning,F04,18.7,69.7,85.1,79.4,100,False,No_Anomaly,62.33,70.57,8.83,8.83,12.51,73.24,9.91,72.78,9.96
S154,Software Engineering,F02,18.7,69.7,85.1,59.4,100,False,No_Anomaly,62.33,70.57,-11.17,11.17,-15.83,70.46,9.46,72.8,10.07
S155,Compiler Design,F08,17.5,50.9,61.3,54.8,100,False,No_Anomaly,58.33,55.21,-0.41,0.41,-0.74,73.65,10.19,72.59,10.04
S155,Computer Networks,F02,17.5,50.9,61.3,63.5,100,False,No_Anomaly,58.33,55.21,8.29,8.29,15.02,70.46,9.46,72.72,10.8
S155,Machine Learning,F07,17.5,50.9,61.3,56.8,100,False,No_Anomaly,58.33,55.21,1.59,1.59,2.88,69.71,10.67,72.78,9.96
S155,Software Engineering,F02,17.5,50.9,61.3,55.9,100,False,No_Anomaly,58.33,55.21,0.69,0.69,1.25,70.46,9.46,72.8,10.07
S156,Compiler Design,F07,29.7,64.5,79.1,63.8,100,False,No_Anomaly,99.0,77.77,-13.97,13.97,-17.96,69.71,10.67,72.59,10.04
S156,Computer Networks,F04,29.7,64.5,79.1,84.4,100,False,No_Anomaly,99.0,77.77,6.63,6.63,8.53,73.24,9.91,72.72,10.8
S156,Machine Learning,F03,29.7,64.5,79.1,78.1,100,False,No_Anomaly,99.0,77.77,0.33,0.33,0.42,73.88,11.06,72.78,9.96
S156,Software Engineering,F04,29.7,64.5,79.1,71.5,100,False,No_Anomaly,99.0,77.77,-6.27,6.27,-8.06,73.24,9.91,72.8,10.07
S157,Compiler Design,F03,23.4,83.3,72.4,78.4,100,False,No_Anomaly,78.0,79.53,-1.13,1.13,-1.42,73.88,11.06,72.59,10.04
S157,Computer Networks,F08,23.4,83.3,72.4,75.0,100,False,No_Anomaly,78.0,79.53,-4.53,4.53,-5.7,73.65,10.19,72.72,10.8
S157,Machine Learning,F07,23.4,83.3,72.4,68.5,100,False,No_Anomaly,78.0,79.53,-11.03,11.03,-13.87,69.71,10.67,72.78,9.96
S157,Software Engineering,F01,23.4,83.3,72.4,80.6,100,False,No_Anomaly,78.0,79.53,1.07,1.07,1.35,73.7,9.66,72.8,10.07
S158,Compiler Design,F03,22.7,65.1,79.2,72.5,100,False,No_Anomaly,75.67,71.09,1.41,1.41,1.98,73.88,11.06,72.59,10.04
S158,Computer Networks,F01,22.7,65.1,79.2,73.9,100,False,No_Anomaly,75.67,71.09,2.81,2.81,3.95,73.7,9.66,72.72,10.8
S158,Machine Learning,F06,22.7,65.1,79.2,71.3,100,False,No_Anomaly,75.67,71.09,0.21,0.21,0.3,72.75,9.99,72.78,9.96
S158,Software Engineering,F03,22.7,65.1,79.2,72.3,100,False,No_Anomaly,75.67,71.09,1.21,1.21,1.7,73.88,11.06,72.8,10.07
S159,Compiler Design,F04,26.3,77.4,78.6,78.5,100,False,No_Anomaly,87.67,80.72,-2.22,2.22,-2.75,73.24,9.91,72.59,10.04
S159,Computer Networks,F08,26.3,77.4,78.6,83.4,100,False,No_Anomaly,87.67,80.72,2.68,2.68,3.32,73.65,10.19,72.72,10.8
S159,Machine Learning,F07,26.3,77.4,78.6,79.8,100,False,No_Anomaly,87.67,80.72,-0.92,0.92,-1.14,69.71,10.67,72.78,9.96
S159,Software Engineering,F05,26.3,77.4,78.6,79.3,100,False,No_Anomaly,87.67,80.72,-1.42,1.42,-1.76,74.08,9.85,72.8,10.07
S160,Compiler Design,F04,30.0,56.3,82.1,69.8,100,False,No_Anomaly,100.0,74.57,-4.77,4.77,-6.4,73.24,9.91,72.59,10.04
S160,Computer Networks,F05,30.0,56.3,82.1,76.2,100,False,No_Anomaly,100.0,74.57,1.63,1.63,2.19,74.08,9.85,72.72,10.8
S160,Machine Learning,F01,30.0,56.3,82.1,68.7,100,False,No_Anomaly,100.0,74.57,-5.87,5.87,-7.87,73.7,9.66,72.78,9.96
S160,Software Engineering,F08,30.0,56.3,82.1,73.4,100,False,No_Anomaly,100.0,74.57,-1.17,1.17,-1.57,73.65,10.19,72.8,10.07
S161,Compiler Design,F08,22.4,72.7,96.3,75.0,100,False,No_Anomaly,74.67,78.01,-3.01,3.01,-3.86,73.65,10.19,72.59,10.04
S161,Computer Networks,F01,22.4,72.7,96.3,71.1,100,False,No_Anomaly,74.67,78.01,-6.91,6.91,-8.86,73.7,9.66,72.72,10.8
S161,Machine Learning,F01,22.4,72.7,96.3,75.0,100,False,No_Anomaly,74.67,78.01,-3.01,3.01,-3.86,73.7,9.66,72.78,9.96
S161,Software Engineering,F05,22.4,72.7,96.3,79.8,100,False,No_Anomaly,74.67,78.01,1.79,1.79,2.29,74.08,9.85,72.8,10.07
S162,Compiler Design,F01,21.3,77.0,81.4,70.4,100,False,No_Anomaly,71.0,76.08,-5.68,5.68,-7.47,73.7,9.66,72.59,10.04
S162,Computer Networks,F06,21.3,77.0,81.4,100.0,100,True,Severe_Overmarking,71.0,76.08,23.92,23.92,31.44,72.75,9.99,72.72,10.8
S162,Machine Learning,F03,21.3,77.0,81.4,79.7,100,False,No_Anomaly,71.0,76.08,3.62,3.62,4.76,73.88,11.06,72.78,9.96
S162,Software Engineering,F03,21.3,77.0,81.4,67.2,100,False,No_Anomaly,71.0,76.08,-8.88,8.88,-11.67,73.88,11.06,72.8,10.07
S163,Compiler Design,F08,18.6,60.6,86.3,75.4,100,False,No_Anomaly,62.0,66.16,9.24,9.24,13.97,73.65,10.19,72.59,10.04
S163,Computer Networks,F03,18.6,60.6,86.3,45.8,100,True,Severe_Undermarking,62.0,66.16,-20.36,20.36,-30.77,73.88,11.06,72.72,10.8
S163,Machine Learning,F02,18.6,60.6,86.3,71.0,100,False,No_Anomaly,62.0,66.16,4.84,4.84,7.32,70.46,9.46,72.78,9.96
S163,Software Engineering,F04,18.6,60.6,86.3,64.0,100,False,No_Anomaly,62.0,66.16,-2.16,2.16,-3.26,73.24,9.91,72.8,10.07
S164,Compiler Design,F02,23.5,78.0,92.9,65.9,100,False,No_Anomaly,78.33,81.08,-15.18,15.18,-18.72,70.46,9.46,72.59,10.04
S164,Computer Networks,F05,23.5,78.0,92.9,80.6,100,False,No_Anomaly,78.33,81.08,-0.48,0.48,-0.59,74.08,9.85,72.72,10.8
S164,Machine Learning,F06,23.5,78.0,92.9,83.6,100,False,No_Anomaly,78.33,81.08,2.52,2.52,3.11,72.75,9.99,72.78,9.96
S164,Software Engineering,F01,23.5,78.0,92.9,82.2,100,False,No_Anomaly,78.33,81.08,1.12,1.12,1.38,73.7,9.66,72.8,10.07
S165,Compiler Design,F03,20.8,66.6,86.5,80.6,100,False,No_Anomaly,69.33,71.4,9.2,9.2,12.89,73.88,11.06,72.59,10.04
S165,Computer Networks,F01,20.8,66.6,86.5,67.6,100,False,No_Anomaly,69.33,71.4,-3.8,3.8,-5.32,73.7,9.66,72.72,10.8
S165,Machine Learning,F04,20.8,66.6,86.5,67.7,100,False,No_Anomaly,69.33,71.4,-3.7,3.7,-5.18,73.24,9.91,72.78,9.96
S165,Software Engineering,F01,20.8,66.6,86.5,72.3,100,False,No_Anomaly,69.33,71.4,0.9,0.9,1.26,73.7,9.66,72.8,10.07
S166,Compiler Design,F06,20.7,81.2,63.7,74.4,100,False,No_Anomaly,69.0,74.04,0.36,0.36,0.49,72.75,9.99,72.59,10.04
S166,Computer Networks,F04,20.7,81.2,63.7,67.1,100,False,No_Anomaly,69.0,74.04,-6.94,6.94,-9.37,73.24,9.91,72.72,10.8
S166,Machine Learning,F04,20.7,81.2,63.7,71.0,100,False,No_Anomaly,69.0,74.04,-3.04,3.04,-4.11,73.24,9.91,72.78,9.96
S166,Software Engineering,F03,20.7,81.2,63.7,77.6,100,False,No_Anomaly,69.0,74.04,3.56,3.56,4.81,73.88,11.06,72.8,10.07
S167,Compiler Design,F05,27.5,46.1,67.0,63.7,100,False,No_Anomaly,91.67,63.95,-0.25,0.25,-0.39,74.08,9.85,72.59,10.04
S167,Computer Networks,F02,27.5,46.1,67.0,71.6,100,False,No_Anomaly,91.67,63.95,7.65,7.65,11.96,70.46,9.46,72.72,10.8
S167,Machine Learning,F05,27.5,46.1,67.0,65.0,100,False,No_Anomaly,91.67,63.95,1.05,1.05,1.64,74.08,9.85,72.78,9.96
S167,Software Engineering,F07,27.5,46.1,67.0,63.4,100,False,No_Anomaly,91.67,63.95,-0.55,0.55,-0.86,69.71,10.67,72.8,10.07
S168,Compiler Design,F02,16.0,80.7,74.8,63.9,100,False,No_Anomaly,53.33,71.31,-7.41,7.41,-10.39,70.46,9.46,72.59,10.04
S168,Computer Networks,F03,16.0,80.7,74.8,71.7,100,False,No_Anomaly,53.33,71.31,0.39,0.39,0.55,73.88,11.06,72.72,10.8
S168,Machine Learning,F01,16.0,80.7,74.8,68.8,100,False,No_Anomaly,53.33,71.31,-2.51,2.51,-3.52,73.7,9.66,72.78,9.96
S168,Software Engineering,F07,16.0,80.7,74.8,61.3,100,False,No_Anomaly,53.33,71.31,-10.01,10.01,-14.04,69.71,10.67,72.8,10.07
S169,Compiler Design,F03,30.0,35.0,76.6,56.7,100,False,No_Anomaly,100.0,62.82,-6.12,6.12,-9.74,73.88,11.06,72.59,10.04
S169,Computer Networks,F03,30.0,35.0,76.6,59.0,100,False,No_Anomaly,100.0,62.82,-3.82,3.82,-6.08,73.88,11.06,72.72,10.8
S169,Machine Learning,F06,30.0,35.0,76.6,71.7,100,False,No_Anomaly,100.0,62.82,8.88,8.88,14.14,72.75,9.99,72.78,9.96
S169,Software Engineering,F06,30.0,35.0,76.6,63.8,100,False,No_Anomaly,100.0,62.82,0.98,0.98,1.56,72.75,9.99,72.8,10.07
S170,Compiler Design,F01,23.9,75.2,76.4,73.2,100,False,No_Anomaly,79.67,76.78,-3.58,3.58,-4.66,73.7,9.66,72.59,10.04
S170,Computer Networks,F05,23.9,75.2,76.4,75.2,100,False,No_Anomaly,79.67,76.78,-1.58,1.58,-2.06,74.08,9.85,72.72,10.8
S170,Machine Learning,F02,23.9,75.2,76.4,71.8,100,False,No_Anomaly,79.67,76.78,-4.98,4.98,-6.49,70.46,9.46,72.78,9.96
S170,Software Engineering,F05,23.9,75.2,76.4,70.0,100,False,No_Anomaly,79.67,76.78,-6.78,6.78,-8.83,74.08,9.85,72.8,10.07
S171,Compiler Design,F08,22.4,51.3,79.0,69.4,100,False,No_Anomaly,74.67,63.85,5.55,5.55,8.69,73.65,10.19,72.59,10.04
S171,Computer Networks,F01,22.4,51.3,79.0,62.8,100,False,No_Anomaly,74.67,63.85,-1.05,1.05,-1.64,73.7,9.66,72.72,10.8
S171,Machine Learning,F04,22.4,51.3,79.0,65.8,100,False,No_Anomaly,74.67,63.85,1.95,1.95,3.05,73.24,9.91,72.78,9.96
S171,Software Engineering,F02,22.4,51.3,79.0,73.5,100,False,No_Anomaly,74.67,63.85,9.65,9.65,15.11,70.46,9.46,72.8,10.07
S172,Compiler Design,F07,23.4,69.0,89.9,69.5,100,False,No_Anomaly,78.0,75.88,-6.38,6.38,-8.41,69.71,10.67,72.59,10.04
S172,Computer Networks,F08,23.4,69.0,89.9,76.1,100,False,No_Anomaly,78.0,75.88,0.22,0.22,0.29,73.65,10.19,72.72,10.8
S172,Machine Learning,F01,23.4,69.0,89.9,69.5,100,False,No_Anomaly,78.0,75.88,-6.38,6.38,-8.41,73.7,9.66,72.78,9.96
S172,Software Engineering,F02,23.4,69.0,89.9,75.7,100,False,No_Anomaly,78.0,75.88,-0.18,0.18,-0.24,70.46,9.46,72.8,10.07
S173,Compiler Design,F03,25.6,78.0,75.1,74.5,100,False,No_Anomaly,85.33,79.62,-5.12,5.12,-6.43,73.88,11.06,72.59,10.04
S173,Computer Networks,F06,25.6,78.0,75.1,83.1,100,False,No_Anomaly,85.33,79.62,3.48,3.48,4.37,72.75,9.99,72.72,10.8
S173,Machine Learning,F05,25.6,78.0,75.1,74.7,100,False,No_Anomaly,85.33,79.62,-4.92,4.92,-6.18,74.08,9.85,72.78,9.96
S173,Software Engineering,F04,25.6,78.0,75.1,83.2,100,False,No_Anomaly,85.33,79.62,3.58,3.58,4.5,73.24,9.91,72.8,10.07
S174,Compiler Design,F05,18.4,89.5,72.3,81.9,100,False,No_Anomaly,61.33,77.61,4.29,4.29,5.53,74.08,9.85,72.59,10.04
S174,Computer Networks,F04,18.4,89.5,72.3,77.8,100,False,No_Anomaly,61.33,77.61,0.19,0.19,0.24,73.24,9.91,72.72,10.8
S174,Machine Learning,F08,18.4,89.5,72.3,84.2,100,False,No_Anomaly,61.33,77.61,6.59,6.59,8.49,73.65,10.19,72.78,9.96
S174,Software Engineering,F05,18.4,89.5,72.3,70.3,100,False,No_Anomaly,61.33,77.61,-7.31,7.31,-9.42,74.08,9.85,72.8,10.07
S175,Compiler Design,F03,27.6,86.0,80.1,90.0,100,False,No_Anomaly,92.0,86.62,3.38,3.38,3.9,73.88,11.06,72.59,10.04
S175,Computer Networks,F05,27.6,86.0,80.1,86.5,100,False,No_Anomaly,92.0,86.62,-0.12,0.12,-0.14,74.08,9.85,72.72,10.8
S175,Machine Learning,F04,27.6,86.0,80.1,80.1,100,False,No_Anomaly,92.0,86.62,-6.52,6.52,-7.53,73.24,9.91,72.78,9.96
S175,Software Engineering,F04,27.6,86.0,80.1,91.5,100,False,No_Anomaly,92.0,86.62,4.88,4.88,5.63,73.24,9.91,72.8,10.07
S176,Compiler Design,F08,22.5,64.7,96.6,75.0,100,False,No_Anomaly,75.0,74.17,0.83,0.83,1.12,73.65,10.19,72.59,10.04
S176,Computer Networks,F04,22.5,64.7,96.6,69.3,100,False,No_Anomaly,75.0,74.17,-4.87,4.87,-6.57,73.24,9.91,72.72,10.8
S176,Machine Learning,F04,22.5,64.7,96.6,71.6,100,False,No_Anomaly,75.0,74.17,-2.57,2.57,-3.47,73.24,9.91,72.78,9.96
S176,Software Engineering,F06,22.5,64.7,96.6,75.1,100,False,No_Anomaly,75.0,74.17,0.93,0.93,1.25,72.75,9.99,72.8,10.07
S177,Compiler Design,F01,20.6,73.1,97.6,72.8,100,False,No_Anomaly,68.67,76.67,-3.87,3.87,-5.05,73.7,9.66,72.59,10.04
S177,Computer Networks,F01,20.6,73.1,97.6,74.6,100,False,No_Anomaly,68.67,76.67,-2.07,2.07,-2.7,73.7,9.66,72.72,10.8
S177,Machine Learning,F06,20.6,73.1,97.6,80.1,100,False,No_Anomaly,68.67,76.67,3.43,3.43,4.47,72.75,9.99,72.78,9.96
S177,Software Engineering,F03,20.6,73.1,97.6,74.0,100,False,No_Anomaly,68.67,76.67,-2.67,2.67,-3.48,73.88,11.06,72.8,10.07
S178,Compiler Design,F01,23.8,58.7,77.5,62.0,100,False,No_Anomaly,79.33,68.65,-6.65,6.65,-9.69,73.7,9.66,72.59,10.04
S178,Computer Networks,F02,23.8,58.7,77.5,71.3,100,False,No_Anomaly,79.33,68.65,2.65,2.65,3.86,70.46,9.46,72.72,10.8
S178,Machine Learning,F03,23.8,58.7,77.5,67.4,100,False,No_Anomaly,79.33,68.65,-1.25,1.25,-1.82,73.88,11.06,72.78,9.96
S178,Software Engineering,F02,23.8,58.7,77.5,78.2,100,False,No_Anomaly,79.33,68.65,9.55,9.55,13.91,70.46,9.46,72.8,10.07
S179,Compiler Design,F05,19.8,51.2,88.4,75.4,100,False,No_Anomaly,66.0,63.08,12.32,12.32,19.53,74.08,9.85,72.59,10.04
S179,Computer Networks,F04,19.8,51.2,88.4,66.0,100,False,No_Anomaly,66.0,63.08,2.92,2.92,4.63,73.24,9.91,72.72,10.8
S179,Machine Learning,F03,19.8,51.2,88.4,63.4,100,False,No_Anomaly,66.0,63.08,0.32,0.32,0.51,73.88,11.06,72.78,9.96
S179,Software Engineering,F04,19.8,51.2,88.4,69.3,100,False,No_Anomaly,66.0,63.08,6.22,6.22,9.86,73.24,9.91,72.8,10.07
S180,Compiler Design,F05,18.9,83.8,58.1,76.7,100,False,No_Anomaly,63.0,72.42,4.28,4.28,5.91,74.08,9.85,72.59,10.04
S180,Computer Networks,F07,18.9,83.8,58.1,63.4,100,False,No_Anomaly,63.0,72.42,-9.02,9.02,-12.46,69.71,10.67,72.72,10.8
S180,Machine Learning,F05,18.9,83.8,58.1,75.1,100,False,No_Anomaly,63.0,72.42,2.68,2.68,3.7,74.08,9.85,72.78,9.96
S180,Software Engineering,F04,18.9,83.8,58.1,67.8,100,False,No_Anomaly,63.0,72.42,-4.62,4.62,-6.38,73.24,9.91,72.8,10.07
S181,Compiler Design,F06,23.0,49.8,73.7,62.6,100,False,No_Anomaly,76.67,62.64,-0.04,0.04,-0.06,72.75,9.99,72.59,10.04
S181,Computer Networks,F06,23.0,49.8,73.7,59.8,100,False,No_Anomaly,76.67,62.64,-2.84,2.84,-4.53,72.75,9.99,72.72,10.8
S181,Machine Learning,F04,23.0,49.8,73.7,59.2,100,False,No_Anomaly,76.67,62.64,-3.44,3.44,-5.49,73.24,9.91,72.78,9.96
S181,Software Engineering,F01,23.0,49.8,73.7,61.8,100,False,No_Anomaly,76.67,62.64,-0.84,0.84,-1.34,73.7,9.66,72.8,10.07
S182,Compiler Design,F04,21.4,67.8,79.5,72.6,100,False,No_Anomaly,71.33,71.2,1.4,1.4,1.97,73.24,9.91,72.59,10.04
S182,Computer Networks,F05,21.4,67.8,79.5,75.2,100,False,No_Anomaly,71.33,71.2,4.0,4.0,5.62,74.08,9.85,72.72,10.8
S182,Machine Learning,F07,21.4,67.8,79.5,66.9,100,False,No_Anomaly,71.33,71.2,-4.3,4.3,-6.04,69.71,10.67,72.78,9.96
S182,Software Engineering,F04,21.4,67.8,79.5,74.5,100,False,No_Anomaly,71.33,71.2,3.3,3.3,4.63,73.24,9.91,72.8,10.07
S183,Compiler Design,F04,24.8,72.4,71.9,72.6,100,False,No_Anomaly,82.67,75.38,-2.78,2.78,-3.69,73.24,9.91,72.59,10.04
S183,Computer Networks,F06,24.8,72.4,71.9,75.0,100,False,No_Anomaly,82.67,75.38,-0.38,0.38,-0.5,72.75,9.99,72.72,10.8
S183,Machine Learning,F05,24.8,72.4,71.9,77.8,100,False,No_Anomaly,82.67,75.38,2.42,2.42,3.21,74.08,9.85,72.78,9.96
S183,Software Engineering,F01,24.8,72.4,71.9,73.7,100,False,No_Anomaly,82.67,75.38,-1.68,1.68,-2.23,73.7,9.66,72.8,10.07
S184,Compiler Design,F08,24.2,78.0,85.9,85.6,100,False,No_Anomaly,80.67,80.38,5.22,5.22,6.49,73.65,10.19,72.59,10.04
S184,Computer Networks,F03,24.2,78.0,85.9,78.1,100,False,No_Anomaly,80.67,80.38,-2.28,2.28,-2.84,73.88,11.06,72.72,10.8
S184,Machine Learning,F02,24.2,78.0,85.9,72.5,100,False,No_Anomaly,80.67,80.38,-7.88,7.88,-9.8,70.46,9.46,72.78,9.96
S184,Software Engineering,F06,24.2,78.0,85.9,80.2,100,False,No_Anomaly,80.67,80.38,-0.18,0.18,-0.22,72.75,9.99,72.8,10.07
S185,Compiler Design,F01,21.7,73.6,100.0,69.8,100,False,No_Anomaly,72.33,78.5,-8.7,8.7,-11.08,73.7,9.66,72.59,10.04
S185,Computer Networks,F06,21.7,73.6,100.0,74.4,100,False,No_Anomaly,72.33,78.5,-4.1,4.1,-5.22,72.75,9.99,72.72,10.8
S185,Machine Learning,F08,21.7,73.6,100.0,75.6,100,False,No_Anomaly,72.33,78.5,-2.9,2.9,-3.69,73.65,10.19,72.78,9.96
S185,Software Engineering,F05,21.7,73.6,100.0,79.5,100,False,No_Anomaly,72.33,78.5,1.0,1.0,1.27,74.08,9.85,72.8,10.07
S186,Compiler Design,F02,17.9,66.3,74.5,66.0,100,False,No_Anomaly,59.67,65.95,0.05,0.05,0.08,70.46,9.46,72.59,10.04
S186,Computer Networks,F06,17.9,66.3,74.5,55.2,100,False,No_Anomaly,59.67,65.95,-10.75,10.75,-16.3,72.75,9.99,72.72,10.8
S186,Machine Learning,F07,17.9,66.3,74.5,59.9,100,False,No_Anomaly,59.67,65.95,-6.05,6.05,-9.17,69.71,10.67,72.78,9.96
S186,Software Engineering,F06,17.9,66.3,74.5,68.9,100,False,No_Anomaly,59.67,65.95,2.95,2.95,4.47,72.75,9.99,72.8,10.07
S187,Compiler Design,F05,21.7,55.1,73.1,67.5,100,False,No_Anomaly,72.33,63.87,3.63,3.63,5.68,74.08,9.85,72.59,10.04
S187,Computer Networks,F05,21.7,55.1,73.1,62.7,100,False,No_Anomaly,72.33,63.87,-1.17,1.17,-1.83,74.08,9.85,72.72,10.8
S187,Machine Learning,F01,21.7,55.1,73.1,69.6,100,False,No_Anomaly,72.33,63.87,5.73,5.73,8.97,73.7,9.66,72.78,9.96
S187,Software Engineering,F03,21.7,55.1,73.1,64.8,100,False,No_Anomaly,72.33,63.87,0.93,0.93,1.46,73.88,11.06,72.8,10.07
S188,Compiler Design,F04,18.9,74.0,82.5,72.3,100,False,No_Anomaly,63.0,72.4,-0.1,0.1,-0.14,73.24,9.91,72.59,10.04
S188,Computer Networks,F08,18.9,74.0,82.5,100.0,100,True,Severe_Overmarking,63.0,72.4,27.6,27.6,38.12,73.65,10.19,72.72,10.8
S188,Machine Learning,F01,18.9,74.0,82.5,76.9,100,False,No_Anomaly,63.0,72.4,4.5,4.5,6.22,73.7,9.66,72.78,9.96
S188,Software Engineering,F07,18.9,74.0,82.5,73.7,100,False,No_Anomaly,63.0,72.4,1.3,1.3,1.8,69.71,10.67,72.8,10.07
S189,Compiler Design,F02,21.4,80.8,89.4,73.0,100,False,No_Anomaly,71.33,79.68,-6.68,6.68,-8.38,70.46,9.46,72.59,10.04
S189,Computer Networks,F07,21.4,80.8,89.4,100.0,100,True,Severe_Overmarking,71.33,79.68,20.32,20.32,25.5,69.71,10.67,72.72,10.8
S189,Machine Learning,F08,21.4,80.8,89.4,79.1,100,False,No_Anomaly,71.33,79.68,-0.58,0.58,-0.73,73.65,10.19,72.78,9.96
S189,Software Engineering,F04,21.4,80.8,89.4,100.0,100,True,Severe_Overmarking,71.33,79.68,20.32,20.32,25.5,73.24,9.91,72.8,10.07
S190,Compiler Design,F06,22.8,62.2,87.5,77.2,100,False,No_Anomaly,76.0,71.4,5.8,5.8,8.12,72.75,9.99,72.59,10.04
S190,Computer Networks,F08,22.8,62.2,87.5,67.0,100,False,No_Anomaly,76.0,71.4,-4.4,4.4,-6.16,73.65,10.19,72.72,10.8
S190,Machine Learning,F05,22.8,62.2,87.5,67.2,100,False,No_Anomaly,76.0,71.4,-4.2,4.2,-5.88,74.08,9.85,72.78,9.96
S190,Software Engineering,F05,22.8,62.2,87.5,69.8,100,False,No_Anomaly,76.0,71.4,-1.6,1.6,-2.24,74.08,9.85,72.8,10.07
S191,Compiler Design,F03,23.0,52.6,81.3,69.0,100,False,No_Anomaly,76.67,65.56,3.44,3.44,5.25,73.88,11.06,72.59,10.04
S191,Computer Networks,F02,23.0,52.6,81.3,94.7,100,True,Severe_Overmarking,76.67,65.56,29.14,29.14,44.45,70.46,9.46,72.72,10.8
S191,Machine Learning,F01,23.0,52.6,81.3,68.1,100,False,No_Anomaly,76.67,65.56,2.54,2.54,3.87,73.7,9.66,72.78,9.96
S191,Software Engineering,F08,23.0,52.6,81.3,77.1,100,False,No_Anomaly,76.67,65.56,11.54,11.54,17.6,73.65,10.19,72.8,10.07
S192,Compiler Design,F05,16.2,59.2,83.9,65.9,100,False,No_Anomaly,54.0,62.58,3.32,3.32,5.31,74.08,9.85,72.59,10.04
S192,Computer Networks,F07,16.2,59.2,83.9,61.7,100,False,No_Anomaly,54.0,62.58,-0.88,0.88,-1.41,69.71,10.67,72.72,10.8
S192,Machine Learning,F08,16.2,59.2,83.9,68.5,100,False,No_Anomaly,54.0,62.58,5.92,5.92,9.46,73.65,10.19,72.78,9.96
S192,Software Engineering,F07,16.2,59.2,83.9,72.0,100,False,No_Anomaly,54.0,62.58,9.42,9.42,15.05,69.71,10.67,72.8,10.07
S193,Compiler Design,F03,21.0,86.0,94.5,82.9,100,False,No_Anomaly,70.0,82.9,0.0,0.0,0.0,73.88,11.06,72.59,10.04
S193,Computer Networks,F02,21.0,86.0,94.5,80.0,100,False,No_Anomaly,70.0,82.9,-2.9,2.9,-3.5,70.46,9.46,72.72,10.8
S193,Machine Learning,F04,21.0,86.0,94.5,80.9,100,False,No_Anomaly,70.0,82.9,-2.0,2.0,-2.41,73.24,9.91,72.78,9.96
S193,Software Engineering,F03,21.0,86.0,94.5,90.3,100,False,No_Anomaly,70.0,82.9,7.4,7.4,8.93,73.88,11.06,72.8,10.07
S194,Compiler Design,F05,17.4,74.4,57.9,70.9,100,False,No_Anomaly,58.0,66.18,4.72,4.72,7.13,74.08,9.85,72.59,10.04
S194,Computer Networks,F08,17.4,74.4,57.9,64.2,100,False,No_Anomaly,58.0,66.18,-1.98,1.98,-2.99,73.65,10.19,72.72,10.8
S194,Machine Learning,F01,17.4,74.4,57.9,66.0,100,False,No_Anomaly,58.0,66.18,-0.18,0.18,-0.27,73.7,9.66,72.78,9.96
S194,Software Engineering,F04,17.4,74.4,57.9,72.1,100,False,No_Anomaly,58.0,66.18,5.92,5.92,8.95,73.24,9.91,72.8,10.07
S195,Compiler Design,F01,24.9,66.5,71.3,72.6,100,False,No_Anomaly,83.0,72.41,0.19,0.19,0.26,73.7,9.66,72.59,10.04
S195,Computer Networks,F06,24.9,66.5,71.3,73.2,100,False,No_Anomaly,83.0,72.41,0.79,0.79,1.09,72.75,9.99,72.72,10.8
S195,Machine Learning,F07,24.9,66.5,71.3,75.2,100,False,No_Anomaly,83.0,72.41,2.79,2.79,3.85,69.71,10.67,72.78,9.96
S195,Software Engineering,F06,24.9,66.5,71.3,66.0,100,False,No_Anomaly,83.0,72.41,-6.41,6.41,-8.85,72.75,9.99,72.8,10.07
S196,Compiler Design,F07,18.7,94.0,70.2,78.0,100,False,No_Anomaly,62.33,79.74,-1.74,1.74,-2.18,69.71,10.67,72.59,10.04
S196,Computer Networks,F04,18.7,94.0,70.2,84.7,100,False,No_Anomaly,62.33,79.74,4.96,4.96,6.22,73.24,9.91,72.72,10.8
S196,Machine Learning,F05,18.7,94.0,70.2,81.0,100,False,No_Anomaly,62.33,79.74,1.26,1.26,1.58,74.08,9.85,72.78,9.96
S196,Software Engineering,F07,18.7,94.0,70.2,68.0,100,False,No_Anomaly,62.33,79.74,-11.74,11.74,-14.72,69.71,10.67,72.8,10.07
S197,Compiler Design,F08,17.1,72.8,98.1,70.3,100,False,No_Anomaly,57.0,73.12,-2.82,2.82,-3.86,73.65,10.19,72.59,10.04
S197,Computer Networks,F08,17.1,72.8,98.1,78.6,100,False,No_Anomaly,57.0,73.12,5.48,5.48,7.49,73.65,10.19,72.72,10.8
S197,Machine Learning,F08,17.1,72.8,98.1,74.0,100,False,No_Anomaly,57.0,73.12,0.88,0.88,1.2,73.65,10.19,72.78,9.96
S197,Software Engineering,F08,17.1,72.8,98.1,68.1,100,False,No_Anomaly,57.0,73.12,-5.02,5.02,-6.87,73.65,10.19,72.8,10.07
S198,Compiler Design,F08,15.4,73.0,100.0,80.0,100,False,No_Anomaly,51.33,71.9,8.1,8.1,11.27,73.65,10.19,72.59,10.04
S198,Computer Networks,F06,15.4,73.0,100.0,72.1,100,False,No_Anomaly,51.33,71.9,0.2,0.2,0.28,72.75,9.99,72.72,10.8
S198,Machine Learning,F01,15.4,73.0,100.0,82.2,100,False,No_Anomaly,51.33,71.9,10.3,10.3,14.33,73.7,9.66,72.78,9.96
S198,Software Engineering,F05,15.4,73.0,100.0,72.3,100,False,No_Anomaly,51.33,71.9,0.4,0.4,0.56,74.08,9.85,72.8,10.07
S199,Compiler Design,F05,19.9,54.6,77.8,67.1,100,False,No_Anomaly,66.33,62.76,4.34,4.34,6.92,74.08,9.85,72.59,10.04
S199,Computer Networks,F03,19.9,54.6,77.8,56.5,100,False,No_Anomaly,66.33,62.76,-6.26,6.26,-9.97,73.88,11.06,72.72,10.8
S199,Machine Learning,F08,19.9,54.6,77.8,60.7,100,False,No_Anomaly,66.33,62.76,-2.06,2.06,-3.28,73.65,10.19,72.78,9.96
S199,Software Engineering,F07,19.9,54.6,77.8,87.3,100,True,Severe_Overmarking,66.33,62.76,24.54,24.54,39.1,69.71,10.67,72.8,10.07
S200,Compiler Design,F06,14.9,79.8,84.4,71.9,100,False,No_Anomaly,49.67,71.68,0.22,0.22,0.31,72.75,9.99,72.59,10.04
S200,Computer Networks,F04,14.9,79.8,84.4,72.5,100,False,No_Anomaly,49.67,71.68,0.82,0.82,1.14,73.24,9.91,72.72,10.8
S200,Machine Learning,F07,14.9,79.8,84.4,65.7,100,False,No_Anomaly,49.67,71.68,-5.98,5.98,-8.34,69.71,10.67,72.78,9.96
S200,Software Engineering,F01,14.9,79.8,84.4,96.8,100,True,Severe_Overmarking,49.67,71.68,25.12,25.12,35.04,73.7,9.66,72.8,10.07
S201,Compiler Design,F05,27.1,76.2,76.2,78.2,100,False,No_Anomaly,90.33,80.44,-2.24,2.24,-2.78,74.08,9.85,72.59,10.04
S201,Computer Networks,F03,27.1,76.2,76.2,72.7,100,False,No_Anomaly,90.33,80.44,-7.74,7.74,-9.62,73.88,11.06,72.72,10.8
S201,Machine Learning,F05,27.1,76.2,76.2,75.9,100,False,No_Anomaly,90.33,80.44,-4.54,4.54,-5.64,74.08,9.85,72.78,9.96
S201,Software Engineering,F07,27.1,76.2,76.2,67.7,100,False,No_Anomaly,90.33,80.44,-12.74,12.74,-15.84,69.71,10.67,72.8,10.07
S202,Compiler Design,F03,24.2,62.5,75.6,70.2,100,False,No_Anomaly,80.67,70.57,-0.37,0.37,-0.52,73.88,11.06,72.59,10.04
S202,Computer Networks,F03,24.2,62.5,75.6,71.5,100,False,No_Anomaly,80.67,70.57,0.93,0.93,1.32,73.88,11.06,72.72,10.8
S202,Machine Learning,F08,24.2,62.5,75.6,78.1,100,False,No_Anomaly,80.67,70.57,7.53,7.53,10.67,73.65,10.19,72.78,9.96
S202,Software Engineering,F08,24.2,62.5,75.6,68.9,100,False,No_Anomaly,80.67,70.57,-1.67,1.67,-2.37,73.65,10.19,72.8,10.07
S203,Compiler Design,F06,15.3,79.2,86.5,99.1,100,True,Severe_Overmarking,51.0,72.2,26.9,26.9,37.26,72.75,9.99,72.59,10.04
S203,Computer Networks,F05,15.3,79.2,86.5,74.1,100,False,No_Anomaly,51.0,72.2,1.9,1.9,2.63,74.08,9.85,72.72,10.8
S203,Machine Learning,F04,15.3,79.2,86.5,67.5,100,False,No_Anomaly,51.0,72.2,-4.7,4.7,-6.51,73.24,9.91,72.78,9.96
S203,Software Engineering,F07,15.3,79.2,86.5,67.2,100,False,No_Anomaly,51.0,72.2,-5.0,5.0,-6.93,69.71,10.67,72.8,10.07
S204,Compiler Design,F08,22.9,76.5,71.7,79.4,100,False,No_Anomaly,76.33,75.49,3.91,3.91,5.18,73.65,10.19,72.59,10.04
S204,Computer Networks,F02,22.9,76.5,71.7,75.9,100,False,No_Anomaly,76.33,75.49,0.41,0.41,0.54,70.46,9.46,72.72,10.8
S204,Machine Learning,F06,22.9,76.5,71.7,73.3,100,False,No_Anomaly,76.33,75.49,-2.19,2.19,-2.9,72.75,9.99,72.78,9.96
S204,Software Engineering,F03,22.9,76.5,71.7,69.7,100,False,No_Anomaly,76.33,75.49,-5.79,5.79,-7.67,73.88,11.06,72.8,10.07
S205,Compiler Design,F05,18.8,52.9,86.5,62.7,100,False,No_Anomaly,62.67,62.55,0.15,0.15,0.24,74.08,9.85,72.59,10.04
S205,Computer Networks,F07,18.8,52.9,86.5,53.8,100,False,No_Anomaly,62.67,62.55,-8.75,8.75,-13.99,69.71,10.67,72.72,10.8
S205,Machine Learning,F06,18.8,52.9,86.5,54.4,100,False,No_Anomaly,62.67,62.55,-8.15,8.15,-13.03,72.75,9.99,72.78,9.96
S205,Software Engineering,F03,18.8,52.9,86.5,63.1,100,False,No_Anomaly,62.67,62.55,0.55,0.55,0.88,73.88,11.06,72.8,10.07
S206,Compiler Design,F01,23.0,54.6,89.1,66.3,100,False,No_Anomaly,76.67,68.12,-1.82,1.82,-2.67,73.7,9.66,72.59,10.04
S206,Computer Networks,F08,23.0,54.6,89.1,64.1,100,False,No_Anomaly,76.67,68.12,-4.02,4.02,-5.9,73.65,10.19,72.72,10.8
S206,Machine Learning,F02,23.0,54.6,89.1,68.7,100,False,No_Anomaly,76.67,68.12,0.58,0.58,0.85,70.46,9.46,72.78,9.96
S206,Software Engineering,F07,23.0,54.6,89.1,64.3,100,False,No_Anomaly,76.67,68.12,-3.82,3.82,-5.61,69.71,10.67,72.8,10.07
S207,Compiler Design,F08,20.2,62.6,96.5,72.8,100,False,No_Anomaly,67.33,70.8,2.0,2.0,2.82,73.65,10.19,72.59,10.04
S207,Computer Networks,F04,20.2,62.6,96.5,71.1,100,False,No_Anomaly,67.33,70.8,0.3,0.3,0.42,73.24,9.91,72.72,10.8
S207,Machine Learning,F07,20.2,62.6,96.5,69.1,100,False,No_Anomaly,67.33,70.8,-1.7,1.7,-2.4,69.71,10.67,72.78,9.96
S207,Software Engineering,F01,20.2,62.6,96.5,69.9,100,False,No_Anomaly,67.33,70.8,-0.9,0.9,-1.27,73.7,9.66,72.8,10.07
S208,Compiler Design,F08,19.5,70.4,84.7,75.7,100,False,No_Anomaly,65.0,71.64,4.06,4.06,5.67,73.65,10.19,72.59,10.04
S208,Computer Networks,F01,19.5,70.4,84.7,76.6,100,False,No_Anomaly,65.0,71.64,4.96,4.96,6.92,73.7,9.66,72.72,10.8
S208,Machine Learning,F06,19.5,70.4,84.7,74.0,100,False,No_Anomaly,65.0,71.64,2.36,2.36,3.29,72.75,9.99,72.78,9.96
S208,Software Engineering,F06,19.5,70.4,84.7,69.8,100,False,No_Anomaly,65.0,71.64,-1.84,1.84,-2.57,72.75,9.99,72.8,10.07
S209,Compiler Design,F01,20.4,75.7,76.7,67.5,100,False,No_Anomaly,68.0,73.59,-6.09,6.09,-8.28,73.7,9.66,72.59,10.04
S209,Computer Networks,F05,20.4,75.7,76.7,38.7,100,True,Severe_Undermarking,68.0,73.59,-34.89,34.89,-47.41,74.08,9.85,72.72,10.8
S209,Machine Learning,F05,20.4,75.7,76.7,76.7,100,False,No_Anomaly,68.0,73.59,3.11,3.11,4.23,74.08,9.85,72.78,9.96
S209,Software Engineering,F06,20.4,75.7,76.7,68.3,100,False,No_Anomaly,68.0,73.59,-5.29,5.29,-7.19,72.75,9.99,72.8,10.07
S210,Compiler Design,F04,12.3,86.4,71.6,82.3,100,False,No_Anomaly,41.0,69.82,12.48,12.48,17.87,73.24,9.91,72.59,10.04
S210,Computer Networks,F06,12.3,86.4,71.6,68.6,100,False,No_Anomaly,41.0,69.82,-1.22,1.22,-1.75,72.75,9.99,72.72,10.8
S210,Machine Learning,F08,12.3,86.4,71.6,45.8,100,True,Severe_Undermarking,41.0,69.82,-24.02,24.02,-34.4,73.65,10.19,72.78,9.96
S210,Software Engineering,F01,12.3,86.4,71.6,67.4,100,False,No_Anomaly,41.0,69.82,-2.42,2.42,-3.47,73.7,9.66,72.8,10.07
S211,Compiler Design,F07,20.4,89.3,100.0,79.0,100,False,No_Anomaly,68.0,85.05,-6.05,6.05,-7.11,69.71,10.67,72.59,10.04
S211,Computer Networks,F06,20.4,89.3,100.0,87.7,100,False,No_Anomaly,68.0,85.05,2.65,2.65,3.12,72.75,9.99,72.72,10.8
S211,Machine Learning,F05,20.4,89.3,100.0,91.6,100,False,No_Anomaly,68.0,85.05,6.55,6.55,7.7,74.08,9.85,72.78,9.96
S211,Software Engineering,F02,20.4,89.3,100.0,90.5,100,False,No_Anomaly,68.0,85.05,5.45,5.45,6.41,70.46,9.46,72.8,10.07
S212,Compiler Design,F01,20.9,46.8,78.9,62.7,100,False,No_Anomaly,69.67,60.08,2.62,2.62,4.36,73.7,9.66,72.59,10.04
S212,Computer Networks,F01,20.9,46.8,78.9,63.8,100,False,No_Anomaly,69.67,60.08,3.72,3.72,6.19,73.7,9.66,72.72,10.8
S212,Machine Learning,F05,20.9,46.8,78.9,65.0,100,False,No_Anomaly,69.67,60.08,4.92,4.92,8.19,74.08,9.85,72.78,9.96
S212,Software Engineering,F05,20.9,46.8,78.9,71.2,100,False,No_Anomaly,69.67,60.08,11.12,11.12,18.51,74.08,9.85,72.8,10.07
S213,Compiler Design,F04,24.3,67.7,70.9,59.8,100,False,No_Anomaly,81.0,72.33,-12.53,12.53,-17.32,73.24,9.91,72.59,10.04
S213,Computer Networks,F02,24.3,67.7,70.9,64.5,100,False,No_Anomaly,81.0,72.33,-7.83,7.83,-10.83,70.46,9.46,72.72,10.8
S213,Machine Learning,F01,24.3,67.7,70.9,80.4,100,False,No_Anomaly,81.0,72.33,8.07,8.07,11.16,73.7,9.66,72.78,9.96
S213,Software Engineering,F05,24.3,67.7,70.9,66.1,100,False,No_Anomaly,81.0,72.33,-6.23,6.23,-8.61,74.08,9.85,72.8,10.07
S214,Compiler Design,F07,24.8,76.3,67.1,71.4,100,False,No_Anomaly,82.67,76.37,-4.97,4.97,-6.51,69.71,10.67,72.59,10.04
S214,Computer Networks,F02,24.8,76.3,67.1,69.0,100,False,No_Anomaly,82.67,76.37,-7.37,7.37,-9.65,70.46,9.46,72.72,10.8
S214,Machine Learning,F08,24.8,76.3,67.1,73.6,100,False,No_Anomaly,82.67,76.37,-2.77,2.77,-3.63,73.65,10.19,72.78,9.96
S214,Software Engineering,F03,24.8,76.3,67.1,76.3,100,False,No_Anomaly,82.67,76.37,-0.07,0.07,-0.09,73.88,11.06,72.8,10.07
S215,Compiler Design,F03,20.7,94.6,83.7,79.5,100,False,No_Anomaly,69.0,84.74,-5.24,5.24,-6.18,73.88,11.06,72.59,10.04
S215,Computer Networks,F08,20.7,94.6,83.7,85.3,100,False,No_Anomaly,69.0,84.74,0.56,0.56,0.66,73.65,10.19,72.72,10.8
S215,Machine Learning,F06,20.7,94.6,83.7,82.0,100,False,No_Anomaly,69.0,84.74,-2.74,2.74,-3.23,72.75,9.99,72.78,9.96
S215,Software Engineering,F03,20.7,94.6,83.7,81.2,100,False,No_Anomaly,69.0,84.74,-3.54,3.54,-4.18,73.88,11.06,72.8,10.07
S216,Compiler Design,F03,15.1,68.3,88.2,74.8,100,False,No_Anomaly,50.33,66.89,7.91,7.91,11.83,73.88,11.06,72.59,10.04
S216,Computer Networks,F06,15.1,68.3,88.2,33.0,100,True,Severe_Undermarking,50.33,66.89,-33.89,33.89,-50.67,72.75,9.99,72.72,10.8
S216,Machine Learning,F01,15.1,68.3,88.2,77.2,100,False,No_Anomaly,50.33,66.89,10.31,10.31,15.41,73.7,9.66,72.78,9.96
S216,Software Engineering,F07,15.1,68.3,88.2,67.0,100,False,No_Anomaly,50.33,66.89,0.11,0.11,0.16,69.71,10.67,72.8,10.07
S217,Compiler Design,F01,29.4,72.0,78.1,88.7,100,False,No_Anomaly,98.0,81.02,7.68,7.68,9.48,73.7,9.66,72.59,10.04
S217,Computer Networks,F01,29.4,72.0,78.1,76.9,100,False,No_Anomaly,98.0,81.02,-4.12,4.12,-5.09,73.7,9.66,72.72,10.8
S217,Machine Learning,F04,29.4,72.0,78.1,82.6,100,False,No_Anomaly,98.0,81.02,1.58,1.58,1.95,73.24,9.91,72.78,9.96
S217,Software Engineering,F04,29.4,72.0,78.1,82.8,100,False,No_Anomaly,98.0,81.02,1.78,1.78,2.2,73.24,9.91,72.8,10.07
S218,Compiler Design,F06,17.6,67.9,98.7,71.8,100,False,No_Anomaly,58.67,71.29,0.51,0.51,0.72,72.75,9.99,72.59,10.04
S218,Computer Networks,F03,17.6,67.9,98.7,57.7,100,False,No_Anomaly,58.67,71.29,-13.59,13.59,-19.06,73.88,11.06,72.72,10.8
S218,Machine Learning,F05,17.6,67.9,98.7,100.0,100,True,Severe_Overmarking,58.67,71.29,28.71,28.71,40.27,74.08,9.85,72.78,9.96
S218,Software Engineering,F01,17.6,67.9,98.7,74.4,100,False,No_Anomaly,58.67,71.29,3.11,3.11,4.36,73.7,9.66,72.8,10.07
S219,Compiler Design,F04,18.5,77.0,85.2,72.7,100,False,No_Anomaly,61.67,74.04,-1.34,1.34,-1.81,73.24,9.91,72.59,10.04
S219,Computer Networks,F06,18.5,77.0,85.2,72.9,100,False,No_Anomaly,61.67,74.04,-1.14,1.14,-1.54,72.75,9.99,72.72,10.8
S219,Machine Learning,F07,18.5,77.0,85.2,58.2,100,False,No_Anomaly,61.67,74.04,-15.84,15.84,-21.39,69.71,10.67,72.78,9.96
S219,Software Engineering,F04,18.5,77.0,85.2,81.0,100,False,No_Anomaly,61.67,74.04,6.96,6.96,9.4,73.24,9.91,72.8,10.07
S220,Compiler Design,F04,20.7,72.1,94.1,79.5,100,False,No_Anomaly,69.0,75.57,3.93,3.93,5.2,73.24,9.91,72.59,10.04
S220,Computer Networks,F03,20.7,72.1,94.1,75.2,100,False,No_Anomaly,69.0,75.57,-0.37,0.37,-0.49,73.88,11.06,72.72,10.8
S220,Machine Learning,F08,20.7,72.1,94.1,80.6,100,False,No_Anomaly,69.0,75.57,5.03,5.03,6.66,73.65,10.19,72.78,9.96
S220,Software Engineering,F07,20.7,72.1,94.1,78.7,100,False,No_Anomaly,69.0,75.57,3.13,3.13,4.14,69.71,10.67,72.8,10.07
S221,Compiler Design,F07,18.4,49.7,81.8,55.0,100,False,No_Anomaly,61.33,59.61,-4.61,4.61,-7.73,69.71,10.67,72.59,10.04
S221,Computer Networks,F05,18.4,49.7,81.8,63.9,100,False,No_Anomaly,61.33,59.61,4.29,4.29,7.2,74.08,9.85,72.72,10.8
S221,Machine Learning,F04,18.4,49.7,81.8,59.8,100,False,No_Anomaly,61.33,59.61,0.19,0.19,0.32,73.24,9.91,72.78,9.96
S221,Software Engineering,F01,18.4,49.7,81.8,60.5,100,False,No_Anomaly,61.33,59.61,0.89,0.89,1.49,73.7,9.66,72.8,10.07
S222,Compiler Design,F02,15.2,65.9,81.2,73.4,100,False,No_Anomaly,50.67,64.39,9.01,9.01,13.99,70.46,9.46,72.59,10.04
S222,Computer Networks,F08,15.2,65.9,81.2,38.2,100,True,Severe_Undermarking,50.67,64.39,-26.19,26.19,-40.67,73.65,10.19,72.72,10.8
S222,Machine Learning,F04,15.2,65.9,81.2,51.8,100,False,No_Anomaly,50.67,64.39,-12.59,12.59,-19.55,73.24,9.91,72.78,9.96
S222,Software Engineering,F03,15.2,65.9,81.2,63.7,100,False,No_Anomaly,50.67,64.39,-0.69,0.69,-1.07,73.88,11.06,72.8,10.07
S223,Compiler Design,F02,19.9,50.6,86.8,58.5,100,False,No_Anomaly,66.33,62.56,-4.06,4.06,-6.49,70.46,9.46,72.59,10.04
S223,Computer Networks,F08,19.9,50.6,86.8,59.0,100,False,No_Anomaly,66.33,62.56,-3.56,3.56,-5.69,73.65,10.19,72.72,10.8
S223,Machine Learning,F03,19.9,50.6,86.8,55.5,100,False,No_Anomaly,66.33,62.56,-7.06,7.06,-11.29,73.88,11.06,72.78,9.96
S223,Software Engineering,F06,19.9,50.6,86.8,67.6,100,False,No_Anomaly,66.33,62.56,5.04,5.04,8.06,72.75,9.99,72.8,10.07
S224,Compiler Design,F04,23.1,39.2,89.8,63.8,100,False,No_Anomaly,77.0,60.66,3.14,3.14,5.18,73.24,9.91,72.59,10.04
S224,Computer Networks,F02,23.1,39.2,89.8,58.8,100,False,No_Anomaly,77.0,60.66,-1.86,1.86,-3.07,70.46,9.46,72.72,10.8
S224,Machine Learning,F08,23.1,39.2,89.8,58.6,100,False,No_Anomaly,77.0,60.66,-2.06,2.06,-3.4,73.65,10.19,72.78,9.96
S224,Software Engineering,F03,23.1,39.2,89.8,40.7,100,True,Severe_Undermarking,77.0,60.66,-19.96,19.96,-32.9,73.88,11.06,72.8,10.07
S225,Compiler Design,F02,25.3,61.4,68.8,77.4,100,False,No_Anomaly,84.33,69.76,7.64,7.64,10.95,70.46,9.46,72.59,10.04
S225,Computer Networks,F04,25.3,61.4,68.8,80.5,100,False,No_Anomaly,84.33,69.76,10.74,10.74,15.4,73.24,9.91,72.72,10.8
S225,Machine Learning,F04,25.3,61.4,68.8,65.4,100,False,No_Anomaly,84.33,69.76,-4.36,4.36,-6.25,73.24,9.91,72.78,9.96
S225,Software Engineering,F05,25.3,61.4,68.8,67.2,100,False,No_Anomaly,84.33,69.76,-2.56,2.56,-3.67,74.08,9.85,72.8,10.07
S226,Compiler Design,F06,23.7,74.2,100.0,77.1,100,False,No_Anomaly,79.0,80.8,-3.7,3.7,-4.58,72.75,9.99,72.59,10.04
S226,Computer Networks,F01,23.7,74.2,100.0,76.1,100,False,No_Anomaly,79.0,80.8,-4.7,4.7,-5.82,73.7,9.66,72.72,10.8
S226,Machine Learning,F07,23.7,74.2,100.0,84.0,100,False,No_Anomaly,79.0,80.8,3.2,3.2,3.96,69.71,10.67,72.78,9.96
S226,Software Engineering,F07,23.7,74.2,100.0,73.1,100,False,No_Anomaly,79.0,80.8,-7.7,7.7,-9.53,69.71,10.67,72.8,10.07
S227,Compiler Design,F07,25.3,74.7,80.3,100.0,100,True,Severe_Overmarking,84.33,78.71,21.29,21.29,27.05,69.71,10.67,72.59,10.04
S227,Computer Networks,F06,25.3,74.7,80.3,79.3,100,False,No_Anomaly,84.33,78.71,0.59,0.59,0.75,72.75,9.99,72.72,10.8
S227,Machine Learning,F08,25.3,74.7,80.3,75.6,100,False,No_Anomaly,84.33,78.71,-3.11,3.11,-3.95,73.65,10.19,72.78,9.96
S227,Software Engineering,F06,25.3,74.7,80.3,75.9,100,False,No_Anomaly,84.33,78.71,-2.81,2.81,-3.57,72.75,9.99,72.8,10.07
S228,Compiler Design,F04,19.9,77.5,94.5,73.9,100,False,No_Anomaly,66.33,77.55,-3.65,3.65,-4.71,73.24,9.91,72.59,10.04
S228,Computer Networks,F08,19.9,77.5,94.5,74.0,100,False,No_Anomaly,66.33,77.55,-3.55,3.55,-4.58,73.65,10.19,72.72,10.8
S228,Machine Learning,F05,19.9,77.5,94.5,83.2,100,False,No_Anomaly,66.33,77.55,5.65,5.65,7.29,74.08,9.85,72.78,9.96
S228,Software Engineering,F01,19.9,77.5,94.5,85.1,100,False,No_Anomaly,66.33,77.55,7.55,7.55,9.74,73.7,9.66,72.8,10.07
S229,Compiler Design,F06,25.2,64.8,77.2,67.1,100,False,No_Anomaly,84.0,73.04,-5.94,5.94,-8.13,72.75,9.99,72.59,10.04
S229,Computer Networks,F01,25.2,64.8,77.2,70.8,100,False,No_Anomaly,84.0,73.04,-2.24,2.24,-3.07,73.7,9.66,72.72,10.8
S229,Machine Learning,F03,25.2,64.8,77.2,94.7,100,True,Severe_Overmarking,84.0,73.04,21.66,21.66,29.65,73.88,11.06,72.78,9.96
S229,Software Engineering,F04,25.2,64.8,77.2,70.6,100,False,No_Anomaly,84.0,73.04,-2.44,2.44,-3.34,73.24,9.91,72.8,10.07
S230,Compiler Design,F06,20.3,88.0,77.4,78.2,100,False,No_Anomaly,67.67,79.78,-1.58,1.58,-1.98,72.75,9.99,72.59,10.04
S230,Computer Networks,F02,20.3,88.0,77.4,80.9,100,False,No_Anomaly,67.67,79.78,1.12,1.12,1.4,70.46,9.46,72.72,10.8
S230,Machine Learning,F01,20.3,88.0,77.4,75.3,100,False,No_Anomaly,67.67,79.78,-4.48,4.48,-5.62,73.7,9.66,72.78,9.96
S230,Software Engineering,F06,20.3,88.0,77.4,78.0,100,False,No_Anomaly,67.67,79.78,-1.78,1.78,-2.23,72.75,9.99,72.8,10.07
S231,Compiler Design,F05,25.8,73.8,79.5,78.0,100,False,No_Anomaly,86.0,78.6,-0.6,0.6,-0.76,74.08,9.85,72.59,10.04
S231,Computer Networks,F06,25.8,73.8,79.5,79.6,100,False,No_Anomaly,86.0,78.6,1.0,1.0,1.27,72.75,9.99,72.72,10.8
S231,Machine Learning,F07,25.8,73.8,79.5,68.4,100,False,No_Anomaly,86.0,78.6,-10.2,10.2,-12.98,69.71,10.67,72.78,9.96
S231,Software Engineering,F02,25.8,73.8,79.5,71.4,100,False,No_Anomaly,86.0,78.6,-7.2,7.2,-9.16,70.46,9.46,72.8,10.07
S232,Compiler Design,F02,18.9,43.0,73.7,61.6,100,False,No_Anomaly,63.0,55.14,6.46,6.46,11.72,70.46,9.46,72.59,10.04
S232,Computer Networks,F04,18.9,43.0,73.7,58.6,100,False,No_Anomaly,63.0,55.14,3.46,3.46,6.27,73.24,9.91,72.72,10.8
S232,Machine Learning,F03,18.9,43.0,73.7,61.6,100,False,No_Anomaly,63.0,55.14,6.46,6.46,11.72,73.88,11.06,72.78,9.96
S232,Software Engineering,F07,18.9,43.0,73.7,50.0,100,False,No_Anomaly,63.0,55.14,-5.14,5.14,-9.32,69.71,10.67,72.8,10.07
S233,Compiler Design,F06,18.3,42.2,72.4,56.6,100,False,No_Anomaly,61.0,53.88,2.72,2.72,5.05,72.75,9.99,72.59,10.04
S233,Computer Networks,F03,18.3,42.2,72.4,56.8,100,False,No_Anomaly,61.0,53.88,2.92,2.92,5.42,73.88,11.06,72.72,10.8
S233,Machine Learning,F05,18.3,42.2,72.4,54.0,100,False,No_Anomaly,61.0,53.88,0.12,0.12,0.22,74.08,9.85,72.78,9.96
S233,Software Engineering,F04,18.3,42.2,72.4,46.9,100,False,No_Anomaly,61.0,53.88,-6.98,6.98,-12.95,73.24,9.91,72.8,10.07
S234,Compiler Design,F07,21.0,67.6,93.1,75.1,100,False,No_Anomaly,70.0,73.42,1.68,1.68,2.29,69.71,10.67,72.59,10.04
S234,Computer Networks,F01,21.0,67.6,93.1,73.6,100,False,No_Anomaly,70.0,73.42,0.18,0.18,0.25,73.7,9.66,72.72,10.8
S234,Machine Learning,F05,21.0,67.6,93.1,67.4,100,False,No_Anomaly,70.0,73.42,-6.02,6.02,-8.2,74.08,9.85,72.78,9.96
S234,Software Engineering,F03,21.0,67.6,93.1,74.3,100,False,No_Anomaly,70.0,73.42,0.88,0.88,1.2,73.88,11.06,72.8,10.07
S235,Compiler Design,F05,26.2,57.6,81.4,71.2,100,False,No_Anomaly,87.33,71.28,-0.08,0.08,-0.11,74.08,9.85,72.59,10.04
S235,Computer Networks,F08,26.2,57.6,81.4,70.6,100,False,No_Anomaly,87.33,71.28,-0.68,0.68,-0.95,73.65,10.19,72.72,10.8
S235,Machine Learning,F05,26.2,57.6,81.4,71.5,100,False,No_Anomaly,87.33,71.28,0.22,0.22,0.31,74.08,9.85,72.78,9.96
S235,Software Engineering,F07,26.2,57.6,81.4,68.9,100,False,No_Anomaly,87.33,71.28,-2.38,2.38,-3.34,69.71,10.67,72.8,10.07
S236,Compiler Design,F08,24.2,58.3,72.9,66.3,100,False,No_Anomaly,80.67,67.93,-1.63,1.63,-2.4,73.65,10.19,72.59,10.04
S236,Computer Networks,F06,24.2,58.3,72.9,64.2,100,False,No_Anomaly,80.67,67.93,-3.73,3.73,-5.49,72.75,9.99,72.72,10.8
S236,Machine Learning,F08,24.2,58.3,72.9,71.8,100,False,No_Anomaly,80.67,67.93,3.87,3.87,5.7,73.65,10.19,72.78,9.96
S236,Software Engineering,F05,24.2,58.3,72.9,76.2,100,False,No_Anomaly,80.67,67.93,8.27,8.27,12.17,74.08,9.85,72.8,10.07
S237,Compiler Design,F01,21.9,67.3,88.5,76.2,100,False,No_Anomaly,73.0,73.25,2.95,2.95,4.03,73.7,9.66,72.59,10.04
S237,Computer Networks,F06,21.9,67.3,88.5,68.3,100,False,No_Anomaly,73.0,73.25,-4.95,4.95,-6.76,72.75,9.99,72.72,10.8
S237,Machine Learning,F03,21.9,67.3,88.5,67.2,100,False,No_Anomaly,73.0,73.25,-6.05,6.05,-8.26,73.88,11.06,72.78,9.96
S237,Software Engineering,F03,21.9,67.3,88.5,65.8,100,False,No_Anomaly,73.0,73.25,-7.45,7.45,-10.17,73.88,11.06,72.8,10.07
S238,Compiler Design,F06,22.0,78.4,71.6,72.4,100,False,No_Anomaly,73.33,75.52,-3.12,3.12,-4.13,72.75,9.99,72.59,10.04
S238,Computer Networks,F05,22.0,78.4,71.6,75.7,100,False,No_Anomaly,73.33,75.52,0.18,0.18,0.24,74.08,9.85,72.72,10.8
S238,Machine Learning,F03,22.0,78.4,71.6,46.3,100,True,Severe_Undermarking,73.33,75.52,-29.22,29.22,-38.69,73.88,11.06,72.78,9.96
S238,Software Engineering,F05,22.0,78.4,71.6,73.8,100,False,No_Anomaly,73.33,75.52,-1.72,1.72,-2.28,74.08,9.85,72.8,10.07
S239,Compiler Design,F03,15.7,67.5,69.8,33.6,100,True,Severe_Undermarking,52.33,63.41,-29.81,29.81,-47.01,73.88,11.06,72.59,10.04
S239,Computer Networks,F02,15.7,67.5,69.8,62.2,100,False,No_Anomaly,52.33,63.41,-1.21,1.21,-1.91,70.46,9.46,72.72,10.8
S239,Machine Learning,F02,15.7,67.5,69.8,64.1,100,False,No_Anomaly,52.33,63.41,0.69,0.69,1.09,70.46,9.46,72.78,9.96
S239,Software Engineering,F07,15.7,67.5,69.8,54.3,100,False,No_Anomaly,52.33,63.41,-9.11,9.11,-14.37,69.71,10.67,72.8,10.07
S240,Compiler Design,F06,17.9,78.2,78.5,74.8,100,False,No_Anomaly,59.67,72.7,2.1,2.1,2.89,72.75,9.99,72.59,10.04
S240,Computer Networks,F02,17.9,78.2,78.5,67.2,100,False,No_Anomaly,59.67,72.7,-5.5,5.5,-7.57,70.46,9.46,72.72,10.8
S240,Machine Learning,F08,17.9,78.2,78.5,77.4,100,False,No_Anomaly,59.67,72.7,4.7,4.7,6.46,73.65,10.19,72.78,9.96
S240,Software Engineering,F02,17.9,78.2,78.5,79.0,100,False,No_Anomaly,59.67,72.7,6.3,6.3,8.67,70.46,9.46,72.8,10.07
S241,Compiler Design,F07,12.9,68.8,93.3,66.9,100,False,No_Anomaly,43.0,65.96,0.94,0.94,1.43,69.71,10.67,72.59,10.04
S241,Computer Networks,F02,12.9,68.8,93.3,60.4,100,False,No_Anomaly,43.0,65.96,-5.56,5.56,-8.43,70.46,9.46,72.72,10.8
S241,Machine Learning,F02,12.9,68.8,93.3,58.5,100,False,No_Anomaly,43.0,65.96,-7.46,7.46,-11.31,70.46,9.46,72.78,9.96
S241,Software Engineering,F04,12.9,68.8,93.3,65.1,100,False,No_Anomaly,43.0,65.96,-0.86,0.86,-1.3,73.24,9.91,72.8,10.07
S242,Compiler Design,F07,27.8,52.0,72.8,60.0,100,False,No_Anomaly,92.67,68.36,-8.36,8.36,-12.23,69.71,10.67,72.59,10.04
S242,Computer Networks,F06,27.8,52.0,72.8,88.1,100,True,Severe_Overmarking,92.67,68.36,19.74,19.74,28.88,72.75,9.99,72.72,10.8
S242,Machine Learning,F03,27.8,52.0,72.8,77.0,100,False,No_Anomaly,92.67,68.36,8.64,8.64,12.64,73.88,11.06,72.78,9.96
S242,Software Engineering,F03,27.8,52.0,72.8,67.5,100,False,No_Anomaly,92.67,68.36,-0.86,0.86,-1.26,73.88,11.06,72.8,10.07
S243,Compiler Design,F04,17.4,73.4,89.7,74.0,100,False,No_Anomaly,58.0,72.04,1.96,1.96,2.72,73.24,9.91,72.59,10.04
S243,Computer Networks,F05,17.4,73.4,89.7,66.3,100,False,No_Anomaly,58.0,72.04,-5.74,5.74,-7.97,74.08,9.85,72.72,10.8
S243,Machine Learning,F08,17.4,73.4,89.7,72.6,100,False,No_Anomaly,58.0,72.04,0.56,0.56,0.78,73.65,10.19,72.78,9.96
S243,Software Engineering,F07,17.4,73.4,89.7,65.5,100,False,No_Anomaly,58.0,72.04,-6.54,6.54,-9.08,69.71,10.67,72.8,10.07
S244,Compiler Design,F05,22.2,56.6,86.5,68.0,100,False,No_Anomaly,74.0,67.8,0.2,0.2,0.29,74.08,9.85,72.59,10.04
S244,Computer Networks,F06,22.2,56.6,86.5,70.4,100,False,No_Anomaly,74.0,67.8,2.6,2.6,3.83,72.75,9.99,72.72,10.8
S244,Machine Learning,F02,22.2,56.6,86.5,64.8,100,False,No_Anomaly,74.0,67.8,-3.0,3.0,-4.42,70.46,9.46,72.78,9.96
S244,Software Engineering,F02,22.2,56.6,86.5,75.6,100,False,No_Anomaly,74.0,67.8,7.8,7.8,11.5,70.46,9.46,72.8,10.07
S245,Compiler Design,F03,23.1,76.6,80.1,89.0,100,False,No_Anomaly,77.0,77.42,11.58,11.58,14.96,73.88,11.06,72.59,10.04
S245,Computer Networks,F04,23.1,76.6,80.1,74.7,100,False,No_Anomaly,77.0,77.42,-2.72,2.72,-3.51,73.24,9.91,72.72,10.8
S245,Machine Learning,F08,23.1,76.6,80.1,77.9,100,False,No_Anomaly,77.0,77.42,0.48,0.48,0.62,73.65,10.19,72.78,9.96
S245,Software Engineering,F01,23.1,76.6,80.1,72.7,100,False,No_Anomaly,77.0,77.42,-4.72,4.72,-6.1,73.7,9.66,72.8,10.07
S246,Compiler Design,F04,25.2,71.9,89.8,78.7,100,False,No_Anomaly,84.0,79.11,-0.41,0.41,-0.52,73.24,9.91,72.59,10.04
S246,Computer Networks,F01,25.2,71.9,89.8,76.4,100,False,No_Anomaly,84.0,79.11,-2.71,2.71,-3.43,73.7,9.66,72.72,10.8
S246,Machine Learning,F03,25.2,71.9,89.8,81.1,100,False,No_Anomaly,84.0,79.11,1.99,1.99,2.52,73.88,11.06,72.78,9.96
S246,Software Engineering,F07,25.2,71.9,89.8,62.4,100,False,No_Anomaly,84.0,79.11,-16.71,16.71,-21.12,69.71,10.67,72.8,10.07
S247,Compiler Design,F06,26.0,50.6,59.5,64.3,100,False,No_Anomaly,86.67,63.2,1.1,1.1,1.74,72.75,9.99,72.59,10.04
S247,Computer Networks,F08,26.0,50.6,59.5,92.0,100,True,Severe_Overmarking,86.67,63.2,28.8,28.8,45.57,73.65,10.19,72.72,10.8
S247,Machine Learning,F03,26.0,50.6,59.5,64.6,100,False,No_Anomaly,86.67,63.2,1.4,1.4,2.22,73.88,11.06,72.78,9.96
S247,Software Engineering,F07,26.0,50.6,59.5,58.1,100,False,No_Anomaly,86.67,63.2,-5.1,5.1,-8.07,69.71,10.67,72.8,10.07
S248,Compiler Design,F08,14.6,84.3,71.8,68.0,100,False,No_Anomaly,48.67,71.11,-3.11,3.11,-4.37,73.65,10.19,72.59,10.04
S248,Computer Networks,F05,14.6,84.3,71.8,79.2,100,False,No_Anomaly,48.67,71.11,8.09,8.09,11.38,74.08,9.85,72.72,10.8
S248,Machine Learning,F04,14.6,84.3,71.8,67.6,100,False,No_Anomaly,48.67,71.11,-3.51,3.51,-4.94,73.24,9.91,72.78,9.96
S248,Software Engineering,F01,14.6,84.3,71.8,67.7,100,False,No_Anomaly,48.67,71.11,-3.41,3.41,-4.8,73.7,9.66,72.8,10.07
S249,Compiler Design,F06,29.2,71.2,91.3,88.9,100,False,No_Anomaly,97.33,83.06,5.84,5.84,7.03,72.75,9.99,72.59,10.04
S249,Computer Networks,F01,29.2,71.2,91.3,82.5,100,False,No_Anomaly,97.33,83.06,-0.56,0.56,-0.67,73.7,9.66,72.72,10.8
S249,Machine Learning,F05,29.2,71.2,91.3,74.1,100,False,No_Anomaly,97.33,83.06,-8.96,8.96,-10.79,74.08,9.85,72.78,9.96
S249,Software Engineering,F02,29.2,71.2,91.3,74.6,100,False,No_Anomaly,97.33,83.06,-8.46,8.46,-10.19,70.46,9.46,72.8,10.07
S250,Compiler Design,F07,18.4,76.2,78.3,68.3,100,False,No_Anomaly,61.33,72.16,-3.86,3.86,-5.35,69.71,10.67,72.59,10.04
S250,Computer Networks,F05,18.4,76.2,78.3,68.7,100,False,No_Anomaly,61.33,72.16,-3.46,3.46,-4.79,74.08,9.85,72.72,10.8
S250,Machine Learning,F06,18.4,76.2,78.3,69.1,100,False,No_Anomaly,61.33,72.16,-3.06,3.06,-4.24,72.75,9.99,72.78,9.96
S250,Software Engineering,F04,18.4,76.2,78.3,75.6,100,False,No_Anomaly,61.33,72.16,3.44,3.44,4.77,73.24,9.91,72.8,10.07
S251,Compiler Design,F04,17.9,70.1,79.0,64.1,100,False,No_Anomaly,59.67,68.75,-4.65,4.65,-6.76,73.24,9.91,72.59,10.04
S251,Computer Networks,F01,17.9,70.1,79.0,66.0,100,False,No_Anomaly,59.67,68.75,-2.75,2.75,-4.0,73.7,9.66,72.72,10.8
S251,Machine Learning,F01,17.9,70.1,79.0,74.3,100,False,No_Anomaly,59.67,68.75,5.55,5.55,8.07,73.7,9.66,72.78,9.96
S251,Software Engineering,F08,17.9,70.1,79.0,58.2,100,False,No_Anomaly,59.67,68.75,-10.55,10.55,-15.35,73.65,10.19,72.8,10.07
S252,Compiler Design,F08,26.5,94.6,99.9,92.2,100,False,No_Anomaly,88.33,93.78,-1.58,1.58,-1.68,73.65,10.19,72.59,10.04
S252,Computer Networks,F01,26.5,94.6,99.9,94.5,100,False,No_Anomaly,88.33,93.78,0.72,0.72,0.77,73.7,9.66,72.72,10.8
S252,Machine Learning,F02,26.5,94.6,99.9,83.6,100,False,No_Anomaly,88.33,93.78,-10.18,10.18,-10.86,70.46,9.46,72.78,9.96
S252,Software Engineering,F01,26.5,94.6,99.9,89.5,100,False,No_Anomaly,88.33,93.78,-4.28,4.28,-4.56,73.7,9.66,72.8,10.07
S253,Compiler Design,F03,24.6,58.9,90.6,70.5,100,False,No_Anomaly,82.0,72.17,-1.67,1.67,-2.31,73.88,11.06,72.59,10.04
S253,Computer Networks,F01,24.6,58.9,90.6,70.5,100,False,No_Anomaly,82.0,72.17,-1.67,1.67,-2.31,73.7,9.66,72.72,10.8
S253,Machine Learning,F05,24.6,58.9,90.6,77.3,100,False,No_Anomaly,82.0,72.17,5.13,5.13,7.11,74.08,9.85,72.78,9.96
S253,Software Engineering,F05,24.6,58.9,90.6,73.5,100,False,No_Anomaly,82.0,72.17,1.33,1.33,1.84,74.08,9.85,72.8,10.07
S254,Compiler Design,F03,24.5,75.3,94.5,81.2,100,False,No_Anomaly,81.67,81.05,0.15,0.15,0.19,73.88,11.06,72.59,10.04
S254,Computer Networks,F04,24.5,75.3,94.5,83.5,100,False,No_Anomaly,81.67,81.05,2.45,2.45,3.02,73.24,9.91,72.72,10.8
S254,Machine Learning,F06,24.5,75.3,94.5,81.4,100,False,No_Anomaly,81.67,81.05,0.35,0.35,0.43,72.75,9.99,72.78,9.96
S254,Software Engineering,F04,24.5,75.3,94.5,86.3,100,False,No_Anomaly,81.67,81.05,5.25,5.25,6.48,73.24,9.91,72.8,10.07
S255,Compiler Design,F05,23.4,78.9,88.4,86.9,100,False,No_Anomaly,78.0,80.53,6.37,6.37,7.91,74.08,9.85,72.59,10.04
S255,Computer Networks,F04,23.4,78.9,88.4,72.4,100,False,No_Anomaly,78.0,80.53,-8.13,8.13,-10.1,73.24,9.91,72.72,10.8
S255,Machine Learning,F08,23.4,78.9,88.4,89.7,100,False,No_Anomaly,78.0,80.53,9.17,9.17,11.39,73.65,10.19,72.78,9.96
S255,Software Engineering,F01,23.4,78.9,88.4,73.8,100,False,No_Anomaly,78.0,80.53,-6.73,6.73,-8.36,73.7,9.66,72.8,10.07
S256,Compiler Design,F02,19.8,48.6,82.8,58.6,100,False,No_Anomaly,66.0,60.66,-2.06,2.06,-3.4,70.46,9.46,72.59,10.04
S256,Computer Networks,F01,19.8,48.6,82.8,60.3,100,False,No_Anomaly,66.0,60.66,-0.36,0.36,-0.59,73.7,9.66,72.72,10.8
S256,Machine Learning,F04,19.8,48.6,82.8,39.9,100,True,Severe_Undermarking,66.0,60.66,-20.76,20.76,-34.22,73.24,9.91,72.78,9.96
S256,Software Engineering,F06,19.8,48.6,82.8,66.2,100,False,No_Anomaly,66.0,60.66,5.54,5.54,9.13,72.75,9.99,72.8,10.07
S257,Compiler Design,F03,28.9,54.6,98.8,83.4,100,False,No_Anomaly,96.33,75.96,7.44,7.44,9.79,73.88,11.06,72.59,10.04
S257,Computer Networks,F08,28.9,54.6,98.8,73.6,100,False,No_Anomaly,96.33,75.96,-2.36,2.36,-3.11,73.65,10.19,72.72,10.8
S257,Machine Learning,F02,28.9,54.6,98.8,69.7,100,False,No_Anomaly,96.33,75.96,-6.26,6.26,-8.24,70.46,9.46,72.78,9.96
S257,Software Engineering,F01,28.9,54.6,98.8,76.0,100,False,No_Anomaly,96.33,75.96,0.04,0.04,0.05,73.7,9.66,72.8,10.07
S258,Compiler Design,F04,27.4,86.3,84.6,86.5,100,False,No_Anomaly,91.33,87.47,-0.97,0.97,-1.11,73.24,9.91,72.59,10.04
S258,Computer Networks,F03,27.4,86.3,84.6,88.4,100,False,No_Anomaly,91.33,87.47,0.93,0.93,1.06,73.88,11.06,72.72,10.8
S258,Machine Learning,F04,27.4,86.3,84.6,84.7,100,False,No_Anomaly,91.33,87.47,-2.77,2.77,-3.17,73.24,9.91,72.78,9.96
S258,Software Engineering,F07,27.4,86.3,84.6,87.6,100,False,No_Anomaly,91.33,87.47,0.13,0.13,0.15,69.71,10.67,72.8,10.07
S259,Compiler Design,F08,17.6,70.1,84.0,77.8,100,False,No_Anomaly,58.67,69.45,8.35,8.35,12.02,73.65,10.19,72.59,10.04
S259,Computer Networks,F06,17.6,70.1,84.0,77.1,100,False,No_Anomaly,58.67,69.45,7.65,7.65,11.02,72.75,9.99,72.72,10.8
S259,Machine Learning,F03,17.6,70.1,84.0,79.0,100,False,No_Anomaly,58.67,69.45,9.55,9.55,13.75,73.88,11.06,72.78,9.96
S259,Software Engineering,F06,17.6,70.1,84.0,72.0,100,False,No_Anomaly,58.67,69.45,2.55,2.55,3.67,72.75,9.99,72.8,10.07
S260,Compiler Design,F01,16.8,74.8,82.6,64.2,100,False,No_Anomaly,56.0,70.72,-6.52,6.52,-9.22,73.7,9.66,72.59,10.04
S260,Computer Networks,F07,16.8,74.8,82.6,63.8,100,False,No_Anomaly,56.0,70.72,-6.92,6.92,-9.79,69.71,10.67,72.72,10.8
S260,Machine Learning,F02,16.8,74.8,82.6,67.2,100,False,No_Anomaly,56.0,70.72,-3.52,3.52,-4.98,70.46,9.46,72.78,9.96
S260,Software Engineering,F05,16.8,74.8,82.6,73.3,100,False,No_Anomaly,56.0,70.72,2.58,2.58,3.65,74.08,9.85,72.8,10.07
S261,Compiler Design,F01,29.2,69.4,81.2,77.9,100,False,No_Anomaly,97.33,80.14,-2.24,2.24,-2.8,73.7,9.66,72.59,10.04
S261,Computer Networks,F07,29.2,69.4,81.2,68.2,100,False,No_Anomaly,97.33,80.14,-11.94,11.94,-14.9,69.71,10.67,72.72,10.8
S261,Machine Learning,F07,29.2,69.4,81.2,85.3,100,False,No_Anomaly,97.33,80.14,5.16,5.16,6.44,69.71,10.67,72.78,9.96
S261,Software Engineering,F01,29.2,69.4,81.2,73.7,100,False,No_Anomaly,97.33,80.14,-6.44,6.44,-8.04,73.7,9.66,72.8,10.07
S262,Compiler Design,F03,23.0,80.7,82.1,87.4,100,False,No_Anomaly,76.67,79.77,7.63,7.63,9.56,73.88,11.06,72.59,10.04
S262,Computer Networks,F06,23.0,80.7,82.1,81.5,100,False,No_Anomaly,76.67,79.77,1.73,1.73,2.17,72.75,9.99,72.72,10.8
S262,Machine Learning,F08,23.0,80.7,82.1,80.4,100,False,No_Anomaly,76.67,79.77,0.63,0.63,0.79,73.65,10.19,72.78,9.96
S262,Software Engineering,F07,23.0,80.7,82.1,72.0,100,False,No_Anomaly,76.67,79.77,-7.77,7.77,-9.74,69.71,10.67,72.8,10.07
S263,Compiler Design,F04,17.7,70.5,80.0,65.7,100,False,No_Anomaly,59.0,68.95,-3.25,3.25,-4.71,73.24,9.91,72.59,10.04
S263,Computer Networks,F07,17.7,70.5,80.0,64.0,100,False,No_Anomaly,59.0,68.95,-4.95,4.95,-7.18,69.71,10.67,72.72,10.8
S263,Machine Learning,F06,17.7,70.5,80.0,67.3,100,False,No_Anomaly,59.0,68.95,-1.65,1.65,-2.39,72.75,9.99,72.78,9.96
S263,Software Engineering,F03,17.7,70.5,80.0,68.3,100,False,No_Anomaly,59.0,68.95,-0.65,0.65,-0.94,73.88,11.06,72.8,10.07
S264,Compiler Design,F07,17.0,68.2,74.5,69.1,100,False,No_Anomaly,56.67,66.0,3.1,3.1,4.7,69.71,10.67,72.59,10.04
S264,Computer Networks,F07,17.0,68.2,74.5,68.9,100,False,No_Anomaly,56.67,66.0,2.9,2.9,4.39,69.71,10.67,72.72,10.8
S264,Machine Learning,F07,17.0,68.2,74.5,95.9,100,True,Severe_Overmarking,56.67,66.0,29.9,29.9,45.3,69.71,10.67,72.78,9.96
S264,Software Engineering,F06,17.0,68.2,74.5,65.4,100,False,No_Anomaly,56.67,66.0,-0.6,0.6,-0.91,72.75,9.99,72.8,10.07
S265,Compiler Design,F01,14.9,76.1,85.9,67.4,100,False,No_Anomaly,49.67,70.13,-2.73,2.73,-3.89,73.7,9.66,72.59,10.04
S265,Computer Networks,F08,14.9,76.1,85.9,70.3,100,False,No_Anomaly,49.67,70.13,0.17,0.17,0.24,73.65,10.19,72.72,10.8
S265,Machine Learning,F07,14.9,76.1,85.9,60.6,100,False,No_Anomaly,49.67,70.13,-9.53,9.53,-13.59,69.71,10.67,72.78,9.96
S265,Software Engineering,F01,14.9,76.1,85.9,68.0,100,False,No_Anomaly,49.67,70.13,-2.13,2.13,-3.04,73.7,9.66,72.8,10.07
S266,Compiler Design,F05,26.2,68.5,92.0,87.1,100,False,No_Anomaly,87.33,78.85,8.25,8.25,10.46,74.08,9.85,72.59,10.04
S266,Computer Networks,F07,26.2,68.5,92.0,80.1,100,False,No_Anomaly,87.33,78.85,1.25,1.25,1.59,69.71,10.67,72.72,10.8
S266,Machine Learning,F01,26.2,68.5,92.0,79.6,100,False,No_Anomaly,87.33,78.85,0.75,0.75,0.95,73.7,9.66,72.78,9.96
S266,Software Engineering,F06,26.2,68.5,92.0,83.2,100,False,No_Anomaly,87.33,78.85,4.35,4.35,5.52,72.75,9.99,72.8,10.07
S267,Compiler Design,F03,18.6,82.3,82.4,75.7,100,False,No_Anomaly,62.0,76.23,-0.53,0.53,-0.7,73.88,11.06,72.59,10.04
S267,Computer Networks,F07,18.6,82.3,82.4,78.0,100,False,No_Anomaly,62.0,76.23,1.77,1.77,2.32,69.71,10.67,72.72,10.8
S267,Machine Learning,F08,18.6,82.3,82.4,68.6,100,False,No_Anomaly,62.0,76.23,-7.63,7.63,-10.01,73.65,10.19,72.78,9.96
S267,Software Engineering,F08,18.6,82.3,82.4,79.1,100,False,No_Anomaly,62.0,76.23,2.87,2.87,3.76,73.65,10.19,72.8,10.07
S268,Compiler Design,F02,23.5,57.0,85.4,61.3,100,False,No_Anomaly,78.33,69.08,-7.78,7.78,-11.26,70.46,9.46,72.59,10.04
S268,Computer Networks,F03,23.5,57.0,85.4,68.1,100,False,No_Anomaly,78.33,69.08,-0.98,0.98,-1.42,73.88,11.06,72.72,10.8
S268,Machine Learning,F03,23.5,57.0,85.4,40.0,100,True,Severe_Undermarking,78.33,69.08,-29.08,29.08,-42.1,73.88,11.06,72.78,9.96
S268,Software Engineering,F07,23.5,57.0,85.4,68.5,100,False,No_Anomaly,78.33,69.08,-0.58,0.58,-0.84,69.71,10.67,72.8,10.07
S269,Compiler Design,F04,21.5,85.4,93.0,83.4,100,False,No_Anomaly,71.67,82.8,0.6,0.6,0.72,73.24,9.91,72.59,10.04
S269,Computer Networks,F03,21.5,85.4,93.0,78.8,100,False,No_Anomaly,71.67,82.8,-4.0,4.0,-4.83,73.88,11.06,72.72,10.8
S269,Machine Learning,F02,21.5,85.4,93.0,75.4,100,False,No_Anomaly,71.67,82.8,-7.4,7.4,-8.94,70.46,9.46,72.78,9.96
S269,Software Engineering,F07,21.5,85.4,93.0,82.0,100,False,No_Anomaly,71.67,82.8,-0.8,0.8,-0.97,69.71,10.67,72.8,10.07
S270,Compiler Design,F05,22.9,55.1,78.8,75.1,100,False,No_Anomaly,76.33,66.21,8.89,8.89,13.43,74.08,9.85,72.59,10.04
S270,Computer Networks,F02,22.9,55.1,78.8,74.9,100,False,No_Anomaly,76.33,66.21,8.69,8.69,13.12,70.46,9.46,72.72,10.8
S270,Machine Learning,F07,22.9,55.1,78.8,59.0,100,False,No_Anomaly,76.33,66.21,-7.21,7.21,-10.89,69.71,10.67,72.78,9.96
S270,Software Engineering,F05,22.9,55.1,78.8,70.3,100,False,No_Anomaly,76.33,66.21,4.09,4.09,6.18,74.08,9.85,72.8,10.07
S271,Compiler Design,F06,23.0,67.6,76.2,67.3,100,False,No_Anomaly,76.67,72.04,-4.74,4.74,-6.58,72.75,9.99,72.59,10.04
S271,Computer Networks,F01,23.0,67.6,76.2,71.5,100,False,No_Anomaly,76.67,72.04,-0.54,0.54,-0.75,73.7,9.66,72.72,10.8
S271,Machine Learning,F07,23.0,67.6,76.2,74.2,100,False,No_Anomaly,76.67,72.04,2.16,2.16,3.0,69.71,10.67,72.78,9.96
S271,Software Engineering,F01,23.0,67.6,76.2,83.2,100,False,No_Anomaly,76.67,72.04,11.16,11.16,15.49,73.7,9.66,72.8,10.07
S272,Compiler Design,F06,23.2,64.0,75.7,73.4,100,False,No_Anomaly,77.33,70.34,3.06,3.06,4.35,72.75,9.99,72.59,10.04
S272,Computer Networks,F01,23.2,64.0,75.7,79.0,100,False,No_Anomaly,77.33,70.34,8.66,8.66,12.31,73.7,9.66,72.72,10.8
S272,Machine Learning,F01,23.2,64.0,75.7,73.5,100,False,No_Anomaly,77.33,70.34,3.16,3.16,4.49,73.7,9.66,72.78,9.96
S272,Software Engineering,F03,23.2,64.0,75.7,73.1,100,False,No_Anomaly,77.33,70.34,2.76,2.76,3.92,73.88,11.06,72.8,10.07
S273,Compiler Design,F01,23.1,65.2,84.4,69.6,100,False,No_Anomaly,77.0,72.58,-2.98,2.98,-4.11,73.7,9.66,72.59,10.04
S273,Computer Networks,F06,23.1,65.2,84.4,78.7,100,False,No_Anomaly,77.0,72.58,6.12,6.12,8.43,72.75,9.99,72.72,10.8
S273,Machine Learning,F01,23.1,65.2,84.4,62.5,100,False,No_Anomaly,77.0,72.58,-10.08,10.08,-13.89,73.7,9.66,72.78,9.96
S273,Software Engineering,F05,23.1,65.2,84.4,73.8,100,False,No_Anomaly,77.0,72.58,1.22,1.22,1.68,74.08,9.85,72.8,10.07
S274,Compiler Design,F08,27.8,56.3,77.2,73.1,100,False,No_Anomaly,92.67,71.39,1.71,1.71,2.4,73.65,10.19,72.59,10.04
S274,Computer Networks,F07,27.8,56.3,77.2,68.2,100,False,No_Anomaly,92.67,71.39,-3.19,3.19,-4.47,69.71,10.67,72.72,10.8
S274,Machine Learning,F05,27.8,56.3,77.2,71.1,100,False,No_Anomaly,92.67,71.39,-0.29,0.29,-0.41,74.08,9.85,72.78,9.96
S274,Software Engineering,F07,27.8,56.3,77.2,69.4,100,False,No_Anomaly,92.67,71.39,-1.99,1.99,-2.79,69.71,10.67,72.8,10.07
S275,Compiler Design,F02,14.6,56.1,60.8,53.1,100,False,No_Anomaly,48.67,54.81,-1.71,1.71,-3.12,70.46,9.46,72.59,10.04
S275,Computer Networks,F07,14.6,56.1,60.8,58.1,100,False,No_Anomaly,48.67,54.81,3.29,3.29,6.0,69.71,10.67,72.72,10.8
S275,Machine Learning,F03,14.6,56.1,60.8,59.7,100,False,No_Anomaly,48.67,54.81,4.89,4.89,8.92,73.88,11.06,72.78,9.96
S275,Software Engineering,F02,14.6,56.1,60.8,50.7,100,False,No_Anomaly,48.67,54.81,-4.11,4.11,-7.5,70.46,9.46,72.8,10.07
S276,Compiler Design,F02,21.5,70.3,82.3,61.8,100,False,No_Anomaly,71.67,73.11,-11.31,11.31,-15.47,70.46,9.46,72.59,10.04
S276,Computer Networks,F05,21.5,70.3,82.3,72.9,100,False,No_Anomaly,71.67,73.11,-0.21,0.21,-0.29,74.08,9.85,72.72,10.8
S276,Machine Learning,F05,21.5,70.3,82.3,82.0,100,False,No_Anomaly,71.67,73.11,8.89,8.89,12.16,74.08,9.85,72.78,9.96
S276,Software Engineering,F01,21.5,70.3,82.3,75.7,100,False,No_Anomaly,71.67,73.11,2.59,2.59,3.54,73.7,9.66,72.8,10.07
S277,Compiler Design,F07,23.6,84.6,55.3,74.0,100,False,No_Anomaly,78.67,76.96,-2.96,2.96,-3.85,69.71,10.67,72.59,10.04
S277,Computer Networks,F04,23.6,84.6,55.3,78.2,100,False,No_Anomaly,78.67,76.96,1.24,1.24,1.61,73.24,9.91,72.72,10.8
S277,Machine Learning,F03,23.6,84.6,55.3,83.1,100,False,No_Anomaly,78.67,76.96,6.14,6.14,7.98,73.88,11.06,72.78,9.96
S277,Software Engineering,F04,23.6,84.6,55.3,69.4,100,False,No_Anomaly,78.67,76.96,-7.56,7.56,-9.82,73.24,9.91,72.8,10.07
S278,Compiler Design,F03,20.5,88.7,70.7,78.6,100,False,No_Anomaly,68.33,78.99,-0.39,0.39,-0.49,73.88,11.06,72.59,10.04
S278,Computer Networks,F05,20.5,88.7,70.7,73.0,100,False,No_Anomaly,68.33,78.99,-5.99,5.99,-7.58,74.08,9.85,72.72,10.8
S278,Machine Learning,F03,20.5,88.7,70.7,86.2,100,False,No_Anomaly,68.33,78.99,7.21,7.21,9.13,73.88,11.06,72.78,9.96
S278,Software Engineering,F03,20.5,88.7,70.7,77.3,100,False,No_Anomaly,68.33,78.99,-1.69,1.69,-2.14,73.88,11.06,72.8,10.07
S279,Compiler Design,F02,20.7,61.0,73.1,59.1,100,False,No_Anomaly,69.0,65.82,-6.72,6.72,-10.21,70.46,9.46,72.59,10.04
S279,Computer Networks,F03,20.7,61.0,73.1,79.6,100,False,No_Anomaly,69.0,65.82,13.78,13.78,20.94,73.88,11.06,72.72,10.8
S279,Machine Learning,F03,20.7,61.0,73.1,64.8,100,False,No_Anomaly,69.0,65.82,-1.02,1.02,-1.55,73.88,11.06,72.78,9.96
S279,Software Engineering,F05,20.7,61.0,73.1,64.8,100,False,No_Anomaly,69.0,65.82,-1.02,1.02,-1.55,74.08,9.85,72.8,10.07
S280,Compiler Design,F07,20.7,87.1,100.0,71.9,100,False,No_Anomaly,69.0,84.25,-12.35,12.35,-14.66,69.71,10.67,72.59,10.04
S280,Computer Networks,F03,20.7,87.1,100.0,84.8,100,False,No_Anomaly,69.0,84.25,0.55,0.55,0.65,73.88,11.06,72.72,10.8
S280,Machine Learning,F06,20.7,87.1,100.0,86.1,100,False,No_Anomaly,69.0,84.25,1.85,1.85,2.2,72.75,9.99,72.78,9.96
S280,Software Engineering,F04,20.7,87.1,100.0,81.6,100,False,No_Anomaly,69.0,84.25,-2.65,2.65,-3.15,73.24,9.91,72.8,10.07
S281,Compiler Design,F03,29.0,92.9,82.4,100.0,100,True,Severe_Overmarking,96.67,91.93,8.07,8.07,8.78,73.88,11.06,72.59,10.04
S281,Computer Networks,F01,29.0,92.9,82.4,94.3,100,False,No_Anomaly,96.67,91.93,2.37,2.37,2.58,73.7,9.66,72.72,10.8
S281,Machine Learning,F06,29.0,92.9,82.4,85.7,100,False,No_Anomaly,96.67,91.93,-6.23,6.23,-6.78,72.75,9.99,72.78,9.96
S281,Software Engineering,F05,29.0,92.9,82.4,93.1,100,False,No_Anomaly,96.67,91.93,1.17,1.17,1.27,74.08,9.85,72.8,10.07
S282,Compiler Design,F01,23.5,68.9,83.3,69.0,100,False,No_Anomaly,78.33,74.61,-5.61,5.61,-7.52,73.7,9.66,72.59,10.04
S282,Computer Networks,F04,23.5,68.9,83.3,75.2,100,False,No_Anomaly,78.33,74.61,0.59,0.59,0.79,73.24,9.91,72.72,10.8
S282,Machine Learning,F05,23.5,68.9,83.3,81.2,100,False,No_Anomaly,78.33,74.61,6.59,6.59,8.83,74.08,9.85,72.78,9.96
S282,Software Engineering,F01,23.5,68.9,83.3,70.0,100,False,No_Anomaly,78.33,74.61,-4.61,4.61,-6.18,73.7,9.66,72.8,10.07
S283,Compiler Design,F06,19.2,98.0,90.5,83.3,100,False,No_Anomaly,64.0,86.3,-3.0,3.0,-3.48,72.75,9.99,72.59,10.04
S283,Computer Networks,F06,19.2,98.0,90.5,95.4,100,False,No_Anomaly,64.0,86.3,9.1,9.1,10.54,72.75,9.99,72.72,10.8
S283,Machine Learning,F08,19.2,98.0,90.5,93.3,100,False,No_Anomaly,64.0,86.3,7.0,7.0,8.11,73.65,10.19,72.78,9.96
S283,Software Engineering,F04,19.2,98.0,90.5,81.3,100,False,No_Anomaly,64.0,86.3,-5.0,5.0,-5.79,73.24,9.91,72.8,10.07
S284,Compiler Design,F07,20.0,81.6,78.4,72.8,100,False,No_Anomaly,66.67,76.48,-3.68,3.68,-4.81,69.71,10.67,72.59,10.04
S284,Computer Networks,F07,20.0,81.6,78.4,70.0,100,False,No_Anomaly,66.67,76.48,-6.48,6.48,-8.47,69.71,10.67,72.72,10.8
S284,Machine Learning,F05,20.0,81.6,78.4,80.5,100,False,No_Anomaly,66.67,76.48,4.02,4.02,5.26,74.08,9.85,72.78,9.96
S284,Software Engineering,F01,20.0,81.6,78.4,69.5,100,False,No_Anomaly,66.67,76.48,-6.98,6.98,-9.13,73.7,9.66,72.8,10.07
S285,Compiler Design,F08,23.1,80.9,82.3,80.2,100,False,No_Anomaly,77.0,80.01,0.19,0.19,0.24,73.65,10.19,72.59,10.04
S285,Computer Networks,F07,23.1,80.9,82.3,69.5,100,False,No_Anomaly,77.0,80.01,-10.51,10.51,-13.14,69.71,10.67,72.72,10.8
S285,Machine Learning,F01,23.1,80.9,82.3,79.5,100,False,No_Anomaly,77.0,80.01,-0.51,0.51,-0.64,73.7,9.66,72.78,9.96
S285,Software Engineering,F04,23.1,80.9,82.3,73.8,100,False,No_Anomaly,77.0,80.01,-6.21,6.21,-7.76,73.24,9.91,72.8,10.07
S286,Compiler Design,F05,23.7,70.2,85.4,79.9,100,False,No_Anomaly,79.0,75.88,4.02,4.02,5.3,74.08,9.85,72.59,10.04
S286,Computer Networks,F02,23.7,70.2,85.4,52.3,100,True,Severe_Undermarking,79.0,75.88,-23.58,23.58,-31.08,70.46,9.46,72.72,10.8
S286,Machine Learning,F08,23.7,70.2,85.4,80.0,100,False,No_Anomaly,79.0,75.88,4.12,4.12,5.43,73.65,10.19,72.78,9.96
S286,Software Engineering,F05,23.7,70.2,85.4,71.9,100,False,No_Anomaly,79.0,75.88,-3.98,3.98,-5.25,74.08,9.85,72.8,10.07
S287,Compiler Design,F05,18.1,46.8,88.7,71.2,100,False,No_Anomaly,60.33,59.24,11.96,11.96,20.19,74.08,9.85,72.59,10.04
S287,Computer Networks,F02,18.1,46.8,88.7,62.2,100,False,No_Anomaly,60.33,59.24,2.96,2.96,5.0,70.46,9.46,72.72,10.8
S287,Machine Learning,F08,18.1,46.8,88.7,62.9,100,False,No_Anomaly,60.33,59.24,3.66,3.66,6.18,73.65,10.19,72.78,9.96
S287,Software Engineering,F05,18.1,46.8,88.7,58.1,100,False,No_Anomaly,60.33,59.24,-1.14,1.14,-1.92,74.08,9.85,72.8,10.07
S288,Compiler Design,F07,22.3,52.7,81.4,55.4,100,False,No_Anomaly,74.33,64.93,-9.53,9.53,-14.68,69.71,10.67,72.59,10.04
S288,Computer Networks,F08,22.3,52.7,81.4,67.9,100,False,No_Anomaly,74.33,64.93,2.97,2.97,4.57,73.65,10.19,72.72,10.8
S288,Machine Learning,F03,22.3,52.7,81.4,69.3,100,False,No_Anomaly,74.33,64.93,4.37,4.37,6.73,73.88,11.06,72.78,9.96
S288,Software Engineering,F01,22.3,52.7,81.4,69.8,100,False,No_Anomaly,74.33,64.93,4.87,4.87,7.5,73.7,9.66,72.8,10.07
S289,Compiler Design,F01,16.6,61.7,90.3,58.6,100,False,No_Anomaly,55.33,65.51,-6.91,6.91,-10.55,73.7,9.66,72.59,10.04
S289,Computer Networks,F07,16.6,61.7,90.3,64.5,100,False,No_Anomaly,55.33,65.51,-1.01,1.01,-1.54,69.71,10.67,72.72,10.8
S289,Machine Learning,F03,16.6,61.7,90.3,69.6,100,False,No_Anomaly,55.33,65.51,4.09,4.09,6.24,73.88,11.06,72.78,9.96
S289,Software Engineering,F05,16.6,61.7,90.3,70.6,100,False,No_Anomaly,55.33,65.51,5.09,5.09,7.77,74.08,9.85,72.8,10.07
S290,Compiler Design,F07,21.8,65.1,76.2,64.0,100,False,No_Anomaly,72.67,69.59,-5.59,5.59,-8.03,69.71,10.67,72.59,10.04
S290,Computer Networks,F05,21.8,65.1,76.2,67.6,100,False,No_Anomaly,72.67,69.59,-1.99,1.99,-2.86,74.08,9.85,72.72,10.8
S290,Machine Learning,F05,21.8,65.1,76.2,76.2,100,False,No_Anomaly,72.67,69.59,6.61,6.61,9.5,74.08,9.85,72.78,9.96
S290,Software Engineering,F06,21.8,65.1,76.2,69.2,100,False,No_Anomaly,72.67,69.59,-0.39,0.39,-0.56,72.75,9.99,72.8,10.07
S291,Compiler Design,F03,24.9,73.3,71.9,84.3,100,False,No_Anomaly,83.0,75.93,8.37,8.37,11.02,73.88,11.06,72.59,10.04
S291,Computer Networks,F02,24.9,73.3,71.9,69.4,100,False,No_Anomaly,83.0,75.93,-6.53,6.53,-8.6,70.46,9.46,72.72,10.8
S291,Machine Learning,F08,24.9,73.3,71.9,78.8,100,False,No_Anomaly,83.0,75.93,2.87,2.87,3.78,73.65,10.19,72.78,9.96
S291,Software Engineering,F08,24.9,73.3,71.9,76.0,100,False,No_Anomaly,83.0,75.93,0.07,0.07,0.09,73.65,10.19,72.8,10.07
S292,Compiler Design,F06,14.2,70.8,63.1,95.9,100,True,Severe_Overmarking,47.33,62.22,33.68,33.68,54.13,72.75,9.99,72.59,10.04
S292,Computer Networks,F03,14.2,70.8,63.1,61.6,100,False,No_Anomaly,47.33,62.22,-0.62,0.62,-1.0,73.88,11.06,72.72,10.8
S292,Machine Learning,F06,14.2,70.8,63.1,63.6,100,False,No_Anomaly,47.33,62.22,1.38,1.38,2.22,72.75,9.99,72.78,9.96
S292,Software Engineering,F04,14.2,70.8,63.1,64.7,100,False,No_Anomaly,47.33,62.22,2.48,2.48,3.99,73.24,9.91,72.8,10.07
S293,Compiler Design,F03,21.6,69.9,79.8,75.4,100,False,No_Anomaly,72.0,72.51,2.89,2.89,3.99,73.88,11.06,72.59,10.04
S293,Computer Networks,F02,21.6,69.9,79.8,73.4,100,False,No_Anomaly,72.0,72.51,0.89,0.89,1.23,70.46,9.46,72.72,10.8
S293,Machine Learning,F02,21.6,69.9,79.8,62.5,100,False,No_Anomaly,72.0,72.51,-10.01,10.01,-13.8,70.46,9.46,72.78,9.96
S293,Software Engineering,F08,21.6,69.9,79.8,79.4,100,False,No_Anomaly,72.0,72.51,6.89,6.89,9.5,73.65,10.19,72.8,10.07
S294,Compiler Design,F06,25.8,69.7,84.3,78.7,100,False,No_Anomaly,86.0,77.51,1.19,1.19,1.54,72.75,9.99,72.59,10.04
S294,Computer Networks,F07,25.8,69.7,84.3,76.5,100,False,No_Anomaly,86.0,77.51,-1.01,1.01,-1.3,69.71,10.67,72.72,10.8
S294,Machine Learning,F07,25.8,69.7,84.3,62.0,100,False,No_Anomaly,86.0,77.51,-15.51,15.51,-20.01,69.71,10.67,72.78,9.96
S294,Software Engineering,F05,25.8,69.7,84.3,69.7,100,False,No_Anomaly,86.0,77.51,-7.81,7.81,-10.08,74.08,9.85,72.8,10.07
S295,Compiler Design,F01,17.6,56.7,70.3,51.4,100,False,No_Anomaly,58.67,60.01,-8.61,8.61,-14.35,73.7,9.66,72.59,10.04
S295,Computer Networks,F02,17.6,56.7,70.3,62.0,100,False,No_Anomaly,58.67,60.01,1.99,1.99,3.32,70.46,9.46,72.72,10.8
S295,Machine Learning,F05,17.6,56.7,70.3,62.2,100,False,No_Anomaly,58.67,60.01,2.19,2.19,3.65,74.08,9.85,72.78,9.96
S295,Software Engineering,F06,17.6,56.7,70.3,62.1,100,False,No_Anomaly,58.67,60.01,2.09,2.09,3.48,72.75,9.99,72.8,10.07
S296,Compiler Design,F03,20.3,73.5,94.4,74.5,100,False,No_Anomaly,67.67,75.93,-1.43,1.43,-1.88,73.88,11.06,72.59,10.04
S296,Computer Networks,F06,20.3,73.5,94.4,77.4,100,False,No_Anomaly,67.67,75.93,1.47,1.47,1.94,72.75,9.99,72.72,10.8
S296,Machine Learning,F05,20.3,73.5,94.4,79.1,100,False,No_Anomaly,67.67,75.93,3.17,3.17,4.17,74.08,9.85,72.78,9.96
S296,Software Engineering,F06,20.3,73.5,94.4,74.4,100,False,No_Anomaly,67.67,75.93,-1.53,1.53,-2.02,72.75,9.99,72.8,10.07
S297,Compiler Design,F03,18.7,40.0,65.0,48.9,100,False,No_Anomaly,62.33,51.7,-2.8,2.8,-5.42,73.88,11.06,72.59,10.04
S297,Computer Networks,F06,18.7,40.0,65.0,51.6,100,False,No_Anomaly,62.33,51.7,-0.1,0.1,-0.19,72.75,9.99,72.72,10.8
S297,Machine Learning,F06,18.7,40.0,65.0,54.2,100,False,No_Anomaly,62.33,51.7,2.5,2.5,4.84,72.75,9.99,72.78,9.96
S297,Software Engineering,F04,18.7,40.0,65.0,60.7,100,False,No_Anomaly,62.33,51.7,9.0,9.0,17.41,73.24,9.91,72.8,10.07
S298,Compiler Design,F03,22.2,63.3,77.9,67.2,100,False,No_Anomaly,74.0,69.43,-2.23,2.23,-3.21,73.88,11.06,72.59,10.04
S298,Computer Networks,F06,22.2,63.3,77.9,74.0,100,False,No_Anomaly,74.0,69.43,4.57,4.57,6.58,72.75,9.99,72.72,10.8
S298,Machine Learning,F04,22.2,63.3,77.9,68.3,100,False,No_Anomaly,74.0,69.43,-1.13,1.13,-1.63,73.24,9.91,72.78,9.96
S298,Software Engineering,F06,22.2,63.3,77.9,75.1,100,False,No_Anomaly,74.0,69.43,5.67,5.67,8.17,72.75,9.99,72.8,10.07
S299,Compiler Design,F08,19.3,66.3,92.5,71.8,100,False,No_Anomaly,64.33,70.95,0.85,0.85,1.2,73.65,10.19,72.59,10.04
S299,Computer Networks,F04,19.3,66.3,92.5,71.6,100,False,No_Anomaly,64.33,70.95,0.65,0.65,0.92,73.24,9.91,72.72,10.8
S299,Machine Learning,F03,19.3,66.3,92.5,72.8,100,False,No_Anomaly,64.33,70.95,1.85,1.85,2.61,73.88,11.06,72.78,9.96
S299,Software Engineering,F02,19.3,66.3,92.5,67.0,100,False,No_Anomaly,64.33,70.95,-3.95,3.95,-5.57,70.46,9.46,72.8,10.07
S300,Compiler Design,F05,15.9,59.7,86.8,58.1,100,False,No_Anomaly,53.0,63.11,-5.01,5.01,-7.94,74.08,9.85,72.59,10.04
S300,Computer Networks,F01,15.9,59.7,86.8,65.2,100,False,No_Anomaly,53.0,63.11,2.09,2.09,3.31,73.7,9.66,72.72,10.8
S300,Machine Learning,F04,15.9,59.7,86.8,66.7,100,False,No_Anomaly,53.0,63.11,3.59,3.59,5.69,73.24,9.91,72.78,9.96
S300,Software Engineering,F01,15.9,59.7,86.8,58.7,100,False,No_Anomaly,53.0,63.11,-4.41,4.41,-6.99,73.7,9.66,72.8,10.07
S301,Compiler Design,F01,21.4,74.7,83.0,79.8,100,False,No_Anomaly,71.33,75.35,4.45,4.45,5.91,73.7,9.66,72.59,10.04
S301,Computer Networks,F02,21.4,74.7,83.0,73.8,100,False,No_Anomaly,71.33,75.35,-1.55,1.55,-2.06,70.46,9.46,72.72,10.8
S301,Machine Learning,F01,21.4,74.7,83.0,76.4,100,False,No_Anomaly,71.33,75.35,1.05,1.05,1.39,73.7,9.66,72.78,9.96
S301,Software Engineering,F04,21.4,74.7,83.0,77.8,100,False,No_Anomaly,71.33,75.35,2.45,2.45,3.25,73.24,9.91,72.8,10.07
S302,Compiler Design,F02,30.0,89.1,75.8,85.7,100,False,No_Anomaly,100.0,89.71,-4.01,4.01,-4.47,70.46,9.46,72.59,10.04
S302,Computer Networks,F04,30.0,89.1,75.8,92.1,100,False,No_Anomaly,100.0,89.71,2.39,2.39,2.66,73.24,9.91,72.72,10.8
S302,Machine Learning,F04,30.0,89.1,75.8,100.0,100,True,Severe_Overmarking,100.0,89.71,10.29,10.29,11.47,73.24,9.91,72.78,9.96
S302,Software Engineering,F05,30.0,89.1,75.8,72.5,100,False,No_Anomaly,100.0,89.71,-17.21,17.21,-19.18,74.08,9.85,72.8,10.07
S303,Compiler Design,F01,22.3,67.3,69.2,70.4,100,False,No_Anomaly,74.33,69.79,0.61,0.61,0.87,73.7,9.66,72.59,10.04
S303,Computer Networks,F05,22.3,67.3,69.2,69.4,100,False,No_Anomaly,74.33,69.79,-0.39,0.39,-0.56,74.08,9.85,72.72,10.8
S303,Machine Learning,F01,22.3,67.3,69.2,67.2,100,False,No_Anomaly,74.33,69.79,-2.59,2.59,-3.71,73.7,9.66,72.78,9.96
S303,Software Engineering,F05,22.3,67.3,69.2,77.2,100,False,No_Anomaly,74.33,69.79,7.41,7.41,10.62,74.08,9.85,72.8,10.07
S304,Compiler Design,F05,23.6,57.1,74.5,41.8,100,True,Severe_Undermarking,78.67,67.05,-25.25,25.25,-37.66,74.08,9.85,72.59,10.04
S304,Computer Networks,F05,23.6,57.1,74.5,67.4,100,False,No_Anomaly,78.67,67.05,0.35,0.35,0.52,74.08,9.85,72.72,10.8
S304,Machine Learning,F03,23.6,57.1,74.5,69.1,100,False,No_Anomaly,78.67,67.05,2.05,2.05,3.06,73.88,11.06,72.78,9.96
S304,Software Engineering,F06,23.6,57.1,74.5,62.9,100,False,No_Anomaly,78.67,67.05,-4.15,4.15,-6.19,72.75,9.99,72.8,10.07
S305,Compiler Design,F01,25.9,76.7,75.8,74.5,100,False,No_Anomaly,86.33,79.41,-4.91,4.91,-6.18,73.7,9.66,72.59,10.04
S305,Computer Networks,F07,25.9,76.7,75.8,76.4,100,False,No_Anomaly,86.33,79.41,-3.01,3.01,-3.79,69.71,10.67,72.72,10.8
S305,Machine Learning,F06,25.9,76.7,75.8,76.1,100,False,No_Anomaly,86.33,79.41,-3.31,3.31,-4.17,72.75,9.99,72.78,9.96
S305,Software Engineering,F03,25.9,76.7,75.8,71.9,100,False,No_Anomaly,86.33,79.41,-7.51,7.51,-9.46,73.88,11.06,72.8,10.07
S306,Compiler Design,F01,24.1,83.9,96.4,89.0,100,False,No_Anomaly,80.33,85.33,3.67,3.67,4.3,73.7,9.66,72.59,10.04
S306,Computer Networks,F02,24.1,83.9,96.4,90.8,100,False,No_Anomaly,80.33,85.33,5.47,5.47,6.41,70.46,9.46,72.72,10.8
S306,Machine Learning,F06,24.1,83.9,96.4,100.0,100,True,Severe_Overmarking,80.33,85.33,14.67,14.67,17.19,72.75,9.99,72.78,9.96
S306,Software Engineering,F07,24.1,83.9,96.4,80.0,100,False,No_Anomaly,80.33,85.33,-5.33,5.33,-6.25,69.71,10.67,72.8,10.07
S307,Compiler Design,F01,20.7,86.4,63.2,89.2,100,False,No_Anomaly,69.0,76.54,12.66,12.66,16.54,73.7,9.66,72.59,10.04
S307,Computer Networks,F07,20.7,86.4,63.2,63.2,100,False,No_Anomaly,69.0,76.54,-13.34,13.34,-17.43,69.71,10.67,72.72,10.8
S307,Machine Learning,F01,20.7,86.4,63.2,74.1,100,False,No_Anomaly,69.0,76.54,-2.44,2.44,-3.19,73.7,9.66,72.78,9.96
S307,Software Engineering,F02,20.7,86.4,63.2,73.9,100,False,No_Anomaly,69.0,76.54,-2.64,2.64,-3.45,70.46,9.46,72.8,10.07
S308,Compiler Design,F08,19.7,59.6,83.2,66.0,100,False,No_Anomaly,65.67,66.14,-0.14,0.14,-0.21,73.65,10.19,72.59,10.04
S308,Computer Networks,F02,19.7,59.6,83.2,64.1,100,False,No_Anomaly,65.67,66.14,-2.04,2.04,-3.08,70.46,9.46,72.72,10.8
S308,Machine Learning,F03,19.7,59.6,83.2,66.4,100,False,No_Anomaly,65.67,66.14,0.26,0.26,0.39,73.88,11.06,72.78,9.96
S308,Software Engineering,F02,19.7,59.6,83.2,69.7,100,False,No_Anomaly,65.67,66.14,3.56,3.56,5.38,70.46,9.46,72.8,10.07
S309,Compiler Design,F08,21.3,68.0,100.0,74.3,100,False,No_Anomaly,71.0,75.3,-1.0,1.0,-1.33,73.65,10.19,72.59,10.04
S309,Computer Networks,F05,21.3,68.0,100.0,81.5,100,False,No_Anomaly,71.0,75.3,6.2,6.2,8.23,74.08,9.85,72.72,10.8
S309,Machine Learning,F05,21.3,68.0,100.0,81.4,100,False,No_Anomaly,71.0,75.3,6.1,6.1,8.1,74.08,9.85,72.78,9.96
S309,Software Engineering,F01,21.3,68.0,100.0,82.8,100,False,No_Anomaly,71.0,75.3,7.5,7.5,9.96,73.7,9.66,72.8,10.07
S310,Compiler Design,F05,22.3,75.0,79.7,83.7,100,False,No_Anomaly,74.33,75.74,7.96,7.96,10.51,74.08,9.85,72.59,10.04
S310,Computer Networks,F05,22.3,75.0,79.7,74.6,100,False,No_Anomaly,74.33,75.74,-1.14,1.14,-1.51,74.08,9.85,72.72,10.8
S310,Machine Learning,F04,22.3,75.0,79.7,70.1,100,False,No_Anomaly,74.33,75.74,-5.64,5.64,-7.45,73.24,9.91,72.78,9.96
S310,Software Engineering,F01,22.3,75.0,79.7,100.0,100,True,Severe_Overmarking,74.33,75.74,24.26,24.26,32.03,73.7,9.66,72.8,10.07
S311,Compiler Design,F05,26.7,70.1,86.5,79.8,100,False,No_Anomaly,89.0,79.05,0.75,0.75,0.95,74.08,9.85,72.59,10.04
S311,Computer Networks,F01,26.7,70.1,86.5,84.9,100,False,No_Anomaly,89.0,79.05,5.85,5.85,7.4,73.7,9.66,72.72,10.8
S311,Machine Learning,F05,26.7,70.1,86.5,78.5,100,False,No_Anomaly,89.0,79.05,-0.55,0.55,-0.7,74.08,9.85,72.78,9.96
S311,Software Engineering,F08,26.7,70.1,86.5,82.2,100,False,No_Anomaly,89.0,79.05,3.15,3.15,3.98,73.65,10.19,72.8,10.07
S312,Compiler Design,F04,24.4,89.8,85.1,92.6,100,False,No_Anomaly,81.33,86.32,6.28,6.28,7.28,73.24,9.91,72.59,10.04
S312,Computer Networks,F08,24.4,89.8,85.1,93.3,100,False,No_Anomaly,81.33,86.32,6.98,6.98,8.09,73.65,10.19,72.72,10.8
S312,Machine Learning,F05,24.4,89.8,85.1,90.7,100,False,No_Anomaly,81.33,86.32,4.38,4.38,5.07,74.08,9.85,72.78,9.96
S312,Software Engineering,F08,24.4,89.8,85.1,86.4,100,False,No_Anomaly,81.33,86.32,0.08,0.08,0.09,73.65,10.19,72.8,10.07
S313,Compiler Design,F06,25.8,56.2,81.1,77.4,100,False,No_Anomaly,86.0,70.12,7.28,7.28,10.38,72.75,9.99,72.59,10.04
S313,Computer Networks,F08,25.8,56.2,81.1,71.2,100,False,No_Anomaly,86.0,70.12,1.08,1.08,1.54,73.65,10.19,72.72,10.8
S313,Machine Learning,F07,25.8,56.2,81.1,65.8,100,False,No_Anomaly,86.0,70.12,-4.32,4.32,-6.16,69.71,10.67,72.78,9.96
S313,Software Engineering,F04,25.8,56.2,81.1,72.0,100,False,No_Anomaly,86.0,70.12,1.88,1.88,2.68,73.24,9.91,72.8,10.07
S314,Compiler Design,F07,25.5,80.4,84.1,74.4,100,False,No_Anomaly,85.0,82.52,-8.12,8.12,-9.84,69.71,10.67,72.59,10.04
S314,Computer Networks,F05,25.5,80.4,84.1,82.1,100,False,No_Anomaly,85.0,82.52,-0.42,0.42,-0.51,74.08,9.85,72.72,10.8
S314,Machine Learning,F06,25.5,80.4,84.1,81.8,100,False,No_Anomaly,85.0,82.52,-0.72,0.72,-0.87,72.75,9.99,72.78,9.96
S314,Software Engineering,F03,25.5,80.4,84.1,81.0,100,False,No_Anomaly,85.0,82.52,-1.52,1.52,-1.84,73.88,11.06,72.8,10.07
S315,Compiler Design,F08,23.2,75.9,94.0,49.8,100,True,Severe_Undermarking,77.33,79.95,-30.15,30.15,-37.71,73.65,10.19,72.59,10.04
S315,Computer Networks,F01,23.2,75.9,94.0,79.0,100,False,No_Anomaly,77.33,79.95,-0.95,0.95,-1.19,73.7,9.66,72.72,10.8
S315,Machine Learning,F01,23.2,75.9,94.0,82.1,100,False,No_Anomaly,77.33,79.95,2.15,2.15,2.69,73.7,9.66,72.78,9.96
S315,Software Engineering,F06,23.2,75.9,94.0,81.4,100,False,No_Anomaly,77.33,79.95,1.45,1.45,1.81,72.75,9.99,72.8,10.07
S316,Compiler Design,F01,10.3,65.7,85.4,53.7,100,False,No_Anomaly,34.33,60.23,-6.53,6.53,-10.84,73.7,9.66,72.59,10.04
S316,Computer Networks,F06,10.3,65.7,85.4,79.1,100,False,No_Anomaly,34.33,60.23,18.87,18.87,31.33,72.75,9.99,72.72,10.8
S316,Machine Learning,F01,10.3,65.7,85.4,54.1,100,False,No_Anomaly,34.33,60.23,-6.13,6.13,-10.18,73.7,9.66,72.78,9.96
S316,Software Engineering,F01,10.3,65.7,85.4,57.8,100,False,No_Anomaly,34.33,60.23,-2.43,2.43,-4.03,73.7,9.66,72.8,10.07
S317,Compiler Design,F08,15.1,74.6,50.0,61.1,100,False,No_Anomaly,50.33,62.4,-1.3,1.3,-2.08,73.65,10.19,72.59,10.04
S317,Computer Networks,F08,15.1,74.6,50.0,65.1,100,False,No_Anomaly,50.33,62.4,2.7,2.7,4.33,73.65,10.19,72.72,10.8
S317,Machine Learning,F06,15.1,74.6,50.0,68.2,100,False,No_Anomaly,50.33,62.4,5.8,5.8,9.29,72.75,9.99,72.78,9.96
S317,Software Engineering,F04,15.1,74.6,50.0,65.6,100,False,No_Anomaly,50.33,62.4,3.2,3.2,5.13,73.24,9.91,72.8,10.07
S318,Compiler Design,F01,17.4,75.4,86.8,67.9,100,False,No_Anomaly,58.0,72.46,-4.56,4.56,-6.29,73.7,9.66,72.59,10.04
S318,Computer Networks,F04,17.4,75.4,86.8,68.7,100,False,No_Anomaly,58.0,72.46,-3.76,3.76,-5.19,73.24,9.91,72.72,10.8
S318,Machine Learning,F03,17.4,75.4,86.8,73.4,100,False,No_Anomaly,58.0,72.46,0.94,0.94,1.3,73.88,11.06,72.78,9.96
S318,Software Engineering,F05,17.4,75.4,86.8,78.3,100,False,No_Anomaly,58.0,72.46,5.84,5.84,8.06,74.08,9.85,72.8,10.07
S319,Compiler Design,F03,20.1,61.5,95.7,70.2,100,False,No_Anomaly,67.0,69.99,0.21,0.21,0.3,73.88,11.06,72.59,10.04
S319,Computer Networks,F03,20.1,61.5,95.7,60.5,100,False,No_Anomaly,67.0,69.99,-9.49,9.49,-13.56,73.88,11.06,72.72,10.8
S319,Machine Learning,F02,20.1,61.5,95.7,68.2,100,False,No_Anomaly,67.0,69.99,-1.79,1.79,-2.56,70.46,9.46,72.78,9.96
S319,Software Engineering,F06,20.1,61.5,95.7,78.8,100,False,No_Anomaly,67.0,69.99,8.81,8.81,12.59,72.75,9.99,72.8,10.07
S320,Compiler Design,F03,23.6,96.9,82.0,79.8,100,False,No_Anomaly,78.67,88.45,-8.65,8.65,-9.78,73.88,11.06,72.59,10.04
S320,Computer Networks,F06,23.6,96.9,82.0,72.2,100,False,No_Anomaly,78.67,88.45,-16.25,16.25,-18.37,72.75,9.99,72.72,10.8
S320,Machine Learning,F02,23.6,96.9,82.0,84.7,100,False,No_Anomaly,78.67,88.45,-3.75,3.75,-4.24,70.46,9.46,72.78,9.96
S320,Software Engineering,F07,23.6,96.9,82.0,65.3,100,True,Severe_Undermarking,78.67,88.45,-23.15,23.15,-26.17,69.71,10.67,72.8,10.07
S321,Compiler Design,F06,18.0,89.4,83.3,81.8,100,False,No_Anomaly,60.0,79.36,2.44,2.44,3.07,72.75,9.99,72.59,10.04
S321,Computer Networks,F08,18.0,89.4,83.3,79.9,100,False,No_Anomaly,60.0,79.36,0.54,0.54,0.68,73.65,10.19,72.72,10.8
S321,Machine Learning,F03,18.0,89.4,83.3,84.2,100,False,No_Anomaly,60.0,79.36,4.84,4.84,6.1,73.88,11.06,72.78,9.96
S321,Software Engineering,F05,18.0,89.4,83.3,81.7,100,False,No_Anomaly,60.0,79.36,2.34,2.34,2.95,74.08,9.85,72.8,10.07
S322,Compiler Design,F05,16.5,68.7,81.6,66.4,100,False,No_Anomaly,55.0,67.17,-0.77,0.77,-1.15,74.08,9.85,72.59,10.04
S322,Computer Networks,F04,16.5,68.7,81.6,100.0,100,True,Severe_Overmarking,55.0,67.17,32.83,32.83,48.88,73.24,9.91,72.72,10.8
S322,Machine Learning,F07,16.5,68.7,81.6,65.0,100,False,No_Anomaly,55.0,67.17,-2.17,2.17,-3.23,69.71,10.67,72.78,9.96
S322,Software Engineering,F01,16.5,68.7,81.6,61.2,100,False,No_Anomaly,55.0,67.17,-5.97,5.97,-8.89,73.7,9.66,72.8,10.07
S323,Compiler Design,F04,25.7,66.9,74.6,66.1,100,False,No_Anomaly,85.67,74.07,-7.97,7.97,-10.76,73.24,9.91,72.59,10.04
S323,Computer Networks,F05,25.7,66.9,74.6,75.3,100,False,No_Anomaly,85.67,74.07,1.23,1.23,1.66,74.08,9.85,72.72,10.8
S323,Machine Learning,F06,25.7,66.9,74.6,73.8,100,False,No_Anomaly,85.67,74.07,-0.27,0.27,-0.36,72.75,9.99,72.78,9.96
S323,Software Engineering,F01,25.7,66.9,74.6,71.3,100,False,No_Anomaly,85.67,74.07,-2.77,2.77,-3.74,73.7,9.66,72.8,10.07
S324,Compiler Design,F06,21.6,70.4,79.2,67.3,100,False,No_Anomaly,72.0,72.64,-5.34,5.34,-7.35,72.75,9.99,72.59,10.04
S324,Computer Networks,F07,21.6,70.4,79.2,78.1,100,False,No_Anomaly,72.0,72.64,5.46,5.46,7.52,69.71,10.67,72.72,10.8
S324,Machine Learning,F05,21.6,70.4,79.2,51.8,100,True,Severe_Undermarking,72.0,72.64,-20.84,20.84,-28.69,74.08,9.85,72.78,9.96
S324,Software Engineering,F05,21.6,70.4,79.2,67.0,100,False,No_Anomaly,72.0,72.64,-5.64,5.64,-7.76,74.08,9.85,72.8,10.07
S325,Compiler Design,F04,18.0,72.7,88.2,71.4,100,False,No_Anomaly,60.0,71.99,-0.59,0.59,-0.82,73.24,9.91,72.59,10.04
S325,Computer Networks,F02,18.0,72.7,88.2,79.9,100,False,No_Anomaly,60.0,71.99,7.91,7.91,10.99,70.46,9.46,72.72,10.8
S325,Machine Learning,F01,18.0,72.7,88.2,59.5,100,False,No_Anomaly,60.0,71.99,-12.49,12.49,-17.35,73.7,9.66,72.78,9.96
S325,Software Engineering,F08,18.0,72.7,88.2,65.6,100,False,No_Anomaly,60.0,71.99,-6.39,6.39,-8.88,73.65,10.19,72.8,10.07
S326,Compiler Design,F02,20.4,57.5,93.0,72.2,100,False,No_Anomaly,68.0,67.75,4.45,4.45,6.57,70.46,9.46,72.59,10.04
S326,Computer Networks,F06,20.4,57.5,93.0,65.8,100,False,No_Anomaly,68.0,67.75,-1.95,1.95,-2.88,72.75,9.99,72.72,10.8
S326,Machine Learning,F07,20.4,57.5,93.0,63.5,100,False,No_Anomaly,68.0,67.75,-4.25,4.25,-6.27,69.71,10.67,72.78,9.96
S326,Software Engineering,F02,20.4,57.5,93.0,67.1,100,False,No_Anomaly,68.0,67.75,-0.65,0.65,-0.96,70.46,9.46,72.8,10.07
S327,Compiler Design,F08,23.9,53.0,86.4,67.1,100,False,No_Anomaly,79.67,67.68,-0.58,0.58,-0.86,73.65,10.19,72.59,10.04
S327,Computer Networks,F02,23.9,53.0,86.4,64.9,100,False,No_Anomaly,79.67,67.68,-2.78,2.78,-4.11,70.46,9.46,72.72,10.8
S327,Machine Learning,F02,23.9,53.0,86.4,74.3,100,False,No_Anomaly,79.67,67.68,6.62,6.62,9.78,70.46,9.46,72.78,9.96
S327,Software Engineering,F04,23.9,53.0,86.4,63.7,100,False,No_Anomaly,79.67,67.68,-3.98,3.98,-5.88,73.24,9.91,72.8,10.07
S328,Compiler Design,F04,24.9,51.6,84.3,69.9,100,False,No_Anomaly,83.0,67.56,2.34,2.34,3.46,73.24,9.91,72.59,10.04
S328,Computer Networks,F07,24.9,51.6,84.3,48.1,100,True,Severe_Undermarking,83.0,67.56,-19.46,19.46,-28.8,69.71,10.67,72.72,10.8
S328,Machine Learning,F03,24.9,51.6,84.3,87.2,100,True,Severe_Overmarking,83.0,67.56,19.64,19.64,29.07,73.88,11.06,72.78,9.96
S328,Software Engineering,F06,24.9,51.6,84.3,67.1,100,False,No_Anomaly,83.0,67.56,-0.46,0.46,-0.68,72.75,9.99,72.8,10.07
S329,Compiler Design,F03,16.4,74.5,88.3,82.4,100,False,No_Anomaly,54.67,71.31,11.09,11.09,15.55,73.88,11.06,72.59,10.04
S329,Computer Networks,F04,16.4,74.5,88.3,65.5,100,False,No_Anomaly,54.67,71.31,-5.81,5.81,-8.15,73.24,9.91,72.72,10.8
S329,Machine Learning,F07,16.4,74.5,88.3,62.2,100,False,No_Anomaly,54.67,71.31,-9.11,9.11,-12.78,69.71,10.67,72.78,9.96
S329,Software Engineering,F08,16.4,74.5,88.3,74.2,100,False,No_Anomaly,54.67,71.31,2.89,2.89,4.05,73.65,10.19,72.8,10.07
S330,Compiler Design,F07,20.1,74.0,79.0,78.5,100,False,No_Anomaly,67.0,72.9,5.6,5.6,7.68,69.71,10.67,72.59,10.04
S330,Computer Networks,F07,20.1,74.0,79.0,67.7,100,False,No_Anomaly,67.0,72.9,-5.2,5.2,-7.13,69.71,10.67,72.72,10.8
S330,Machine Learning,F03,20.1,74.0,79.0,70.1,100,False,No_Anomaly,67.0,72.9,-2.8,2.8,-3.84,73.88,11.06,72.78,9.96
S330,Software Engineering,F01,20.1,74.0,79.0,69.7,100,False,No_Anomaly,67.0,72.9,-3.2,3.2,-4.39,73.7,9.66,72.8,10.07
S331,Compiler Design,F06,29.2,80.4,96.8,84.4,100,False,No_Anomaly,97.33,88.76,-4.36,4.36,-4.91,72.75,9.99,72.59,10.04
S331,Computer Networks,F08,29.2,80.4,96.8,95.6,100,False,No_Anomaly,97.33,88.76,6.84,6.84,7.71,73.65,10.19,72.72,10.8
S331,Machine Learning,F01,29.2,80.4,96.8,83.9,100,False,No_Anomaly,97.33,88.76,-4.86,4.86,-5.48,73.7,9.66,72.78,9.96
S331,Software Engineering,F05,29.2,80.4,96.8,80.7,100,False,No_Anomaly,97.33,88.76,-8.06,8.06,-9.08,74.08,9.85,72.8,10.07
S332,Compiler Design,F04,23.4,85.8,80.9,79.6,100,False,No_Anomaly,78.0,82.48,-2.88,2.88,-3.49,73.24,9.91,72.59,10.04
S332,Computer Networks,F07,23.4,85.8,80.9,74.7,100,False,No_Anomaly,78.0,82.48,-7.78,7.78,-9.43,69.71,10.67,72.72,10.8
S332,Machine Learning,F07,23.4,85.8,80.9,80.9,100,False,No_Anomaly,78.0,82.48,-1.58,1.58,-1.92,69.71,10.67,72.78,9.96
S332,Software Engineering,F04,23.4,85.8,80.9,76.8,100,False,No_Anomaly,78.0,82.48,-5.68,5.68,-6.89,73.24,9.91,72.8,10.07
S333,Compiler Design,F04,22.5,79.2,83.2,74.6,100,False,No_Anomaly,75.0,78.74,-4.14,4.14,-5.26,73.24,9.91,72.59,10.04
S333,Computer Networks,F07,22.5,79.2,83.2,74.0,100,False,No_Anomaly,75.0,78.74,-4.74,4.74,-6.02,69.71,10.67,72.72,10.8
S333,Machine Learning,F05,22.5,79.2,83.2,80.5,100,False,No_Anomaly,75.0,78.74,1.76,1.76,2.24,74.08,9.85,72.78,9.96
S333,Software Engineering,F06,22.5,79.2,83.2,81.5,100,False,No_Anomaly,75.0,78.74,2.76,2.76,3.51,72.75,9.99,72.8,10.07
S334,Compiler Design,F04,19.1,79.9,81.4,79.9,100,False,No_Anomaly,63.67,75.33,4.57,4.57,6.07,73.24,9.91,72.59,10.04
S334,Computer Networks,F03,19.1,79.9,81.4,76.2,100,False,No_Anomaly,63.67,75.33,0.87,0.87,1.15,73.88,11.06,72.72,10.8
S334,Machine Learning,F03,19.1,79.9,81.4,76.2,100,False,No_Anomaly,63.67,75.33,0.87,0.87,1.15,73.88,11.06,72.78,9.96
S334,Software Engineering,F02,19.1,79.9,81.4,70.9,100,False,No_Anomaly,63.67,75.33,-4.43,4.43,-5.88,70.46,9.46,72.8,10.07
S335,Compiler Design,F06,22.0,65.0,88.3,76.2,100,False,No_Anomaly,73.33,72.16,4.04,4.04,5.6,72.75,9.99,72.59,10.04
S335,Computer Networks,F08,22.0,65.0,88.3,77.2,100,False,No_Anomaly,73.33,72.16,5.04,5.04,6.98,73.65,10.19,72.72,10.8
S335,Machine Learning,F04,22.0,65.0,88.3,76.8,100,False,No_Anomaly,73.33,72.16,4.64,4.64,6.43,73.24,9.91,72.78,9.96
S335,Software Engineering,F08,22.0,65.0,88.3,72.9,100,False,No_Anomaly,73.33,72.16,0.74,0.74,1.03,73.65,10.19,72.8,10.07
S336,Compiler Design,F05,20.5,74.1,88.7,77.4,100,False,No_Anomaly,68.33,75.29,2.11,2.11,2.8,74.08,9.85,72.59,10.04
S336,Computer Networks,F02,20.5,74.1,88.7,70.6,100,False,No_Anomaly,68.33,75.29,-4.69,4.69,-6.23,70.46,9.46,72.72,10.8
S336,Machine Learning,F05,20.5,74.1,88.7,75.7,100,False,No_Anomaly,68.33,75.29,0.41,0.41,0.54,74.08,9.85,72.78,9.96
S336,Software Engineering,F06,20.5,74.1,88.7,73.9,100,False,No_Anomaly,68.33,75.29,-1.39,1.39,-1.85,72.75,9.99,72.8,10.07
S337,Compiler Design,F01,17.1,79.1,85.8,70.7,100,False,No_Anomaly,57.0,73.81,-3.11,3.11,-4.21,73.7,9.66,72.59,10.04
S337,Computer Networks,F05,17.1,79.1,85.8,73.6,100,False,No_Anomaly,57.0,73.81,-0.21,0.21,-0.28,74.08,9.85,72.72,10.8
S337,Machine Learning,F01,17.1,79.1,85.8,70.5,100,False,No_Anomaly,57.0,73.81,-3.31,3.31,-4.48,73.7,9.66,72.78,9.96
S337,Software Engineering,F06,17.1,79.1,85.8,76.7,100,False,No_Anomaly,57.0,73.81,2.89,2.89,3.92,72.75,9.99,72.8,10.07
S338,Compiler Design,F05,15.4,87.3,77.0,72.9,100,False,No_Anomaly,51.33,74.45,-1.55,1.55,-2.08,74.08,9.85,72.59,10.04
S338,Computer Networks,F04,15.4,87.3,77.0,68.5,100,False,No_Anomaly,51.33,74.45,-5.95,5.95,-7.99,73.24,9.91,72.72,10.8
S338,Machine Learning,F05,15.4,87.3,77.0,74.5,100,False,No_Anomaly,51.33,74.45,0.05,0.05,0.07,74.08,9.85,72.78,9.96
S338,Software Engineering,F06,15.4,87.3,77.0,48.3,100,True,Severe_Undermarking,51.33,74.45,-26.15,26.15,-35.12,72.75,9.99,72.8,10.07
S339,Compiler Design,F04,22.2,57.5,71.8,64.0,100,False,No_Anomaly,74.0,65.31,-1.31,1.31,-2.01,73.24,9.91,72.59,10.04
S339,Computer Networks,F05,22.2,57.5,71.8,68.8,100,False,No_Anomaly,74.0,65.31,3.49,3.49,5.34,74.08,9.85,72.72,10.8
S339,Machine Learning,F01,22.2,57.5,71.8,66.2,100,False,No_Anomaly,74.0,65.31,0.89,0.89,1.36,73.7,9.66,72.78,9.96
S339,Software Engineering,F07,22.2,57.5,71.8,52.7,100,False,No_Anomaly,74.0,65.31,-12.61,12.61,-19.31,69.71,10.67,72.8,10.07
S340,Compiler Design,F02,24.5,66.7,78.6,66.9,100,False,No_Anomaly,81.67,73.57,-6.67,6.67,-9.07,70.46,9.46,72.59,10.04
S340,Computer Networks,F01,24.5,66.7,78.6,78.3,100,False,No_Anomaly,81.67,73.57,4.73,4.73,6.43,73.7,9.66,72.72,10.8
S340,Machine Learning,F07,24.5,66.7,78.6,75.3,100,False,No_Anomaly,81.67,73.57,1.73,1.73,2.35,69.71,10.67,72.78,9.96
S340,Software Engineering,F08,24.5,66.7,78.6,71.4,100,False,No_Anomaly,81.67,73.57,-2.17,2.17,-2.95,73.65,10.19,72.8,10.07
S341,Compiler Design,F06,23.6,74.1,85.2,71.5,100,False,No_Anomaly,78.67,77.69,-6.19,6.19,-7.97,72.75,9.99,72.59,10.04
S341,Computer Networks,F01,23.6,74.1,85.2,84.5,100,False,No_Anomaly,78.67,77.69,6.81,6.81,8.77,73.7,9.66,72.72,10.8
S341,Machine Learning,F04,23.6,74.1,85.2,68.3,100,False,No_Anomaly,78.67,77.69,-9.39,9.39,-12.09,73.24,9.91,72.78,9.96
S341,Software Engineering,F03,23.6,74.1,85.2,87.2,100,False,No_Anomaly,78.67,77.69,9.51,9.51,12.24,73.88,11.06,72.8,10.07
S342,Compiler Design,F05,20.5,77.4,60.9,84.2,100,False,No_Anomaly,68.33,71.38,12.82,12.82,17.96,74.08,9.85,72.59,10.04
S342,Computer Networks,F06,20.5,77.4,60.9,72.5,100,False,No_Anomaly,68.33,71.38,1.12,1.12,1.57,72.75,9.99,72.72,10.8
S342,Machine Learning,F02,20.5,77.4,60.9,75.1,100,False,No_Anomaly,68.33,71.38,3.72,3.72,5.21,70.46,9.46,72.78,9.96
S342,Software Engineering,F01,20.5,77.4,60.9,75.2,100,False,No_Anomaly,68.33,71.38,3.82,3.82,5.35,73.7,9.66,72.8,10.07
S343,Compiler Design,F01,22.0,43.8,82.4,63.5,100,False,No_Anomaly,73.33,60.38,3.12,3.12,5.17,73.7,9.66,72.59,10.04
S343,Computer Networks,F04,22.0,43.8,82.4,62.0,100,False,No_Anomaly,73.33,60.38,1.62,1.62,2.68,73.24,9.91,72.72,10.8
S343,Machine Learning,F04,22.0,43.8,82.4,60.8,100,False,No_Anomaly,73.33,60.38,0.42,0.42,0.7,73.24,9.91,72.78,9.96
S343,Software Engineering,F01,22.0,43.8,82.4,52.4,100,False,No_Anomaly,73.33,60.38,-7.98,7.98,-13.22,73.7,9.66,72.8,10.07
S344,Compiler Design,F03,22.8,82.5,93.9,88.1,100,False,No_Anomaly,76.0,82.83,5.27,5.27,6.36,73.88,11.06,72.59,10.04
S344,Computer Networks,F03,22.8,82.5,93.9,100.0,100,True,Severe_Overmarking,76.0,82.83,17.17,17.17,20.73,73.88,11.06,72.72,10.8
S344,Machine Learning,F01,22.8,82.5,93.9,82.3,100,False,No_Anomaly,76.0,82.83,-0.53,0.53,-0.64,73.7,9.66,72.78,9.96
S344,Software Engineering,F01,22.8,82.5,93.9,84.9,100,False,No_Anomaly,76.0,82.83,2.07,2.07,2.5,73.7,9.66,72.8,10.07
S345,Compiler Design,F02,19.9,64.0,86.9,64.5,100,False,No_Anomaly,66.33,69.28,-4.78,4.78,-6.9,70.46,9.46,72.59,10.04
S345,Computer Networks,F02,19.9,64.0,86.9,68.1,100,False,No_Anomaly,66.33,69.28,-1.18,1.18,-1.7,70.46,9.46,72.72,10.8
S345,Machine Learning,F02,19.9,64.0,86.9,77.5,100,False,No_Anomaly,66.33,69.28,8.22,8.22,11.86,70.46,9.46,72.78,9.96
S345,Software Engineering,F04,19.9,64.0,86.9,68.9,100,False,No_Anomaly,66.33,69.28,-0.38,0.38,-0.55,73.24,9.91,72.8,10.07
S346,Compiler Design,F04,19.8,70.0,91.9,72.7,100,False,No_Anomaly,66.0,73.18,-0.48,0.48,-0.66,73.24,9.91,72.59,10.04
S346,Computer Networks,F01,19.8,70.0,91.9,80.7,100,False,No_Anomaly,66.0,73.18,7.52,7.52,10.28,73.7,9.66,72.72,10.8
S346,Machine Learning,F02,19.8,70.0,91.9,79.7,100,False,No_Anomaly,66.0,73.18,6.52,6.52,8.91,70.46,9.46,72.78,9.96
S346,Software Engineering,F01,19.8,70.0,91.9,64.6,100,False,No_Anomaly,66.0,73.18,-8.58,8.58,-11.72,73.7,9.66,72.8,10.07
S347,Compiler Design,F06,18.2,79.7,88.8,71.9,100,False,No_Anomaly,60.67,75.81,-3.91,3.91,-5.16,72.75,9.99,72.59,10.04
S347,Computer Networks,F01,18.2,79.7,88.8,86.6,100,False,No_Anomaly,60.67,75.81,10.79,10.79,14.23,73.7,9.66,72.72,10.8
S347,Machine Learning,F06,18.2,79.7,88.8,100.0,100,True,Severe_Overmarking,60.67,75.81,24.19,24.19,31.91,72.75,9.99,72.78,9.96
S347,Software Engineering,F02,18.2,79.7,88.8,74.6,100,False,No_Anomaly,60.67,75.81,-1.21,1.21,-1.6,70.46,9.46,72.8,10.07
S348,Compiler Design,F01,22.4,81.7,89.0,79.6,100,False,No_Anomaly,74.67,81.05,-1.45,1.45,-1.79,73.7,9.66,72.59,10.04
S348,Computer Networks,F01,22.4,81.7,89.0,83.0,100,False,No_Anomaly,74.67,81.05,1.95,1.95,2.41,73.7,9.66,72.72,10.8
S348,Machine Learning,F04,22.4,81.7,89.0,79.5,100,False,No_Anomaly,74.67,81.05,-1.55,1.55,-1.91,73.24,9.91,72.78,9.96
S348,Software Engineering,F07,22.4,81.7,89.0,75.7,100,False,No_Anomaly,74.67,81.05,-5.35,5.35,-6.6,69.71,10.67,72.8,10.07
S349,Compiler Design,F04,19.8,60.9,73.4,58.2,100,False,No_Anomaly,66.0,64.93,-6.73,6.73,-10.37,73.24,9.91,72.59,10.04
S349,Computer Networks,F02,19.8,60.9,73.4,58.6,100,False,No_Anomaly,66.0,64.93,-6.33,6.33,-9.75,70.46,9.46,72.72,10.8
S349,Machine Learning,F08,19.8,60.9,73.4,62.4,100,False,No_Anomaly,66.0,64.93,-2.53,2.53,-3.9,73.65,10.19,72.78,9.96
S349,Software Engineering,F02,19.8,60.9,73.4,32.6,100,True,Severe_Undermarking,66.0,64.93,-32.33,32.33,-49.79,70.46,9.46,72.8,10.07
S350,Compiler Design,F07,23.8,76.5,72.4,72.4,100,False,No_Anomaly,79.33,76.53,-4.13,4.13,-5.4,69.71,10.67,72.59,10.04
S350,Computer Networks,F07,23.8,76.5,72.4,67.8,100,False,No_Anomaly,79.33,76.53,-8.73,8.73,-11.41,69.71,10.67,72.72,10.8
S350,Machine Learning,F07,23.8,76.5,72.4,72.7,100,False,No_Anomaly,79.33,76.53,-3.83,3.83,-5.0,69.71,10.67,72.78,9.96
S350,Software Engineering,F03,23.8,76.5,72.4,75.9,100,False,No_Anomaly,79.33,76.53,-0.63,0.63,-0.82,73.88,11.06,72.8,10.07
S351,Compiler Design,F03,22.4,55.1,80.0,68.0,100,False,No_Anomaly,74.67,65.95,2.05,2.05,3.11,73.88,11.06,72.59,10.04
S351,Computer Networks,F03,22.4,55.1,80.0,75.2,100,False,No_Anomaly,74.67,65.95,9.25,9.25,14.03,73.88,11.06,72.72,10.8
S351,Machine Learning,F08,22.4,55.1,80.0,72.1,100,False,No_Anomaly,74.67,65.95,6.15,6.15,9.33,73.65,10.19,72.78,9.96
S351,Software Engineering,F01,22.4,55.1,80.0,75.9,100,False,No_Anomaly,74.67,65.95,9.95,9.95,15.09,73.7,9.66,72.8,10.07
S352,Compiler Design,F04,27.9,98.0,68.2,85.3,100,False,No_Anomaly,93.0,90.54,-5.24,5.24,-5.79,73.24,9.91,72.59,10.04
S352,Computer Networks,F04,27.9,98.0,68.2,67.5,100,True,Severe_Undermarking,93.0,90.54,-23.04,23.04,-25.45,73.24,9.91,72.72,10.8
S352,Machine Learning,F03,27.9,98.0,68.2,94.2,100,False,No_Anomaly,93.0,90.54,3.66,3.66,4.04,73.88,11.06,72.78,9.96
S352,Software Engineering,F03,27.9,98.0,68.2,88.4,100,False,No_Anomaly,93.0,90.54,-2.14,2.14,-2.36,73.88,11.06,72.8,10.07
S353,Compiler Design,F03,22.5,71.8,86.1,77.3,100,False,No_Anomaly,75.0,75.62,1.68,1.68,2.22,73.88,11.06,72.59,10.04
S353,Computer Networks,F04,22.5,71.8,86.1,83.6,100,False,No_Anomaly,75.0,75.62,7.98,7.98,10.55,73.24,9.91,72.72,10.8
S353,Machine Learning,F02,22.5,71.8,86.1,67.2,100,False,No_Anomaly,75.0,75.62,-8.42,8.42,-11.13,70.46,9.46,72.78,9.96
S353,Software Engineering,F05,22.5,71.8,86.1,76.3,100,False,No_Anomaly,75.0,75.62,0.68,0.68,0.9,74.08,9.85,72.8,10.07
S354,Compiler Design,F03,27.8,75.3,80.5,80.4,100,False,No_Anomaly,92.67,81.55,-1.15,1.15,-1.41,73.88,11.06,72.59,10.04
S354,Computer Networks,F02,27.8,75.3,80.5,86.5,100,False,No_Anomaly,92.67,81.55,4.95,4.95,6.07,70.46,9.46,72.72,10.8
S354,Machine Learning,F02,27.8,75.3,80.5,76.5,100,False,No_Anomaly,92.67,81.55,-5.05,5.05,-6.19,70.46,9.46,72.78,9.96
S354,Software Engineering,F02,27.8,75.3,80.5,82.6,100,False,No_Anomaly,92.67,81.55,1.05,1.05,1.29,70.46,9.46,72.8,10.07
S355,Compiler Design,F07,19.4,64.5,93.3,75.9,100,False,No_Anomaly,64.67,70.31,5.59,5.59,7.95,69.71,10.67,72.59,10.04
S355,Computer Networks,F07,19.4,64.5,93.3,72.2,100,False,No_Anomaly,64.67,70.31,1.89,1.89,2.69,69.71,10.67,72.72,10.8
S355,Machine Learning,F05,19.4,64.5,93.3,71.8,100,False,No_Anomaly,64.67,70.31,1.49,1.49,2.12,74.08,9.85,72.78,9.96
S355,Software Engineering,F01,19.4,64.5,93.3,72.3,100,False,No_Anomaly,64.67,70.31,1.99,1.99,2.83,73.7,9.66,72.8,10.07
S356,Compiler Design,F08,23.8,69.3,71.3,63.5,100,False,No_Anomaly,79.33,72.71,-9.21,9.21,-12.67,73.65,10.19,72.59,10.04
S356,Computer Networks,F08,23.8,69.3,71.3,69.3,100,False,No_Anomaly,79.33,72.71,-3.41,3.41,-4.69,73.65,10.19,72.72,10.8
S356,Machine Learning,F03,23.8,69.3,71.3,73.4,100,False,No_Anomaly,79.33,72.71,0.69,0.69,0.95,73.88,11.06,72.78,9.96
S356,Software Engineering,F05,23.8,69.3,71.3,75.6,100,False,No_Anomaly,79.33,72.71,2.89,2.89,3.97,74.08,9.85,72.8,10.07
S357,Compiler Design,F01,21.2,87.3,81.2,86.8,100,False,No_Anomaly,70.67,81.09,5.71,5.71,7.04,73.7,9.66,72.59,10.04
S357,Computer Networks,F07,21.2,87.3,81.2,82.9,100,False,No_Anomaly,70.67,81.09,1.81,1.81,2.23,69.71,10.67,72.72,10.8
S357,Machine Learning,F02,21.2,87.3,81.2,82.8,100,False,No_Anomaly,70.67,81.09,1.71,1.71,2.11,70.46,9.46,72.78,9.96
S357,Software Engineering,F04,21.2,87.3,81.2,84.7,100,False,No_Anomaly,70.67,81.09,3.61,3.61,4.45,73.24,9.91,72.8,10.07
S358,Compiler Design,F04,15.6,56.6,79.7,64.3,100,False,No_Anomaly,52.0,59.84,4.46,4.46,7.45,73.24,9.91,72.59,10.04
S358,Computer Networks,F08,15.6,56.6,79.7,60.6,100,False,No_Anomaly,52.0,59.84,0.76,0.76,1.27,73.65,10.19,72.72,10.8
S358,Machine Learning,F06,15.6,56.6,79.7,67.3,100,False,No_Anomaly,52.0,59.84,7.46,7.46,12.47,72.75,9.99,72.78,9.96
S358,Software Engineering,F08,15.6,56.6,79.7,62.2,100,False,No_Anomaly,52.0,59.84,2.36,2.36,3.94,73.65,10.19,72.8,10.07
S359,Compiler Design,F04,27.3,59.0,84.3,75.4,100,False,No_Anomaly,91.0,73.66,1.74,1.74,2.36,73.24,9.91,72.59,10.04
S359,Computer Networks,F03,27.3,59.0,84.3,73.3,100,False,No_Anomaly,91.0,73.66,-0.36,0.36,-0.49,73.88,11.06,72.72,10.8
S359,Machine Learning,F03,27.3,59.0,84.3,67.1,100,False,No_Anomaly,91.0,73.66,-6.56,6.56,-8.91,73.88,11.06,72.78,9.96
S359,Software Engineering,F03,27.3,59.0,84.3,74.0,100,False,No_Anomaly,91.0,73.66,0.34,0.34,0.46,73.88,11.06,72.8,10.07
S360,Compiler Design,F02,27.7,98.0,76.1,95.8,100,False,No_Anomaly,92.33,91.92,3.88,3.88,4.22,70.46,9.46,72.59,10.04
S360,Computer Networks,F02,27.7,98.0,76.1,100.0,100,True,Severe_Overmarking,92.33,91.92,8.08,8.08,8.79,70.46,9.46,72.72,10.8
S360,Machine Learning,F01,27.7,98.0,76.1,87.5,100,False,No_Anomaly,92.33,91.92,-4.42,4.42,-4.81,73.7,9.66,72.78,9.96
S360,Software Engineering,F07,27.7,98.0,76.1,85.7,100,False,No_Anomaly,92.33,91.92,-6.22,6.22,-6.77,69.71,10.67,72.8,10.07
S361,Compiler Design,F01,23.7,72.9,80.5,79.6,100,False,No_Anomaly,79.0,76.25,3.35,3.35,4.39,73.7,9.66,72.59,10.04
S361,Computer Networks,F01,23.7,72.9,80.5,76.1,100,False,No_Anomaly,79.0,76.25,-0.15,0.15,-0.2,73.7,9.66,72.72,10.8
S361,Machine Learning,F03,23.7,72.9,80.5,77.8,100,False,No_Anomaly,79.0,76.25,1.55,1.55,2.03,73.88,11.06,72.78,9.96
S361,Software Engineering,F07,23.7,72.9,80.5,72.3,100,False,No_Anomaly,79.0,76.25,-3.95,3.95,-5.18,69.71,10.67,72.8,10.07
S362,Compiler Design,F01,20.4,70.7,83.1,77.9,100,False,No_Anomaly,68.0,72.37,5.53,5.53,7.64,73.7,9.66,72.59,10.04
S362,Computer Networks,F02,20.4,70.7,83.1,68.8,100,False,No_Anomaly,68.0,72.37,-3.57,3.57,-4.93,70.46,9.46,72.72,10.8
S362,Machine Learning,F08,20.4,70.7,83.1,80.1,100,False,No_Anomaly,68.0,72.37,7.73,7.73,10.68,73.65,10.19,72.78,9.96
S362,Software Engineering,F07,20.4,70.7,83.1,71.1,100,False,No_Anomaly,68.0,72.37,-1.27,1.27,-1.75,69.71,10.67,72.8,10.07
S363,Compiler Design,F03,24.6,53.2,66.6,74.2,100,False,No_Anomaly,82.0,64.52,9.68,9.68,15.0,73.88,11.06,72.59,10.04
S363,Computer Networks,F08,24.6,53.2,66.6,52.8,100,False,No_Anomaly,82.0,64.52,-11.72,11.72,-18.16,73.65,10.19,72.72,10.8
S363,Machine Learning,F08,24.6,53.2,66.6,65.4,100,False,No_Anomaly,82.0,64.52,0.88,0.88,1.36,73.65,10.19,72.78,9.96
S363,Software Engineering,F04,24.6,53.2,66.6,63.7,100,False,No_Anomaly,82.0,64.52,-0.82,0.82,-1.27,73.24,9.91,72.8,10.07
S364,Compiler Design,F02,22.0,66.7,76.0,67.7,100,False,No_Anomaly,73.33,70.55,-2.85,2.85,-4.04,70.46,9.46,72.59,10.04
S364,Computer Networks,F06,22.0,66.7,76.0,74.4,100,False,No_Anomaly,73.33,70.55,3.85,3.85,5.46,72.75,9.99,72.72,10.8
S364,Machine Learning,F06,22.0,66.7,76.0,65.0,100,False,No_Anomaly,73.33,70.55,-5.55,5.55,-7.87,72.75,9.99,72.78,9.96
S364,Software Engineering,F06,22.0,66.7,76.0,71.7,100,False,No_Anomaly,73.33,70.55,1.15,1.15,1.63,72.75,9.99,72.8,10.07
S365,Compiler Design,F06,19.4,79.5,83.8,74.9,100,False,No_Anomaly,64.67,75.91,-1.01,1.01,-1.33,72.75,9.99,72.59,10.04
S365,Computer Networks,F06,19.4,79.5,83.8,76.4,100,False,No_Anomaly,64.67,75.91,0.49,0.49,0.65,72.75,9.99,72.72,10.8
S365,Machine Learning,F03,19.4,79.5,83.8,76.0,100,False,No_Anomaly,64.67,75.91,0.09,0.09,0.12,73.88,11.06,72.78,9.96
S365,Software Engineering,F04,19.4,79.5,83.8,70.9,100,False,No_Anomaly,64.67,75.91,-5.01,5.01,-6.6,73.24,9.91,72.8,10.07
S366,Compiler Design,F03,24.0,84.7,97.8,92.9,100,False,No_Anomaly,80.0,85.91,6.99,6.99,8.14,73.88,11.06,72.59,10.04
S366,Computer Networks,F02,24.0,84.7,97.8,81.0,100,False,No_Anomaly,80.0,85.91,-4.91,4.91,-5.72,70.46,9.46,72.72,10.8
S366,Machine Learning,F04,24.0,84.7,97.8,78.9,100,False,No_Anomaly,80.0,85.91,-7.01,7.01,-8.16,73.24,9.91,72.78,9.96
S366,Software Engineering,F04,24.0,84.7,97.8,88.9,100,False,No_Anomaly,80.0,85.91,2.99,2.99,3.48,73.24,9.91,72.8,10.07
S367,Compiler Design,F03,26.5,81.7,94.4,81.1,100,False,No_Anomaly,88.33,86.23,-5.13,5.13,-5.95,73.88,11.06,72.59,10.04
S367,Computer Networks,F06,26.5,81.7,94.4,82.8,100,False,No_Anomaly,88.33,86.23,-3.43,3.43,-3.98,72.75,9.99,72.72,10.8
S367,Machine Learning,F01,26.5,81.7,94.4,73.2,100,False,No_Anomaly,88.33,86.23,-13.03,13.03,-15.11,73.7,9.66,72.78,9.96
S367,Software Engineering,F01,26.5,81.7,94.4,79.2,100,False,No_Anomaly,88.33,86.23,-7.03,7.03,-8.15,73.7,9.66,72.8,10.07
S368,Compiler Design,F07,24.1,77.4,88.0,73.4,100,False,No_Anomaly,80.33,80.4,-7.0,7.0,-8.71,69.71,10.67,72.59,10.04
S368,Computer Networks,F03,24.1,77.4,88.0,89.8,100,False,No_Anomaly,80.33,80.4,9.4,9.4,11.69,73.88,11.06,72.72,10.8
S368,Machine Learning,F02,24.1,77.4,88.0,76.3,100,False,No_Anomaly,80.33,80.4,-4.1,4.1,-5.1,70.46,9.46,72.78,9.96
S368,Software Engineering,F03,24.1,77.4,88.0,83.2,100,False,No_Anomaly,80.33,80.4,2.8,2.8,3.48,73.88,11.06,72.8,10.07
S369,Compiler Design,F03,16.6,56.8,89.0,62.6,100,False,No_Anomaly,55.33,62.8,-0.2,0.2,-0.32,73.88,11.06,72.59,10.04
S369,Computer Networks,F02,16.6,56.8,89.0,64.3,100,False,No_Anomaly,55.33,62.8,1.5,1.5,2.39,70.46,9.46,72.72,10.8
S369,Machine Learning,F05,16.6,56.8,89.0,66.4,100,False,No_Anomaly,55.33,62.8,3.6,3.6,5.73,74.08,9.85,72.78,9.96
S369,Software Engineering,F03,16.6,56.8,89.0,62.0,100,False,No_Anomaly,55.33,62.8,-0.8,0.8,-1.27,73.88,11.06,72.8,10.07
S370,Compiler Design,F08,25.4,60.5,95.0,74.3,100,False,No_Anomaly,84.67,74.65,-0.35,0.35,-0.47,73.65,10.19,72.59,10.04
S370,Computer Networks,F04,25.4,60.5,95.0,71.3,100,False,No_Anomaly,84.67,74.65,-3.35,3.35,-4.49,73.24,9.91,72.72,10.8
S370,Machine Learning,F03,25.4,60.5,95.0,71.6,100,False,No_Anomaly,84.67,74.65,-3.05,3.05,-4.09,73.88,11.06,72.78,9.96
S370,Software Engineering,F01,25.4,60.5,95.0,68.8,100,False,No_Anomaly,84.67,74.65,-5.85,5.85,-7.84,73.7,9.66,72.8,10.07
S371,Compiler Design,F07,17.4,87.8,79.3,62.7,100,False,No_Anomaly,58.0,77.16,-14.46,14.46,-18.74,69.71,10.67,72.59,10.04
S371,Computer Networks,F04,17.4,87.8,79.3,82.7,100,False,No_Anomaly,58.0,77.16,5.54,5.54,7.18,73.24,9.91,72.72,10.8
S371,Machine Learning,F08,17.4,87.8,79.3,68.5,100,False,No_Anomaly,58.0,77.16,-8.66,8.66,-11.22,73.65,10.19,72.78,9.96
S371,Software Engineering,F02,17.4,87.8,79.3,83.9,100,False,No_Anomaly,58.0,77.16,6.74,6.74,8.74,70.46,9.46,72.8,10.07
S372,Compiler Design,F07,22.3,67.1,83.0,63.9,100,False,No_Anomaly,74.33,72.45,-8.55,8.55,-11.8,69.71,10.67,72.59,10.04
S372,Computer Networks,F03,22.3,67.1,83.0,77.2,100,False,No_Anomaly,74.33,72.45,4.75,4.75,6.56,73.88,11.06,72.72,10.8
S372,Machine Learning,F04,22.3,67.1,83.0,69.6,100,False,No_Anomaly,74.33,72.45,-2.85,2.85,-3.93,73.24,9.91,72.78,9.96
S372,Software Engineering,F07,22.3,67.1,83.0,66.7,100,False,No_Anomaly,74.33,72.45,-5.75,5.75,-7.94,69.71,10.67,72.8,10.07
S373,Compiler Design,F02,23.4,83.6,78.4,77.6,100,False,No_Anomaly,78.0,80.88,-3.28,3.28,-4.06,70.46,9.46,72.59,10.04
S373,Computer Networks,F06,23.4,83.6,78.4,82.9,100,False,No_Anomaly,78.0,80.88,2.02,2.02,2.5,72.75,9.99,72.72,10.8
S373,Machine Learning,F01,23.4,83.6,78.4,82.3,100,False,No_Anomaly,78.0,80.88,1.42,1.42,1.76,73.7,9.66,72.78,9.96
S373,Software Engineering,F07,23.4,83.6,78.4,77.0,100,False,No_Anomaly,78.0,80.88,-3.88,3.88,-4.8,69.71,10.67,72.8,10.07
S374,Compiler Design,F01,22.0,58.1,86.5,65.3,100,False,No_Anomaly,73.33,68.35,-3.05,3.05,-4.46,73.7,9.66,72.59,10.04
S374,Computer Networks,F03,22.0,58.1,86.5,68.5,100,False,No_Anomaly,73.33,68.35,0.15,0.15,0.22,73.88,11.06,72.72,10.8
S374,Machine Learning,F01,22.0,58.1,86.5,76.5,100,False,No_Anomaly,73.33,68.35,8.15,8.15,11.92,73.7,9.66,72.78,9.96
S374,Software Engineering,F06,22.0,58.1,86.5,77.6,100,False,No_Anomaly,73.33,68.35,9.25,9.25,13.53,72.75,9.99,72.8,10.07
S375,Compiler Design,F07,21.3,61.0,79.6,71.9,100,False,No_Anomaly,71.0,67.72,4.18,4.18,6.17,69.71,10.67,72.59,10.04
S375,Computer Networks,F05,21.3,61.0,79.6,74.6,100,False,No_Anomaly,71.0,67.72,6.88,6.88,10.16,74.08,9.85,72.72,10.8
S375,Machine Learning,F05,21.3,61.0,79.6,71.9,100,False,No_Anomaly,71.0,67.72,4.18,4.18,6.17,74.08,9.85,72.78,9.96
S375,Software Engineering,F08,21.3,61.0,79.6,63.3,100,False,No_Anomaly,71.0,67.72,-4.42,4.42,-6.53,73.65,10.19,72.8,10.07
S376,Compiler Design,F04,21.6,66.8,99.7,70.7,100,False,No_Anomaly,72.0,74.94,-4.24,4.24,-5.66,73.24,9.91,72.59,10.04
S376,Computer Networks,F03,21.6,66.8,99.7,71.7,100,False,No_Anomaly,72.0,74.94,-3.24,3.24,-4.32,73.88,11.06,72.72,10.8
S376,Machine Learning,F03,21.6,66.8,99.7,66.3,100,False,No_Anomaly,72.0,74.94,-8.64,8.64,-11.53,73.88,11.06,72.78,9.96
S376,Software Engineering,F04,21.6,66.8,99.7,83.2,100,False,No_Anomaly,72.0,74.94,8.26,8.26,11.02,73.24,9.91,72.8,10.07
S377,Compiler Design,F07,18.4,67.1,61.0,66.8,100,False,No_Anomaly,61.33,64.15,2.65,2.65,4.13,69.71,10.67,72.59,10.04
S377,Computer Networks,F07,18.4,67.1,61.0,62.0,100,False,No_Anomaly,61.33,64.15,-2.15,2.15,-3.35,69.71,10.67,72.72,10.8
S377,Machine Learning,F06,18.4,67.1,61.0,71.1,100,False,No_Anomaly,61.33,64.15,6.95,6.95,10.83,72.75,9.99,72.78,9.96
S377,Software Engineering,F02,18.4,67.1,61.0,61.4,100,False,No_Anomaly,61.33,64.15,-2.75,2.75,-4.29,70.46,9.46,72.8,10.07
S378,Compiler Design,F01,27.5,66.8,75.1,73.9,100,False,No_Anomaly,91.67,75.92,-2.02,2.02,-2.66,73.7,9.66,72.59,10.04
S378,Computer Networks,F03,27.5,66.8,75.1,73.3,100,False,No_Anomaly,91.67,75.92,-2.62,2.62,-3.45,73.88,11.06,72.72,10.8
S378,Machine Learning,F08,27.5,66.8,75.1,70.7,100,False,No_Anomaly,91.67,75.92,-5.22,5.22,-6.88,73.65,10.19,72.78,9.96
S378,Software Engineering,F03,27.5,66.8,75.1,83.2,100,False,No_Anomaly,91.67,75.92,7.28,7.28,9.59,73.88,11.06,72.8,10.07
S379,Compiler Design,F06,22.2,68.0,94.9,46.2,100,True,Severe_Undermarking,74.0,75.18,-28.98,28.98,-38.55,72.75,9.99,72.59,10.04
S379,Computer Networks,F07,22.2,68.0,94.9,69.8,100,False,No_Anomaly,74.0,75.18,-5.38,5.38,-7.16,69.71,10.67,72.72,10.8
S379,Machine Learning,F08,22.2,68.0,94.9,61.7,100,False,No_Anomaly,74.0,75.18,-13.48,13.48,-17.93,73.65,10.19,72.78,9.96
S379,Software Engineering,F05,22.2,68.0,94.9,77.7,100,False,No_Anomaly,74.0,75.18,2.52,2.52,3.35,74.08,9.85,72.8,10.07
S380,Compiler Design,F01,22.0,70.4,81.1,77.1,100,False,No_Anomaly,73.33,73.42,3.68,3.68,5.01,73.7,9.66,72.59,10.04
S380,Computer Networks,F05,22.0,70.4,81.1,74.2,100,False,No_Anomaly,73.33,73.42,0.78,0.78,1.06,74.08,9.85,72.72,10.8
S380,Machine Learning,F01,22.0,70.4,81.1,76.3,100,False,No_Anomaly,73.33,73.42,2.88,2.88,3.92,73.7,9.66,72.78,9.96
S380,Software Engineering,F05,22.0,70.4,81.1,84.4,100,False,No_Anomaly,73.33,73.42,10.98,10.98,14.96,74.08,9.85,72.8,10.07
S381,Compiler Design,F02,14.0,90.6,58.8,70.8,100,False,No_Anomaly,46.67,71.06,-0.26,0.26,-0.37,70.46,9.46,72.59,10.04
S381,Computer Networks,F02,14.0,90.6,58.8,73.4,100,False,No_Anomaly,46.67,71.06,2.34,2.34,3.29,70.46,9.46,72.72,10.8
S381,Machine Learning,F01,14.0,90.6,58.8,93.3,100,True,Severe_Overmarking,46.67,71.06,22.24,22.24,31.3,73.7,9.66,72.78,9.96
S381,Software Engineering,F01,14.0,90.6,58.8,68.7,100,False,No_Anomaly,46.67,71.06,-2.36,2.36,-3.32,73.7,9.66,72.8,10.07
S382,Compiler Design,F08,24.8,63.5,82.1,69.9,100,False,No_Anomaly,82.67,72.97,-3.07,3.07,-4.21,73.65,10.19,72.59,10.04
S382,Computer Networks,F02,24.8,63.5,82.1,70.6,100,False,No_Anomaly,82.67,72.97,-2.37,2.37,-3.25,70.46,9.46,72.72,10.8
S382,Machine Learning,F04,24.8,63.5,82.1,75.9,100,False,No_Anomaly,82.67,72.97,2.93,2.93,4.02,73.24,9.91,72.78,9.96
S382,Software Engineering,F08,24.8,63.5,82.1,74.3,100,False,No_Anomaly,82.67,72.97,1.33,1.33,1.82,73.65,10.19,72.8,10.07
S383,Compiler Design,F04,26.1,75.7,78.2,73.0,100,False,No_Anomaly,87.0,79.59,-6.59,6.59,-8.28,73.24,9.91,72.59,10.04
S383,Computer Networks,F02,26.1,75.7,78.2,76.0,100,False,No_Anomaly,87.0,79.59,-3.59,3.59,-4.51,70.46,9.46,72.72,10.8
S383,Machine Learning,F08,26.1,75.7,78.2,78.2,100,False,No_Anomaly,87.0,79.59,-1.39,1.39,-1.75,73.65,10.19,72.78,9.96
S383,Software Engineering,F04,26.1,75.7,78.2,81.1,100,False,No_Anomaly,87.0,79.59,1.51,1.51,1.9,73.24,9.91,72.8,10.07
S384,Compiler Design,F03,25.9,82.4,83.8,79.6,100,False,No_Anomaly,86.33,83.86,-4.26,4.26,-5.08,73.88,11.06,72.59,10.04
S384,Computer Networks,F02,25.9,82.4,83.8,73.9,100,False,No_Anomaly,86.33,83.86,-9.96,9.96,-11.88,70.46,9.46,72.72,10.8
S384,Machine Learning,F07,25.9,82.4,83.8,73.5,100,False,No_Anomaly,86.33,83.86,-10.36,10.36,-12.35,69.71,10.67,72.78,9.96
S384,Software Engineering,F08,25.9,82.4,83.8,82.8,100,False,No_Anomaly,86.33,83.86,-1.06,1.06,-1.26,73.65,10.19,72.8,10.07
S385,Compiler Design,F04,24.8,73.3,76.4,72.9,100,False,No_Anomaly,82.67,76.73,-3.83,3.83,-4.99,73.24,9.91,72.59,10.04
S385,Computer Networks,F06,24.8,73.3,76.4,69.5,100,False,No_Anomaly,82.67,76.73,-7.23,7.23,-9.42,72.75,9.99,72.72,10.8
S385,Machine Learning,F02,24.8,73.3,76.4,71.5,100,False,No_Anomaly,82.67,76.73,-5.23,5.23,-6.82,70.46,9.46,72.78,9.96
S385,Software Engineering,F07,24.8,73.3,76.4,100.0,100,True,Severe_Overmarking,82.67,76.73,23.27,23.27,30.33,69.71,10.67,72.8,10.07
S386,Compiler Design,F01,27.9,71.3,82.0,79.8,100,False,No_Anomaly,93.0,79.95,-0.15,0.15,-0.19,73.7,9.66,72.59,10.04
S386,Computer Networks,F03,27.9,71.3,82.0,72.9,100,False,No_Anomaly,93.0,79.95,-7.05,7.05,-8.82,73.88,11.06,72.72,10.8
S386,Machine Learning,F03,27.9,71.3,82.0,72.2,100,False,No_Anomaly,93.0,79.95,-7.75,7.75,-9.69,73.88,11.06,72.78,9.96
S386,Software Engineering,F06,27.9,71.3,82.0,75.4,100,False,No_Anomaly,93.0,79.95,-4.55,4.55,-5.69,72.75,9.99,72.8,10.07
S387,Compiler Design,F06,17.3,40.6,67.8,58.6,100,False,No_Anomaly,57.67,51.16,7.44,7.44,14.54,72.75,9.99,72.59,10.04
S387,Computer Networks,F03,17.3,40.6,67.8,55.2,100,False,No_Anomaly,57.67,51.16,4.04,4.04,7.9,73.88,11.06,72.72,10.8
S387,Machine Learning,F06,17.3,40.6,67.8,49.0,100,False,No_Anomaly,57.67,51.16,-2.16,2.16,-4.22,72.75,9.99,72.78,9.96
S387,Software Engineering,F08,17.3,40.6,67.8,64.9,100,False,No_Anomaly,57.67,51.16,13.74,13.74,26.86,73.65,10.19,72.8,10.07
S388,Compiler Design,F04,16.0,65.6,79.5,71.5,100,False,No_Anomaly,53.33,64.7,6.8,6.8,10.51,73.24,9.91,72.59,10.04
S388,Computer Networks,F08,16.0,65.6,79.5,63.6,100,False,No_Anomaly,53.33,64.7,-1.1,1.1,-1.7,73.65,10.19,72.72,10.8
S388,Machine Learning,F03,16.0,65.6,79.5,66.3,100,False,No_Anomaly,53.33,64.7,1.6,1.6,2.47,73.88,11.06,72.78,9.96
S388,Software Engineering,F05,16.0,65.6,79.5,70.4,100,False,No_Anomaly,53.33,64.7,5.7,5.7,8.81,74.08,9.85,72.8,10.07
S389,Compiler Design,F07,30.0,58.2,73.4,61.7,100,False,No_Anomaly,100.0,73.78,-12.08,12.08,-16.37,69.71,10.67,72.59,10.04
S389,Computer Networks,F03,30.0,58.2,73.4,69.2,100,False,No_Anomaly,100.0,73.78,-4.58,4.58,-6.21,73.88,11.06,72.72,10.8
S389,Machine Learning,F04,30.0,58.2,73.4,82.9,100,False,No_Anomaly,100.0,73.78,9.12,9.12,12.36,73.24,9.91,72.78,9.96
S389,Software Engineering,F08,30.0,58.2,73.4,67.5,100,False,No_Anomaly,100.0,73.78,-6.28,6.28,-8.51,73.65,10.19,72.8,10.07
S390,Compiler Design,F04,20.5,91.6,77.9,73.3,100,False,No_Anomaly,68.33,81.88,-8.58,8.58,-10.48,73.24,9.91,72.59,10.04
S390,Computer Networks,F03,20.5,91.6,77.9,76.6,100,False,No_Anomaly,68.33,81.88,-5.28,5.28,-6.45,73.88,11.06,72.72,10.8
S390,Machine Learning,F07,20.5,91.6,77.9,75.2,100,False,No_Anomaly,68.33,81.88,-6.68,6.68,-8.16,69.71,10.67,72.78,9.96
S390,Software Engineering,F04,20.5,91.6,77.9,79.8,100,False,No_Anomaly,68.33,81.88,-2.08,2.08,-2.54,73.24,9.91,72.8,10.07
S391,Compiler Design,F01,21.5,56.2,62.9,61.2,100,False,No_Anomaly,71.67,62.18,-0.98,0.98,-1.58,73.7,9.66,72.59,10.04
S391,Computer Networks,F02,21.5,56.2,62.9,53.9,100,False,No_Anomaly,71.67,62.18,-8.28,8.28,-13.32,70.46,9.46,72.72,10.8
S391,Machine Learning,F05,21.5,56.2,62.9,64.1,100,False,No_Anomaly,71.67,62.18,1.92,1.92,3.09,74.08,9.85,72.78,9.96
S391,Software Engineering,F04,21.5,56.2,62.9,52.6,100,False,No_Anomaly,71.67,62.18,-9.58,9.58,-15.41,73.24,9.91,72.8,10.07
S392,Compiler Design,F06,15.6,58.0,81.2,66.0,100,False,No_Anomaly,52.0,60.84,5.16,5.16,8.48,72.75,9.99,72.59,10.04
S392,Computer Networks,F05,15.6,58.0,81.2,64.8,100,False,No_Anomaly,52.0,60.84,3.96,3.96,6.51,74.08,9.85,72.72,10.8
S392,Machine Learning,F06,15.6,58.0,81.2,54.9,100,False,No_Anomaly,52.0,60.84,-5.94,5.94,-9.76,72.75,9.99,72.78,9.96
S392,Software Engineering,F05,15.6,58.0,81.2,70.5,100,False,No_Anomaly,52.0,60.84,9.66,9.66,15.88,74.08,9.85,72.8,10.07
S393,Compiler Design,F03,23.5,60.9,83.5,69.7,100,False,No_Anomaly,78.33,70.65,-0.95,0.95,-1.34,73.88,11.06,72.59,10.04
S393,Computer Networks,F08,23.5,60.9,83.5,93.5,100,True,Severe_Overmarking,78.33,70.65,22.85,22.85,32.34,73.65,10.19,72.72,10.8
S393,Machine Learning,F02,23.5,60.9,83.5,69.5,100,False,No_Anomaly,78.33,70.65,-1.15,1.15,-1.63,70.46,9.46,72.78,9.96
S393,Software Engineering,F05,23.5,60.9,83.5,74.5,100,False,No_Anomaly,78.33,70.65,3.85,3.85,5.45,74.08,9.85,72.8,10.07
S394,Compiler Design,F07,25.4,75.0,68.8,51.3,100,True,Severe_Undermarking,84.67,76.66,-25.36,25.36,-33.08,69.71,10.67,72.59,10.04
S394,Computer Networks,F06,25.4,75.0,68.8,84.0,100,False,No_Anomaly,84.67,76.66,7.34,7.34,9.57,72.75,9.99,72.72,10.8
S394,Machine Learning,F08,25.4,75.0,68.8,76.3,100,False,No_Anomaly,84.67,76.66,-0.36,0.36,-0.47,73.65,10.19,72.78,9.96
S394,Software Engineering,F07,25.4,75.0,68.8,76.7,100,False,No_Anomaly,84.67,76.66,0.04,0.04,0.05,69.71,10.67,72.8,10.07
S395,Compiler Design,F07,22.0,60.4,88.3,69.8,100,False,No_Anomaly,73.33,69.86,-0.06,0.06,-0.09,69.71,10.67,72.59,10.04
S395,Computer Networks,F05,22.0,60.4,88.3,73.5,100,False,No_Anomaly,73.33,69.86,3.64,3.64,5.21,74.08,9.85,72.72,10.8
S395,Machine Learning,F02,22.0,60.4,88.3,59.9,100,False,No_Anomaly,73.33,69.86,-9.96,9.96,-14.26,70.46,9.46,72.78,9.96
S395,Software Engineering,F04,22.0,60.4,88.3,74.2,100,False,No_Anomaly,73.33,69.86,4.34,4.34,6.21,73.24,9.91,72.8,10.07
S396,Compiler Design,F05,23.5,53.5,78.8,31.0,100,True,Severe_Undermarking,78.33,66.01,-35.01,35.01,-53.04,74.08,9.85,72.59,10.04
S396,Computer Networks,F08,23.5,53.5,78.8,67.4,100,False,No_Anomaly,78.33,66.01,1.39,1.39,2.11,73.65,10.19,72.72,10.8
S396,Machine Learning,F06,23.5,53.5,78.8,68.4,100,False,No_Anomaly,78.33,66.01,2.39,2.39,3.62,72.75,9.99,72.78,9.96
S396,Software Engineering,F04,23.5,53.5,78.8,71.6,100,False,No_Anomaly,78.33,66.01,5.59,5.59,8.47,73.24,9.91,72.8,10.07
S397,Compiler Design,F03,28.1,77.4,80.6,85.2,100,False,No_Anomaly,93.67,82.92,2.28,2.28,2.75,73.88,11.06,72.59,10.04
S397,Computer Networks,F07,28.1,77.4,80.6,82.0,100,False,No_Anomaly,93.67,82.92,-0.92,0.92,-1.11,69.71,10.67,72.72,10.8
S397,Machine Learning,F04,28.1,77.4,80.6,80.6,100,False,No_Anomaly,93.67,82.92,-2.32,2.32,-2.8,73.24,9.91,72.78,9.96
S397,Software Engineering,F08,28.1,77.4,80.6,88.8,100,False,No_Anomaly,93.67,82.92,5.88,5.88,7.09,73.65,10.19,72.8,10.07
S398,Compiler Design,F06,25.0,82.1,79.4,82.6,100,False,No_Anomaly,83.33,81.93,0.67,0.67,0.82,72.75,9.99,72.59,10.04
S398,Computer Networks,F07,25.0,82.1,79.4,79.4,100,False,No_Anomaly,83.33,81.93,-2.53,2.53,-3.09,69.71,10.67,72.72,10.8
S398,Machine Learning,F02,25.0,82.1,79.4,80.4,100,False,No_Anomaly,83.33,81.93,-1.53,1.53,-1.87,70.46,9.46,72.78,9.96
S398,Software Engineering,F02,25.0,82.1,79.4,81.9,100,False,No_Anomaly,83.33,81.93,-0.03,0.03,-0.04,70.46,9.46,72.8,10.07
S399,Compiler Design,F06,17.1,93.2,100.0,85.1,100,False,No_Anomaly,57.0,83.7,1.4,1.4,1.67,72.75,9.99,72.59,10.04
S399,Computer Networks,F02,17.1,93.2,100.0,82.1,100,False,No_Anomaly,57.0,83.7,-1.6,1.6,-1.91,70.46,9.46,72.72,10.8
S399,Machine Learning,F07,17.1,93.2,100.0,82.1,100,False,No_Anomaly,57.0,83.7,-1.6,1.6,-1.91,69.71,10.67,72.78,9.96
S399,Software Engineering,F06,17.1,93.2,100.0,83.6,100,False,No_Anomaly,57.0,83.7,-0.1,0.1,-0.12,72.75,9.99,72.8,10.07
S400,Compiler Design,F02,17.8,58.9,96.8,63.6,100,False,No_Anomaly,59.33,66.61,-3.01,3.01,-4.52,70.46,9.46,72.59,10.04
S400,Computer Networks,F04,17.8,58.9,96.8,66.4,100,False,No_Anomaly,59.33,66.61,-0.21,0.21,-0.32,73.24,9.91,72.72,10.8
S400,Machine Learning,F08,17.8,58.9,96.8,64.4,100,False,No_Anomaly,59.33,66.61,-2.21,2.21,-3.32,73.65,10.19,72.78,9.96
S400,Software Engineering,F04,17.8,58.9,96.8,63.3,100,False,No_Anomaly,59.33,66.61,-3.31,3.31,-4.97,73.24,9.91,72.8,10.07
S401,Compiler Design,F04,23.7,54.1,77.1,68.5,100,False,No_Anomaly,79.0,66.17,2.33,2.33,3.52,73.24,9.91,72.59,10.04
S401,Computer Networks,F04,23.7,54.1,77.1,73.2,100,False,No_Anomaly,79.0,66.17,7.03,7.03,10.62,73.24,9.91,72.72,10.8
S401,Machine Learning,F01,23.7,54.1,77.1,86.0,100,True,Severe_Overmarking,79.0,66.17,19.83,19.83,29.97,73.7,9.66,72.78,9.96
S401,Software Engineering,F06,23.7,54.1,77.1,68.2,100,False,No_Anomaly,79.0,66.17,2.03,2.03,3.07,72.75,9.99,72.8,10.07
S402,Compiler Design,F06,19.3,68.8,75.5,70.5,100,False,No_Anomaly,64.33,68.8,1.7,1.7,2.47,72.75,9.99,72.59,10.04
S402,Computer Networks,F02,19.3,68.8,75.5,65.7,100,False,No_Anomaly,64.33,68.8,-3.1,3.1,-4.51,70.46,9.46,72.72,10.8
S402,Machine Learning,F04,19.3,68.8,75.5,69.9,100,False,No_Anomaly,64.33,68.8,1.1,1.1,1.6,73.24,9.91,72.78,9.96
S402,Software Engineering,F02,19.3,68.8,75.5,68.5,100,False,No_Anomaly,64.33,68.8,-0.3,0.3,-0.44,70.46,9.46,72.8,10.07
S403,Compiler Design,F01,30.0,61.5,73.2,74.1,100,False,No_Anomaly,100.0,75.39,-1.29,1.29,-1.71,73.7,9.66,72.59,10.04
S403,Computer Networks,F01,30.0,61.5,73.2,81.6,100,False,No_Anomaly,100.0,75.39,6.21,6.21,8.24,73.7,9.66,72.72,10.8
S403,Machine Learning,F01,30.0,61.5,73.2,75.0,100,False,No_Anomaly,100.0,75.39,-0.39,0.39,-0.52,73.7,9.66,72.78,9.96
S403,Software Engineering,F03,30.0,61.5,73.2,76.9,100,False,No_Anomaly,100.0,75.39,1.51,1.51,2.0,73.88,11.06,72.8,10.07
S404,Compiler Design,F02,20.0,73.6,90.9,67.2,100,False,No_Anomaly,66.67,74.98,-7.78,7.78,-10.38,70.46,9.46,72.59,10.04
S404,Computer Networks,F04,20.0,73.6,90.9,70.0,100,False,No_Anomaly,66.67,74.98,-4.98,4.98,-6.64,73.24,9.91,72.72,10.8
S404,Machine Learning,F02,20.0,73.6,90.9,74.2,100,False,No_Anomaly,66.67,74.98,-0.78,0.78,-1.04,70.46,9.46,72.78,9.96
S404,Software Engineering,F01,20.0,73.6,90.9,80.7,100,False,No_Anomaly,66.67,74.98,5.72,5.72,7.63,73.7,9.66,72.8,10.07
S405,Compiler Design,F04,11.4,67.8,74.9,56.5,100,False,No_Anomaly,38.0,60.28,-3.78,3.78,-6.27,73.24,9.91,72.59,10.04
S405,Computer Networks,F04,11.4,67.8,74.9,64.3,100,False,No_Anomaly,38.0,60.28,4.02,4.02,6.67,73.24,9.91,72.72,10.8
S405,Machine Learning,F07,11.4,67.8,74.9,53.8,100,False,No_Anomaly,38.0,60.28,-6.48,6.48,-10.75,69.71,10.67,72.78,9.96
S405,Software Engineering,F02,11.4,67.8,74.9,84.8,100,True,Severe_Overmarking,38.0,60.28,24.52,24.52,40.68,70.46,9.46,72.8,10.07
S406,Compiler Design,F06,13.0,53.5,63.9,54.9,100,False,No_Anomaly,43.33,52.53,2.37,2.37,4.51,72.75,9.99,72.59,10.04
S406,Computer Networks,F03,13.0,53.5,63.9,52.6,100,False,No_Anomaly,43.33,52.53,0.07,0.07,0.13,73.88,11.06,72.72,10.8
S406,Machine Learning,F08,13.0,53.5,63.9,50.6,100,False,No_Anomaly,43.33,52.53,-1.93,1.93,-3.67,73.65,10.19,72.78,9.96
S406,Software Engineering,F03,13.0,53.5,63.9,25.9,100,True,Severe_Undermarking,43.33,52.53,-26.63,26.63,-50.69,73.88,11.06,72.8,10.07
S407,Compiler Design,F06,21.8,55.7,95.2,78.5,100,False,No_Anomaly,72.67,68.69,9.81,9.81,14.28,72.75,9.99,72.59,10.04
S407,Computer Networks,F03,21.8,55.7,95.2,66.0,100,False,No_Anomaly,72.67,68.69,-2.69,2.69,-3.92,73.88,11.06,72.72,10.8
S407,Machine Learning,F08,21.8,55.7,95.2,74.1,100,False,No_Anomaly,72.67,68.69,5.41,5.41,7.88,73.65,10.19,72.78,9.96
S407,Software Engineering,F06,21.8,55.7,95.2,74.5,100,False,No_Anomaly,72.67,68.69,5.81,5.81,8.46,72.75,9.99,72.8,10.07
S408,Compiler Design,F02,25.1,85.5,86.1,76.4,100,False,No_Anomaly,83.67,85.07,-8.67,8.67,-10.19,70.46,9.46,72.59,10.04
S408,Computer Networks,F04,25.1,85.5,86.1,83.7,100,False,No_Anomaly,83.67,85.07,-1.37,1.37,-1.61,73.24,9.91,72.72,10.8
S408,Machine Learning,F04,25.1,85.5,86.1,71.2,100,False,No_Anomaly,83.67,85.07,-13.87,13.87,-16.3,73.24,9.91,72.78,9.96
S408,Software Engineering,F06,25.1,85.5,86.1,84.0,100,False,No_Anomaly,83.67,85.07,-1.07,1.07,-1.26,72.75,9.99,72.8,10.07
S409,Compiler Design,F08,24.9,59.2,87.2,75.3,100,False,No_Anomaly,83.0,71.94,3.36,3.36,4.67,73.65,10.19,72.59,10.04
S409,Computer Networks,F04,24.9,59.2,87.2,76.8,100,False,No_Anomaly,83.0,71.94,4.86,4.86,6.76,73.24,9.91,72.72,10.8
S409,Machine Learning,F06,24.9,59.2,87.2,69.6,100,False,No_Anomaly,83.0,71.94,-2.34,2.34,-3.25,72.75,9.99,72.78,9.96
S409,Software Engineering,F07,24.9,59.2,87.2,78.6,100,False,No_Anomaly,83.0,71.94,6.66,6.66,9.26,69.71,10.67,72.8,10.07
S410,Compiler Design,F05,24.3,63.1,87.6,71.3,100,False,No_Anomaly,81.0,73.37,-2.07,2.07,-2.82,74.08,9.85,72.59,10.04
S410,Computer Networks,F03,24.3,63.1,87.6,70.4,100,False,No_Anomaly,81.0,73.37,-2.97,2.97,-4.05,73.88,11.06,72.72,10.8
S410,Machine Learning,F06,24.3,63.1,87.6,77.0,100,False,No_Anomaly,81.0,73.37,3.63,3.63,4.95,72.75,9.99,72.78,9.96
S410,Software Engineering,F06,24.3,63.1,87.6,49.6,100,True,Severe_Undermarking,81.0,73.37,-23.77,23.77,-32.4,72.75,9.99,72.8,10.07
S411,Compiler Design,F04,17.3,63.4,70.8,59.1,100,False,No_Anomaly,57.67,63.16,-4.06,4.06,-6.43,73.24,9.91,72.59,10.04
S411,Computer Networks,F02,17.3,63.4,70.8,71.8,100,False,No_Anomaly,57.67,63.16,8.64,8.64,13.68,70.46,9.46,72.72,10.8
S411,Machine Learning,F01,17.3,63.4,70.8,71.5,100,False,No_Anomaly,57.67,63.16,8.34,8.34,13.2,73.7,9.66,72.78,9.96
S411,Software Engineering,F04,17.3,63.4,70.8,61.7,100,False,No_Anomaly,57.67,63.16,-1.46,1.46,-2.31,73.24,9.91,72.8,10.07
S412,Compiler Design,F02,18.8,71.0,85.3,64.6,100,False,No_Anomaly,62.67,71.36,-6.76,6.76,-9.47,70.46,9.46,72.59,10.04
S412,Computer Networks,F08,18.8,71.0,85.3,50.9,100,True,Severe_Undermarking,62.67,71.36,-20.46,20.46,-28.67,73.65,10.19,72.72,10.8
S412,Machine Learning,F03,18.8,71.0,85.3,73.0,100,False,No_Anomaly,62.67,71.36,1.64,1.64,2.3,73.88,11.06,72.78,9.96
S412,Software Engineering,F06,18.8,71.0,85.3,73.1,100,False,No_Anomaly,62.67,71.36,1.74,1.74,2.44,72.75,9.99,72.8,10.07
S413,Compiler Design,F02,24.5,70.3,87.7,81.0,100,False,No_Anomaly,81.67,77.19,3.81,3.81,4.94,70.46,9.46,72.59,10.04
S413,Computer Networks,F05,24.5,70.3,87.7,76.5,100,False,No_Anomaly,81.67,77.19,-0.69,0.69,-0.89,74.08,9.85,72.72,10.8
S413,Machine Learning,F06,24.5,70.3,87.7,76.1,100,False,No_Anomaly,81.67,77.19,-1.09,1.09,-1.41,72.75,9.99,72.78,9.96
S413,Software Engineering,F01,24.5,70.3,87.7,81.1,100,False,No_Anomaly,81.67,77.19,3.91,3.91,5.07,73.7,9.66,72.8,10.07
S414,Compiler Design,F05,18.0,88.6,94.8,79.6,100,False,No_Anomaly,60.0,81.26,-1.66,1.66,-2.04,74.08,9.85,72.59,10.04
S414,Computer Networks,F01,18.0,88.6,94.8,100.0,100,True,Severe_Overmarking,60.0,81.26,18.74,18.74,23.06,73.7,9.66,72.72,10.8
S414,Machine Learning,F05,18.0,88.6,94.8,87.7,100,False,No_Anomaly,60.0,81.26,6.44,6.44,7.93,74.08,9.85,72.78,9.96
S414,Software Engineering,F03,18.0,88.6,94.8,84.2,100,False,No_Anomaly,60.0,81.26,2.94,2.94,3.62,73.88,11.06,72.8,10.07
S415,Compiler Design,F06,26.2,90.2,76.7,74.1,100,False,No_Anomaly,87.33,86.64,-12.54,12.54,-14.47,72.75,9.99,72.59,10.04
S415,Computer Networks,F04,26.2,90.2,76.7,86.1,100,False,No_Anomaly,87.33,86.64,-0.54,0.54,-0.62,73.24,9.91,72.72,10.8
S415,Machine Learning,F06,26.2,90.2,76.7,75.9,100,False,No_Anomaly,87.33,86.64,-10.74,10.74,-12.4,72.75,9.99,72.78,9.96
S415,Software Engineering,F08,26.2,90.2,76.7,80.8,100,False,No_Anomaly,87.33,86.64,-5.84,5.84,-6.74,73.65,10.19,72.8,10.07
S416,Compiler Design,F06,14.8,70.8,77.9,64.6,100,False,No_Anomaly,49.33,65.78,-1.18,1.18,-1.79,72.75,9.99,72.59,10.04
S416,Computer Networks,F06,14.8,70.8,77.9,64.1,100,False,No_Anomaly,49.33,65.78,-1.68,1.68,-2.55,72.75,9.99,72.72,10.8
S416,Machine Learning,F02,14.8,70.8,77.9,67.1,100,False,No_Anomaly,49.33,65.78,1.32,1.32,2.01,70.46,9.46,72.78,9.96
S416,Software Engineering,F01,14.8,70.8,77.9,71.1,100,False,No_Anomaly,49.33,65.78,5.32,5.32,8.09,73.7,9.66,72.8,10.07
S417,Compiler Design,F01,25.9,67.9,66.4,42.7,100,True,Severe_Undermarking,86.33,73.13,-30.43,30.43,-41.61,73.7,9.66,72.59,10.04
S417,Computer Networks,F03,25.9,67.9,66.4,67.5,100,False,No_Anomaly,86.33,73.13,-5.63,5.63,-7.7,73.88,11.06,72.72,10.8
S417,Machine Learning,F01,25.9,67.9,66.4,66.9,100,False,No_Anomaly,86.33,73.13,-6.23,6.23,-8.52,73.7,9.66,72.78,9.96
S417,Software Engineering,F02,25.9,67.9,66.4,70.5,100,False,No_Anomaly,86.33,73.13,-2.63,2.63,-3.6,70.46,9.46,72.8,10.07
S418,Compiler Design,F02,23.2,88.2,74.0,79.7,100,False,No_Anomaly,77.33,82.1,-2.4,2.4,-2.92,70.46,9.46,72.59,10.04
S418,Computer Networks,F08,23.2,88.2,74.0,83.1,100,False,No_Anomaly,77.33,82.1,1.0,1.0,1.22,73.65,10.19,72.72,10.8
S418,Machine Learning,F08,23.2,88.2,74.0,100.0,100,True,Severe_Overmarking,77.33,82.1,17.9,17.9,21.8,73.65,10.19,72.78,9.96
S418,Software Engineering,F03,23.2,88.2,74.0,81.3,100,False,No_Anomaly,77.33,82.1,-0.8,0.8,-0.97,73.88,11.06,72.8,10.07
S419,Compiler Design,F02,25.1,61.3,75.7,72.9,100,False,No_Anomaly,83.67,70.89,2.01,2.01,2.84,70.46,9.46,72.59,10.04
S419,Computer Networks,F08,25.1,61.3,75.7,62.0,100,False,No_Anomaly,83.67,70.89,-8.89,8.89,-12.54,73.65,10.19,72.72,10.8
S419,Machine Learning,F05,25.1,61.3,75.7,66.9,100,False,No_Anomaly,83.67,70.89,-3.99,3.99,-5.63,74.08,9.85,72.78,9.96
S419,Software Engineering,F05,25.1,61.3,75.7,76.9,100,False,No_Anomaly,83.67,70.89,6.01,6.01,8.48,74.08,9.85,72.8,10.07
S420,Compiler Design,F04,20.1,69.5,99.4,75.1,100,False,No_Anomaly,67.0,74.73,0.37,0.37,0.5,73.24,9.91,72.59,10.04
S420,Computer Networks,F08,20.1,69.5,99.4,76.0,100,False,No_Anomaly,67.0,74.73,1.27,1.27,1.7,73.65,10.19,72.72,10.8
S420,Machine Learning,F01,20.1,69.5,99.4,71.0,100,False,No_Anomaly,67.0,74.73,-3.73,3.73,-4.99,73.7,9.66,72.78,9.96
S420,Software Engineering,F03,20.1,69.5,99.4,74.6,100,False,No_Anomaly,67.0,74.73,-0.13,0.13,-0.17,73.88,11.06,72.8,10.07
S421,Compiler Design,F04,25.2,82.0,83.0,76.9,100,False,No_Anomaly,84.0,82.8,-5.9,5.9,-7.13,73.24,9.91,72.59,10.04
S421,Computer Networks,F07,25.2,82.0,83.0,74.2,100,False,No_Anomaly,84.0,82.8,-8.6,8.6,-10.39,69.71,10.67,72.72,10.8
S421,Machine Learning,F07,25.2,82.0,83.0,84.7,100,False,No_Anomaly,84.0,82.8,1.9,1.9,2.29,69.71,10.67,72.78,9.96
S421,Software Engineering,F01,25.2,82.0,83.0,53.2,100,True,Severe_Undermarking,84.0,82.8,-29.6,29.6,-35.75,73.7,9.66,72.8,10.07
S422,Compiler Design,F01,21.5,64.6,81.5,95.8,100,True,Severe_Overmarking,71.67,70.1,25.7,25.7,36.66,73.7,9.66,72.59,10.04
S422,Computer Networks,F03,21.5,64.6,81.5,59.6,100,False,No_Anomaly,71.67,70.1,-10.5,10.5,-14.98,73.88,11.06,72.72,10.8
S422,Machine Learning,F07,21.5,64.6,81.5,69.2,100,False,No_Anomaly,71.67,70.1,-0.9,0.9,-1.28,69.71,10.67,72.78,9.96
S422,Software Engineering,F08,21.5,64.6,81.5,67.6,100,False,No_Anomaly,71.67,70.1,-2.5,2.5,-3.57,73.65,10.19,72.8,10.07
S423,Compiler Design,F02,24.6,60.0,88.6,71.8,100,False,No_Anomaly,82.0,72.32,-0.52,0.52,-0.72,70.46,9.46,72.59,10.04
S423,Computer Networks,F01,24.6,60.0,88.6,40.9,100,True,Severe_Undermarking,82.0,72.32,-31.42,31.42,-43.45,73.7,9.66,72.72,10.8
S423,Machine Learning,F04,24.6,60.0,88.6,76.3,100,False,No_Anomaly,82.0,72.32,3.98,3.98,5.5,73.24,9.91,72.78,9.96
S423,Software Engineering,F04,24.6,60.0,88.6,76.8,100,False,No_Anomaly,82.0,72.32,4.48,4.48,6.19,73.24,9.91,72.8,10.07
S424,Compiler Design,F07,27.8,77.1,97.4,77.0,100,False,No_Anomaly,92.67,85.83,-8.83,8.83,-10.29,69.71,10.67,72.59,10.04
S424,Computer Networks,F07,27.8,77.1,97.4,81.5,100,False,No_Anomaly,92.67,85.83,-4.33,4.33,-5.04,69.71,10.67,72.72,10.8
S424,Machine Learning,F05,27.8,77.1,97.4,86.4,100,False,No_Anomaly,92.67,85.83,0.57,0.57,0.66,74.08,9.85,72.78,9.96
S424,Software Engineering,F05,27.8,77.1,97.4,86.1,100,False,No_Anomaly,92.67,85.83,0.27,0.27,0.31,74.08,9.85,72.8,10.07
S425,Compiler Design,F08,19.5,65.5,85.7,68.5,100,False,No_Anomaly,65.0,69.39,-0.89,0.89,-1.28,73.65,10.19,72.59,10.04
S425,Computer Networks,F04,19.5,65.5,85.7,75.5,100,False,No_Anomaly,65.0,69.39,6.11,6.11,8.81,73.24,9.91,72.72,10.8
S425,Machine Learning,F04,19.5,65.5,85.7,66.8,100,False,No_Anomaly,65.0,69.39,-2.59,2.59,-3.73,73.24,9.91,72.78,9.96
S425,Software Engineering,F03,19.5,65.5,85.7,94.5,100,True,Severe_Overmarking,65.0,69.39,25.11,25.11,36.19,73.88,11.06,72.8,10.07
S426,Compiler Design,F02,28.5,70.3,76.0,76.6,100,False,No_Anomaly,95.0,78.85,-2.25,2.25,-2.85,70.46,9.46,72.59,10.04
S426,Computer Networks,F04,28.5,70.3,76.0,72.1,100,False,No_Anomaly,95.0,78.85,-6.75,6.75,-8.56,73.24,9.91,72.72,10.8
S426,Machine Learning,F05,28.5,70.3,76.0,69.8,100,False,No_Anomaly,95.0,78.85,-9.05,9.05,-11.48,74.08,9.85,72.78,9.96
S426,Software Engineering,F05,28.5,70.3,76.0,83.4,100,False,No_Anomaly,95.0,78.85,4.55,4.55,5.77,74.08,9.85,72.8,10.07
S427,Compiler Design,F03,26.8,74.4,79.8,81.5,100,False,No_Anomaly,89.33,79.96,1.54,1.54,1.93,73.88,11.06,72.59,10.04
S427,Computer Networks,F02,26.8,74.4,79.8,79.5,100,False,No_Anomaly,89.33,79.96,-0.46,0.46,-0.58,70.46,9.46,72.72,10.8
S427,Machine Learning,F02,26.8,74.4,79.8,62.4,100,False,No_Anomaly,89.33,79.96,-17.56,17.56,-21.96,70.46,9.46,72.78,9.96
S427,Software Engineering,F02,26.8,74.4,79.8,76.6,100,False,No_Anomaly,89.33,79.96,-3.36,3.36,-4.2,70.46,9.46,72.8,10.07
S428,Compiler Design,F03,25.2,44.0,61.9,58.4,100,False,No_Anomaly,84.0,59.58,-1.18,1.18,-1.98,73.88,11.06,72.59,10.04
S428,Computer Networks,F02,25.2,44.0,61.9,62.3,100,False,No_Anomaly,84.0,59.58,2.72,2.72,4.57,70.46,9.46,72.72,10.8
S428,Machine Learning,F04,25.2,44.0,61.9,62.5,100,False,No_Anomaly,84.0,59.58,2.92,2.92,4.9,73.24,9.91,72.78,9.96
S428,Software Engineering,F03,25.2,44.0,61.9,53.7,100,False,No_Anomaly,84.0,59.58,-5.88,5.88,-9.87,73.88,11.06,72.8,10.07
S429,Compiler Design,F07,16.7,70.7,84.5,68.0,100,False,No_Anomaly,55.67,68.95,-0.95,0.95,-1.38,69.71,10.67,72.59,10.04
S429,Computer Networks,F07,16.7,70.7,84.5,70.3,100,False,No_Anomaly,55.67,68.95,1.35,1.35,1.96,69.71,10.67,72.72,10.8
S429,Machine Learning,F01,16.7,70.7,84.5,73.2,100,False,No_Anomaly,55.67,68.95,4.25,4.25,6.16,73.7,9.66,72.78,9.96
S429,Software Engineering,F04,16.7,70.7,84.5,67.5,100,False,No_Anomaly,55.67,68.95,-1.45,1.45,-2.1,73.24,9.91,72.8,10.07
S430,Compiler Design,F01,25.3,69.7,100.0,83.2,100,False,No_Anomaly,84.33,80.15,3.05,3.05,3.81,73.7,9.66,72.59,10.04
S430,Computer Networks,F03,25.3,69.7,100.0,72.8,100,False,No_Anomaly,84.33,80.15,-7.35,7.35,-9.17,73.88,11.06,72.72,10.8
S430,Machine Learning,F01,25.3,69.7,100.0,74.9,100,False,No_Anomaly,84.33,80.15,-5.25,5.25,-6.55,73.7,9.66,72.78,9.96
S430,Software Engineering,F08,25.3,69.7,100.0,78.2,100,False,No_Anomaly,84.33,80.15,-1.95,1.95,-2.43,73.65,10.19,72.8,10.07
S431,Compiler Design,F04,20.4,72.0,77.6,75.1,100,False,No_Anomaly,68.0,71.92,3.18,3.18,4.42,73.24,9.91,72.59,10.04
S431,Computer Networks,F01,20.4,72.0,77.6,77.5,100,False,No_Anomaly,68.0,71.92,5.58,5.58,7.76,73.7,9.66,72.72,10.8
S431,Machine Learning,F06,20.4,72.0,77.6,40.9,100,True,Severe_Undermarking,68.0,71.92,-31.02,31.02,-43.13,72.75,9.99,72.78,9.96
S431,Software Engineering,F03,20.4,72.0,77.6,66.2,100,False,No_Anomaly,68.0,71.92,-5.72,5.72,-7.95,73.88,11.06,72.8,10.07
S432,Compiler Design,F03,25.4,44.4,84.6,63.2,100,False,No_Anomaly,84.67,64.52,-1.32,1.32,-2.05,73.88,11.06,72.59,10.04
S432,Computer Networks,F02,25.4,44.4,84.6,56.5,100,False,No_Anomaly,84.67,64.52,-8.02,8.02,-12.43,70.46,9.46,72.72,10.8
S432,Machine Learning,F06,25.4,44.4,84.6,70.0,100,False,No_Anomaly,84.67,64.52,5.48,5.48,8.49,72.75,9.99,72.78,9.96
S432,Software Engineering,F06,25.4,44.4,84.6,68.1,100,False,No_Anomaly,84.67,64.52,3.58,3.58,5.55,72.75,9.99,72.8,10.07
S433,Compiler Design,F06,17.4,51.1,75.4,65.2,100,False,No_Anomaly,58.0,58.03,7.17,7.17,12.36,72.75,9.99,72.59,10.04
S433,Computer Networks,F02,17.4,51.1,75.4,59.0,100,False,No_Anomaly,58.0,58.03,0.97,0.97,1.67,70.46,9.46,72.72,10.8
S433,Machine Learning,F05,17.4,51.1,75.4,64.9,100,False,No_Anomaly,58.0,58.03,6.87,6.87,11.84,74.08,9.85,72.78,9.96
S433,Software Engineering,F08,17.4,51.1,75.4,66.7,100,False,No_Anomaly,58.0,58.03,8.67,8.67,14.94,73.65,10.19,72.8,10.07
S434,Compiler Design,F01,13.7,58.4,82.5,62.7,100,False,No_Anomaly,45.67,59.4,3.3,3.3,5.56,73.7,9.66,72.59,10.04
S434,Computer Networks,F08,13.7,58.4,82.5,63.7,100,False,No_Anomaly,45.67,59.4,4.3,4.3,7.24,73.65,10.19,72.72,10.8
S434,Machine Learning,F03,13.7,58.4,82.5,68.9,100,False,No_Anomaly,45.67,59.4,9.5,9.5,15.99,73.88,11.06,72.78,9.96
S434,Software Engineering,F01,13.7,58.4,82.5,66.1,100,False,No_Anomaly,45.67,59.4,6.7,6.7,11.28,73.7,9.66,72.8,10.07
S435,Compiler Design,F03,21.0,77.4,89.5,76.7,100,False,No_Anomaly,70.0,77.6,-0.9,0.9,-1.16,73.88,11.06,72.59,10.04
S435,Computer Networks,F04,21.0,77.4,89.5,81.0,100,False,No_Anomaly,70.0,77.6,3.4,3.4,4.38,73.24,9.91,72.72,10.8
S435,Machine Learning,F05,21.0,77.4,89.5,76.5,100,False,No_Anomaly,70.0,77.6,-1.1,1.1,-1.42,74.08,9.85,72.78,9.96
S435,Software Engineering,F02,21.0,77.4,89.5,76.8,100,False,No_Anomaly,70.0,77.6,-0.8,0.8,-1.03,70.46,9.46,72.8,10.07
S436,Compiler Design,F06,26.9,40.2,72.0,65.0,100,False,No_Anomaly,89.67,61.4,3.6,3.6,5.86,72.75,9.99,72.59,10.04
S436,Computer Networks,F03,26.9,40.2,72.0,52.9,100,False,No_Anomaly,89.67,61.4,-8.5,8.5,-13.84,73.88,11.06,72.72,10.8
S436,Machine Learning,F08,26.9,40.2,72.0,68.0,100,False,No_Anomaly,89.67,61.4,6.6,6.6,10.75,73.65,10.19,72.78,9.96
S436,Software Engineering,F06,26.9,40.2,72.0,61.7,100,False,No_Anomaly,89.67,61.4,0.3,0.3,0.49,72.75,9.99,72.8,10.07
S437,Compiler Design,F07,17.3,36.7,78.5,54.7,100,False,No_Anomaly,57.67,51.35,3.35,3.35,6.52,69.71,10.67,72.59,10.04
S437,Computer Networks,F06,17.3,36.7,78.5,58.6,100,False,No_Anomaly,57.67,51.35,7.25,7.25,14.12,72.75,9.99,72.72,10.8
S437,Machine Learning,F01,17.3,36.7,78.5,57.5,100,False,No_Anomaly,57.67,51.35,6.15,6.15,11.98,73.7,9.66,72.78,9.96
S437,Software Engineering,F06,17.3,36.7,78.5,76.5,100,True,Severe_Overmarking,57.67,51.35,25.15,25.15,48.98,72.75,9.99,72.8,10.07
S438,Compiler Design,F07,23.6,79.7,75.2,66.4,100,False,No_Anomaly,78.67,78.49,-12.09,12.09,-15.4,69.71,10.67,72.59,10.04
S438,Computer Networks,F07,23.6,79.7,75.2,100.0,100,True,Severe_Overmarking,78.67,78.49,21.51,21.51,27.4,69.71,10.67,72.72,10.8
S438,Machine Learning,F08,23.6,79.7,75.2,57.4,100,True,Severe_Undermarking,78.67,78.49,-21.09,21.09,-26.87,73.65,10.19,72.78,9.96
S438,Software Engineering,F01,23.6,79.7,75.2,79.3,100,False,No_Anomaly,78.67,78.49,0.81,0.81,1.03,73.7,9.66,72.8,10.07
S439,Compiler Design,F03,21.2,76.8,100.0,83.1,100,False,No_Anomaly,70.67,79.6,3.5,3.5,4.4,73.88,11.06,72.59,10.04
S439,Computer Networks,F03,21.2,76.8,100.0,85.6,100,False,No_Anomaly,70.67,79.6,6.0,6.0,7.54,73.88,11.06,72.72,10.8
S439,Machine Learning,F02,21.2,76.8,100.0,71.2,100,False,No_Anomaly,70.67,79.6,-8.4,8.4,-10.55,70.46,9.46,72.78,9.96
S439,Software Engineering,F02,21.2,76.8,100.0,64.9,100,False,No_Anomaly,70.67,79.6,-14.7,14.7,-18.47,70.46,9.46,72.8,10.07
S440,Compiler Design,F06,26.8,74.5,67.1,74.0,100,False,No_Anomaly,89.33,77.47,-3.47,3.47,-4.48,72.75,9.99,72.59,10.04
S440,Computer Networks,F04,26.8,74.5,67.1,70.3,100,False,No_Anomaly,89.33,77.47,-7.17,7.17,-9.26,73.24,9.91,72.72,10.8
S440,Machine Learning,F08,26.8,74.5,67.1,85.7,100,False,No_Anomaly,89.33,77.47,8.23,8.23,10.62,73.65,10.19,72.78,9.96
S440,Software Engineering,F05,26.8,74.5,67.1,83.9,100,False,No_Anomaly,89.33,77.47,6.43,6.43,8.3,74.08,9.85,72.8,10.07
S441,Compiler Design,F07,21.9,60.9,76.4,72.2,100,False,No_Anomaly,73.0,67.63,4.57,4.57,6.76,69.71,10.67,72.59,10.04
S441,Computer Networks,F05,21.9,60.9,76.4,60.0,100,False,No_Anomaly,73.0,67.63,-7.63,7.63,-11.28,74.08,9.85,72.72,10.8
S441,Machine Learning,F01,21.9,60.9,76.4,60.3,100,False,No_Anomaly,73.0,67.63,-7.33,7.33,-10.84,73.7,9.66,72.78,9.96
S441,Software Engineering,F08,21.9,60.9,76.4,66.6,100,False,No_Anomaly,73.0,67.63,-1.03,1.03,-1.52,73.65,10.19,72.8,10.07
S442,Compiler Design,F06,25.9,51.2,84.3,58.7,100,False,No_Anomaly,86.33,68.36,-9.66,9.66,-14.13,72.75,9.99,72.59,10.04
S442,Computer Networks,F07,25.9,51.2,84.3,44.9,100,True,Severe_Undermarking,86.33,68.36,-23.46,23.46,-34.32,69.71,10.67,72.72,10.8
S442,Machine Learning,F07,25.9,51.2,84.3,72.2,100,False,No_Anomaly,86.33,68.36,3.84,3.84,5.62,69.71,10.67,72.78,9.96
S442,Software Engineering,F03,25.9,51.2,84.3,73.6,100,False,No_Anomaly,86.33,68.36,5.24,5.24,7.67,73.88,11.06,72.8,10.07
S443,Compiler Design,F03,21.5,73.5,66.1,73.8,100,False,No_Anomaly,71.67,71.47,2.33,2.33,3.26,73.88,11.06,72.59,10.04
S443,Computer Networks,F06,21.5,73.5,66.1,73.2,100,False,No_Anomaly,71.67,71.47,1.73,1.73,2.42,72.75,9.99,72.72,10.8
S443,Machine Learning,F05,21.5,73.5,66.1,66.3,100,False,No_Anomaly,71.67,71.47,-5.17,5.17,-7.23,74.08,9.85,72.78,9.96
S443,Software Engineering,F08,21.5,73.5,66.1,69.7,100,False,No_Anomaly,71.67,71.47,-1.77,1.77,-2.48,73.65,10.19,72.8,10.07
S444,Compiler Design,F06,17.7,78.9,63.2,70.0,100,False,No_Anomaly,59.0,69.79,0.21,0.21,0.3,72.75,9.99,72.59,10.04
S444,Computer Networks,F07,17.7,78.9,63.2,67.8,100,False,No_Anomaly,59.0,69.79,-1.99,1.99,-2.85,69.71,10.67,72.72,10.8
S444,Machine Learning,F03,17.7,78.9,63.2,66.2,100,False,No_Anomaly,59.0,69.79,-3.59,3.59,-5.14,73.88,11.06,72.78,9.96
S444,Software Engineering,F03,17.7,78.9,63.2,69.3,100,False,No_Anomaly,59.0,69.79,-0.49,0.49,-0.7,73.88,11.06,72.8,10.07
S445,Compiler Design,F01,23.6,80.5,84.7,78.8,100,False,No_Anomaly,78.67,80.79,-1.99,1.99,-2.46,73.7,9.66,72.59,10.04
S445,Computer Networks,F04,23.6,80.5,84.7,80.5,100,False,No_Anomaly,78.67,80.79,-0.29,0.29,-0.36,73.24,9.91,72.72,10.8
S445,Machine Learning,F06,23.6,80.5,84.7,74.2,100,False,No_Anomaly,78.67,80.79,-6.59,6.59,-8.16,72.75,9.99,72.78,9.96
S445,Software Engineering,F07,23.6,80.5,84.7,77.5,100,False,No_Anomaly,78.67,80.79,-3.29,3.29,-4.07,69.71,10.67,72.8,10.07
S446,Compiler Design,F08,24.6,92.3,86.7,83.5,100,False,No_Anomaly,82.0,88.09,-4.59,4.59,-5.21,73.65,10.19,72.59,10.04
S446,Computer Networks,F04,24.6,92.3,86.7,83.2,100,False,No_Anomaly,82.0,88.09,-4.89,4.89,-5.55,73.24,9.91,72.72,10.8
S446,Machine Learning,F07,24.6,92.3,86.7,81.3,100,False,No_Anomaly,82.0,88.09,-6.79,6.79,-7.71,69.71,10.67,72.78,9.96
S446,Software Engineering,F02,24.6,92.3,86.7,90.9,100,False,No_Anomaly,82.0,88.09,2.81,2.81,3.19,70.46,9.46,72.8,10.07
S447,Compiler Design,F04,18.8,98.0,79.9,100.0,100,True,Severe_Overmarking,62.67,83.78,16.22,16.22,19.36,73.24,9.91,72.59,10.04
S447,Computer Networks,F04,18.8,98.0,79.9,85.0,100,False,No_Anomaly,62.67,83.78,1.22,1.22,1.46,73.24,9.91,72.72,10.8
S447,Machine Learning,F05,18.8,98.0,79.9,90.0,100,False,No_Anomaly,62.67,83.78,6.22,6.22,7.42,74.08,9.85,72.78,9.96
S447,Software Engineering,F07,18.8,98.0,79.9,82.5,100,False,No_Anomaly,62.67,83.78,-1.28,1.28,-1.53,69.71,10.67,72.8,10.07
S448,Compiler Design,F05,19.9,75.1,86.4,72.6,100,False,No_Anomaly,66.33,74.73,-2.13,2.13,-2.85,74.08,9.85,72.59,10.04
S448,Computer Networks,F05,19.9,75.1,86.4,77.9,100,False,No_Anomaly,66.33,74.73,3.17,3.17,4.24,74.08,9.85,72.72,10.8
S448,Machine Learning,F02,19.9,75.1,86.4,68.0,100,False,No_Anomaly,66.33,74.73,-6.73,6.73,-9.01,70.46,9.46,72.78,9.96
S448,Software Engineering,F07,19.9,75.1,86.4,71.2,100,False,No_Anomaly,66.33,74.73,-3.53,3.53,-4.72,69.71,10.67,72.8,10.07
S449,Compiler Design,F01,23.3,57.6,100.0,74.7,100,False,No_Anomaly,77.67,72.1,2.6,2.6,3.61,73.7,9.66,72.59,10.04
S449,Computer Networks,F04,23.3,57.6,100.0,77.7,100,False,No_Anomaly,77.67,72.1,5.6,5.6,7.77,73.24,9.91,72.72,10.8
S449,Machine Learning,F01,23.3,57.6,100.0,84.6,100,False,No_Anomaly,77.67,72.1,12.5,12.5,17.34,73.7,9.66,72.78,9.96
S449,Software Engineering,F05,23.3,57.6,100.0,62.4,100,False,No_Anomaly,77.67,72.1,-9.7,9.7,-13.45,74.08,9.85,72.8,10.07
S450,Compiler Design,F04,21.6,61.2,91.2,81.4,100,False,No_Anomaly,72.0,70.44,10.96,10.96,15.56,73.24,9.91,72.59,10.04
S450,Computer Networks,F04,21.6,61.2,91.2,62.6,100,False,No_Anomaly,72.0,70.44,-7.84,7.84,-11.13,73.24,9.91,72.72,10.8
S450,Machine Learning,F01,21.6,61.2,91.2,76.5,100,False,No_Anomaly,72.0,70.44,6.06,6.06,8.6,73.7,9.66,72.78,9.96
S450,Software Engineering,F08,21.6,61.2,91.2,67.8,100,False,No_Anomaly,72.0,70.44,-2.64,2.64,-3.75,73.65,10.19,72.8,10.07
S451,Compiler Design,F08,16.8,67.0,87.6,68.8,100,False,No_Anomaly,56.0,67.82,0.98,0.98,1.45,73.65,10.19,72.59,10.04
S451,Computer Networks,F07,16.8,67.0,87.6,59.7,100,False,No_Anomaly,56.0,67.82,-8.12,8.12,-11.97,69.71,10.67,72.72,10.8
S451,Machine Learning,F04,16.8,67.0,87.6,72.6,100,False,No_Anomaly,56.0,67.82,4.78,4.78,7.05,73.24,9.91,72.78,9.96
S451,Software Engineering,F06,16.8,67.0,87.6,69.1,100,False,No_Anomaly,56.0,67.82,1.28,1.28,1.89,72.75,9.99,72.8,10.07
S452,Compiler Design,F08,23.9,74.2,100.0,79.0,100,False,No_Anomaly,79.67,81.0,-2.0,2.0,-2.47,73.65,10.19,72.59,10.04
S452,Computer Networks,F02,23.9,74.2,100.0,76.8,100,False,No_Anomaly,79.67,81.0,-4.2,4.2,-5.19,70.46,9.46,72.72,10.8
S452,Machine Learning,F03,23.9,74.2,100.0,78.5,100,False,No_Anomaly,79.67,81.0,-2.5,2.5,-3.09,73.88,11.06,72.78,9.96
S452,Software Engineering,F02,23.9,74.2,100.0,86.0,100,False,No_Anomaly,79.67,81.0,5.0,5.0,6.17,70.46,9.46,72.8,10.07
S453,Compiler Design,F08,20.4,65.5,76.9,77.6,100,False,No_Anomaly,68.0,68.53,9.07,9.07,13.24,73.65,10.19,72.59,10.04
S453,Computer Networks,F08,20.4,65.5,76.9,70.3,100,False,No_Anomaly,68.0,68.53,1.77,1.77,2.58,73.65,10.19,72.72,10.8
S453,Machine Learning,F06,20.4,65.5,76.9,61.4,100,False,No_Anomaly,68.0,68.53,-7.13,7.13,-10.4,72.75,9.99,72.78,9.96
S453,Software Engineering,F08,20.4,65.5,76.9,72.8,100,False,No_Anomaly,68.0,68.53,4.27,4.27,6.23,73.65,10.19,72.8,10.07
S454,Compiler Design,F07,25.7,67.0,78.2,64.4,100,False,No_Anomaly,85.67,74.84,-10.44,10.44,-13.95,69.71,10.67,72.59,10.04
S454,Computer Networks,F08,25.7,67.0,78.2,71.1,100,False,No_Anomaly,85.67,74.84,-3.74,3.74,-5.0,73.65,10.19,72.72,10.8
S454,Machine Learning,F07,25.7,67.0,78.2,75.0,100,False,No_Anomaly,85.67,74.84,0.16,0.16,0.21,69.71,10.67,72.78,9.96
S454,Software Engineering,F02,25.7,67.0,78.2,71.4,100,False,No_Anomaly,85.67,74.84,-3.44,3.44,-4.6,70.46,9.46,72.8,10.07
S455,Compiler Design,F08,20.5,49.2,90.6,62.1,100,False,No_Anomaly,68.33,63.22,-1.12,1.12,-1.77,73.65,10.19,72.59,10.04
S455,Computer Networks,F07,20.5,49.2,90.6,64.4,100,False,No_Anomaly,68.33,63.22,1.18,1.18,1.87,69.71,10.67,72.72,10.8
S455,Machine Learning,F08,20.5,49.2,90.6,62.1,100,False,No_Anomaly,68.33,63.22,-1.12,1.12,-1.77,73.65,10.19,72.78,9.96
S455,Software Engineering,F02,20.5,49.2,90.6,54.1,100,False,No_Anomaly,68.33,63.22,-9.12,9.12,-14.43,70.46,9.46,72.8,10.07
S456,Compiler Design,F02,27.3,74.5,70.7,72.1,100,False,No_Anomaly,91.0,78.69,-6.59,6.59,-8.37,70.46,9.46,72.59,10.04
S456,Computer Networks,F05,27.3,74.5,70.7,82.6,100,False,No_Anomaly,91.0,78.69,3.91,3.91,4.97,74.08,9.85,72.72,10.8
S456,Machine Learning,F08,27.3,74.5,70.7,85.5,100,False,No_Anomaly,91.0,78.69,6.81,6.81,8.65,73.65,10.19,72.78,9.96
S456,Software Engineering,F05,27.3,74.5,70.7,83.7,100,False,No_Anomaly,91.0,78.69,5.01,5.01,6.37,74.08,9.85,72.8,10.07
S457,Compiler Design,F03,15.9,84.9,91.6,71.7,100,False,No_Anomaly,53.0,76.67,-4.97,4.97,-6.48,73.88,11.06,72.59,10.04
S457,Computer Networks,F04,15.9,84.9,91.6,77.6,100,False,No_Anomaly,53.0,76.67,0.93,0.93,1.21,73.24,9.91,72.72,10.8
S457,Machine Learning,F01,15.9,84.9,91.6,78.4,100,False,No_Anomaly,53.0,76.67,1.73,1.73,2.26,73.7,9.66,72.78,9.96
S457,Software Engineering,F03,15.9,84.9,91.6,79.3,100,False,No_Anomaly,53.0,76.67,2.63,2.63,3.43,73.88,11.06,72.8,10.07
S458,Compiler Design,F03,15.6,79.9,86.0,80.4,100,False,No_Anomaly,52.0,72.75,7.65,7.65,10.52,73.88,11.06,72.59,10.04
S458,Computer Networks,F01,15.6,79.9,86.0,62.0,100,False,No_Anomaly,52.0,72.75,-10.75,10.75,-14.78,73.7,9.66,72.72,10.8
S458,Machine Learning,F08,15.6,79.9,86.0,75.7,100,False,No_Anomaly,52.0,72.75,2.95,2.95,4.05,73.65,10.19,72.78,9.96
S458,Software Engineering,F07,15.6,79.9,86.0,73.1,100,False,No_Anomaly,52.0,72.75,0.35,0.35,0.48,69.71,10.67,72.8,10.07
S459,Compiler Design,F07,24.2,69.7,85.6,76.0,100,False,No_Anomaly,80.67,76.17,-0.17,0.17,-0.22,69.71,10.67,72.59,10.04
S459,Computer Networks,F02,24.2,69.7,85.6,82.1,100,False,No_Anomaly,80.67,76.17,5.93,5.93,7.79,70.46,9.46,72.72,10.8
S459,Machine Learning,F03,24.2,69.7,85.6,79.0,100,False,No_Anomaly,80.67,76.17,2.83,2.83,3.72,73.88,11.06,72.78,9.96
S459,Software Engineering,F08,24.2,69.7,85.6,76.9,100,False,No_Anomaly,80.67,76.17,0.73,0.73,0.96,73.65,10.19,72.8,10.07
S460,Compiler Design,F04,27.9,72.1,84.9,73.8,100,False,No_Anomaly,93.0,80.93,-7.13,7.13,-8.81,73.24,9.91,72.59,10.04
S460,Computer Networks,F05,27.9,72.1,84.9,100.0,100,True,Severe_Overmarking,93.0,80.93,19.07,19.07,23.56,74.08,9.85,72.72,10.8
S460,Machine Learning,F02,27.9,72.1,84.9,78.7,100,False,No_Anomaly,93.0,80.93,-2.23,2.23,-2.76,70.46,9.46,72.78,9.96
S460,Software Engineering,F02,27.9,72.1,84.9,72.7,100,False,No_Anomaly,93.0,80.93,-8.23,8.23,-10.17,70.46,9.46,72.8,10.07
S461,Compiler Design,F07,20.7,84.7,53.3,68.5,100,False,No_Anomaly,69.0,73.71,-5.21,5.21,-7.07,69.71,10.67,72.59,10.04
S461,Computer Networks,F07,20.7,84.7,53.3,39.3,100,True,Severe_Undermarking,69.0,73.71,-34.41,34.41,-46.68,69.71,10.67,72.72,10.8
S461,Machine Learning,F06,20.7,84.7,53.3,74.9,100,False,No_Anomaly,69.0,73.71,1.19,1.19,1.61,72.75,9.99,72.78,9.96
S461,Software Engineering,F03,20.7,84.7,53.3,65.9,100,False,No_Anomaly,69.0,73.71,-7.81,7.81,-10.6,73.88,11.06,72.8,10.07
S462,Compiler Design,F06,22.4,68.0,64.5,71.7,100,False,No_Anomaly,74.67,69.3,2.4,2.4,3.46,72.75,9.99,72.59,10.04
S462,Computer Networks,F08,22.4,68.0,64.5,78.9,100,False,No_Anomaly,74.67,69.3,9.6,9.6,13.85,73.65,10.19,72.72,10.8
S462,Machine Learning,F03,22.4,68.0,64.5,75.3,100,False,No_Anomaly,74.67,69.3,6.0,6.0,8.66,73.88,11.06,72.78,9.96
S462,Software Engineering,F07,22.4,68.0,64.5,68.5,100,False,No_Anomaly,74.67,69.3,-0.8,0.8,-1.15,69.71,10.67,72.8,10.07
S463,Compiler Design,F02,23.3,85.0,71.1,74.9,100,False,No_Anomaly,77.67,80.02,-5.12,5.12,-6.4,70.46,9.46,72.59,10.04
S463,Computer Networks,F08,23.3,85.0,71.1,82.8,100,False,No_Anomaly,77.67,80.02,2.78,2.78,3.47,73.65,10.19,72.72,10.8
S463,Machine Learning,F01,23.3,85.0,71.1,79.7,100,False,No_Anomaly,77.67,80.02,-0.32,0.32,-0.4,73.7,9.66,72.78,9.96
S463,Software Engineering,F02,23.3,85.0,71.1,85.3,100,False,No_Anomaly,77.67,80.02,5.28,5.28,6.6,70.46,9.46,72.8,10.07
S464,Compiler Design,F01,27.9,59.0,75.3,74.5,100,False,No_Anomaly,93.0,72.46,2.04,2.04,2.82,73.7,9.66,72.59,10.04
S464,Computer Networks,F05,27.9,59.0,75.3,59.7,100,False,No_Anomaly,93.0,72.46,-12.76,12.76,-17.61,74.08,9.85,72.72,10.8
S464,Machine Learning,F03,27.9,59.0,75.3,63.1,100,False,No_Anomaly,93.0,72.46,-9.36,9.36,-12.92,73.88,11.06,72.78,9.96
S464,Software Engineering,F08,27.9,59.0,75.3,75.8,100,False,No_Anomaly,93.0,72.46,3.34,3.34,4.61,73.65,10.19,72.8,10.07
S465,Compiler Design,F06,14.5,63.5,86.6,70.6,100,False,No_Anomaly,48.33,63.57,7.03,7.03,11.06,72.75,9.99,72.59,10.04
S465,Computer Networks,F02,14.5,63.5,86.6,62.0,100,False,No_Anomaly,48.33,63.57,-1.57,1.57,-2.47,70.46,9.46,72.72,10.8
S465,Machine Learning,F02,14.5,63.5,86.6,68.8,100,False,No_Anomaly,48.33,63.57,5.23,5.23,8.23,70.46,9.46,72.78,9.96
S465,Software Engineering,F07,14.5,63.5,86.6,59.1,100,False,No_Anomaly,48.33,63.57,-4.47,4.47,-7.03,69.71,10.67,72.8,10.07
S466,Compiler Design,F03,21.3,92.3,88.0,83.9,100,False,No_Anomaly,71.0,85.05,-1.15,1.15,-1.35,73.88,11.06,72.59,10.04
S466,Computer Networks,F08,21.3,92.3,88.0,78.5,100,False,No_Anomaly,71.0,85.05,-6.55,6.55,-7.7,73.65,10.19,72.72,10.8
S466,Machine Learning,F05,21.3,92.3,88.0,93.3,100,False,No_Anomaly,71.0,85.05,8.25,8.25,9.7,74.08,9.85,72.78,9.96
S466,Software Engineering,F08,21.3,92.3,88.0,97.8,100,False,No_Anomaly,71.0,85.05,12.75,12.75,14.99,73.65,10.19,72.8,10.07
S467,Compiler Design,F02,26.7,76.9,67.9,81.2,100,False,No_Anomaly,89.0,78.73,2.47,2.47,3.14,70.46,9.46,72.59,10.04
S467,Computer Networks,F03,26.7,76.9,67.9,83.6,100,False,No_Anomaly,89.0,78.73,4.87,4.87,6.19,73.88,11.06,72.72,10.8
S467,Machine Learning,F07,26.7,76.9,67.9,69.4,100,False,No_Anomaly,89.0,78.73,-9.33,9.33,-11.85,69.71,10.67,72.78,9.96
S467,Software Engineering,F04,26.7,76.9,67.9,80.7,100,False,No_Anomaly,89.0,78.73,1.97,1.97,2.5,73.24,9.91,72.8,10.07
S468,Compiler Design,F08,20.0,66.1,80.0,64.2,100,False,No_Anomaly,66.67,69.05,-4.85,4.85,-7.02,73.65,10.19,72.59,10.04
S468,Computer Networks,F01,20.0,66.1,80.0,68.9,100,False,No_Anomaly,66.67,69.05,-0.15,0.15,-0.22,73.7,9.66,72.72,10.8
S468,Machine Learning,F06,20.0,66.1,80.0,65.2,100,False,No_Anomaly,66.67,69.05,-3.85,3.85,-5.58,72.75,9.99,72.78,9.96
S468,Software Engineering,F06,20.0,66.1,80.0,60.7,100,False,No_Anomaly,66.67,69.05,-8.35,8.35,-12.09,72.75,9.99,72.8,10.07
S469,Compiler Design,F08,23.0,63.0,88.9,75.6,100,False,No_Anomaly,76.67,72.28,3.32,3.32,4.59,73.65,10.19,72.59,10.04
S469,Computer Networks,F06,23.0,63.0,88.9,70.3,100,False,No_Anomaly,76.67,72.28,-1.98,1.98,-2.74,72.75,9.99,72.72,10.8
S469,Machine Learning,F04,23.0,63.0,88.9,65.2,100,False,No_Anomaly,76.67,72.28,-7.08,7.08,-9.8,73.24,9.91,72.78,9.96
S469,Software Engineering,F02,23.0,63.0,88.9,50.3,100,True,Severe_Undermarking,76.67,72.28,-21.98,21.98,-30.41,70.46,9.46,72.8,10.07
S470,Compiler Design,F06,24.1,77.8,81.9,76.8,100,False,No_Anomaly,80.33,79.38,-2.58,2.58,-3.25,72.75,9.99,72.59,10.04
S470,Computer Networks,F07,24.1,77.8,81.9,80.8,100,False,No_Anomaly,80.33,79.38,1.42,1.42,1.79,69.71,10.67,72.72,10.8
S470,Machine Learning,F05,24.1,77.8,81.9,86.6,100,False,No_Anomaly,80.33,79.38,7.22,7.22,9.1,74.08,9.85,72.78,9.96
S470,Software Engineering,F06,24.1,77.8,81.9,82.2,100,False,No_Anomaly,80.33,79.38,2.82,2.82,3.55,72.75,9.99,72.8,10.07
S471,Compiler Design,F02,15.7,65.0,100.0,65.7,100,False,No_Anomaly,52.33,68.2,-2.5,2.5,-3.67,70.46,9.46,72.59,10.04
S471,Computer Networks,F04,15.7,65.0,100.0,71.6,100,False,No_Anomaly,52.33,68.2,3.4,3.4,4.99,73.24,9.91,72.72,10.8
S471,Machine Learning,F05,15.7,65.0,100.0,74.1,100,False,No_Anomaly,52.33,68.2,5.9,5.9,8.65,74.08,9.85,72.78,9.96
S471,Software Engineering,F06,15.7,65.0,100.0,72.9,100,False,No_Anomaly,52.33,68.2,4.7,4.7,6.89,72.75,9.99,72.8,10.07
S472,Compiler Design,F05,18.6,85.1,95.7,81.0,100,False,No_Anomaly,62.0,80.29,0.71,0.71,0.88,74.08,9.85,72.59,10.04
S472,Computer Networks,F05,18.6,85.1,95.7,80.2,100,False,No_Anomaly,62.0,80.29,-0.09,0.09,-0.11,74.08,9.85,72.72,10.8
S472,Machine Learning,F02,18.6,85.1,95.7,74.1,100,False,No_Anomaly,62.0,80.29,-6.19,6.19,-7.71,70.46,9.46,72.78,9.96
S472,Software Engineering,F04,18.6,85.1,95.7,81.5,100,False,No_Anomaly,62.0,80.29,1.21,1.21,1.51,73.24,9.91,72.8,10.07
S473,Compiler Design,F01,25.9,96.8,92.0,89.8,100,False,No_Anomaly,86.33,92.7,-2.9,2.9,-3.13,73.7,9.66,72.59,10.04
S473,Computer Networks,F03,25.9,96.8,92.0,87.8,100,False,No_Anomaly,86.33,92.7,-4.9,4.9,-5.29,73.88,11.06,72.72,10.8
S473,Machine Learning,F04,25.9,96.8,92.0,90.2,100,False,No_Anomaly,86.33,92.7,-2.5,2.5,-2.7,73.24,9.91,72.78,9.96
S473,Software Engineering,F02,25.9,96.8,92.0,87.2,100,False,No_Anomaly,86.33,92.7,-5.5,5.5,-5.93,70.46,9.46,72.8,10.07
S474,Compiler Design,F03,21.2,70.3,79.8,69.3,100,False,No_Anomaly,70.67,72.31,-3.01,3.01,-4.16,73.88,11.06,72.59,10.04
S474,Computer Networks,F07,21.2,70.3,79.8,69.1,100,False,No_Anomaly,70.67,72.31,-3.21,3.21,-4.44,69.71,10.67,72.72,10.8
S474,Machine Learning,F06,21.2,70.3,79.8,74.9,100,False,No_Anomaly,70.67,72.31,2.59,2.59,3.58,72.75,9.99,72.78,9.96
S474,Software Engineering,F01,21.2,70.3,79.8,81.3,100,False,No_Anomaly,70.67,72.31,8.99,8.99,12.43,73.7,9.66,72.8,10.07
S475,Compiler Design,F07,22.7,74.7,96.0,67.5,100,False,No_Anomaly,75.67,79.25,-11.75,11.75,-14.83,69.71,10.67,72.59,10.04
S475,Computer Networks,F06,22.7,74.7,96.0,72.5,100,False,No_Anomaly,75.67,79.25,-6.75,6.75,-8.52,72.75,9.99,72.72,10.8
S475,Machine Learning,F06,22.7,74.7,96.0,83.8,100,False,No_Anomaly,75.67,79.25,4.55,4.55,5.74,72.75,9.99,72.78,9.96
S475,Software Engineering,F06,22.7,74.7,96.0,78.0,100,False,No_Anomaly,75.67,79.25,-1.25,1.25,-1.58,72.75,9.99,72.8,10.07
S476,Compiler Design,F05,25.7,59.1,90.2,76.1,100,False,No_Anomaly,85.67,73.29,2.81,2.81,3.83,74.08,9.85,72.59,10.04
S476,Computer Networks,F02,25.7,59.1,90.2,73.9,100,False,No_Anomaly,85.67,73.29,0.61,0.61,0.83,70.46,9.46,72.72,10.8
S476,Machine Learning,F08,25.7,59.1,90.2,69.5,100,False,No_Anomaly,85.67,73.29,-3.79,3.79,-5.17,73.65,10.19,72.78,9.96
S476,Software Engineering,F02,25.7,59.1,90.2,74.3,100,False,No_Anomaly,85.67,73.29,1.01,1.01,1.38,70.46,9.46,72.8,10.07
S477,Compiler Design,F05,20.9,77.9,89.5,47.2,100,True,Severe_Undermarking,69.67,77.75,-30.55,30.55,-39.29,74.08,9.85,72.59,10.04
S477,Computer Networks,F03,20.9,77.9,89.5,80.9,100,False,No_Anomaly,69.67,77.75,3.15,3.15,4.05,73.88,11.06,72.72,10.8
S477,Machine Learning,F03,20.9,77.9,89.5,73.4,100,False,No_Anomaly,69.67,77.75,-4.35,4.35,-5.59,73.88,11.06,72.78,9.96
S477,Software Engineering,F08,20.9,77.9,89.5,77.6,100,False,No_Anomaly,69.67,77.75,-0.15,0.15,-0.19,73.65,10.19,72.8,10.07
S478,Compiler Design,F08,15.5,58.9,73.3,60.1,100,False,No_Anomaly,51.67,59.61,0.49,0.49,0.82,73.65,10.19,72.59,10.04
S478,Computer Networks,F07,15.5,58.9,73.3,52.1,100,False,No_Anomaly,51.67,59.61,-7.51,7.51,-12.6,69.71,10.67,72.72,10.8
S478,Machine Learning,F04,15.5,58.9,73.3,62.3,100,False,No_Anomaly,51.67,59.61,2.69,2.69,4.51,73.24,9.91,72.78,9.96
S478,Software Engineering,F07,15.5,58.9,73.3,63.7,100,False,No_Anomaly,51.67,59.61,4.09,4.09,6.86,69.71,10.67,72.8,10.07
S479,Compiler Design,F01,20.2,72.8,81.2,74.4,100,False,No_Anomaly,67.33,72.84,1.56,1.56,2.14,73.7,9.66,72.59,10.04
S479,Computer Networks,F08,20.2,72.8,81.2,74.4,100,False,No_Anomaly,67.33,72.84,1.56,1.56,2.14,73.65,10.19,72.72,10.8
S479,Machine Learning,F03,20.2,72.8,81.2,71.1,100,False,No_Anomaly,67.33,72.84,-1.74,1.74,-2.39,73.88,11.06,72.78,9.96
S479,Software Engineering,F08,20.2,72.8,81.2,73.8,100,False,No_Anomaly,67.33,72.84,0.96,0.96,1.32,73.65,10.19,72.8,10.07
S480,Compiler Design,F03,26.5,35.0,69.5,65.9,100,False,No_Anomaly,88.33,57.9,8.0,8.0,13.82,73.88,11.06,72.59,10.04
S480,Computer Networks,F05,26.5,35.0,69.5,35.0,100,True,Severe_Undermarking,88.33,57.9,-22.9,22.9,-39.55,74.08,9.85,72.72,10.8
S480,Machine Learning,F01,26.5,35.0,69.5,65.6,100,False,No_Anomaly,88.33,57.9,7.7,7.7,13.3,73.7,9.66,72.78,9.96
S480,Software Engineering,F07,26.5,35.0,69.5,59.0,100,False,No_Anomaly,88.33,57.9,1.1,1.1,1.9,69.71,10.67,72.8,10.07
S481,Compiler Design,F08,16.4,62.0,85.6,64.0,100,False,No_Anomaly,54.67,64.52,-0.52,0.52,-0.81,73.65,10.19,72.59,10.04
S481,Computer Networks,F05,16.4,62.0,85.6,72.5,100,False,No_Anomaly,54.67,64.52,7.98,7.98,12.37,74.08,9.85,72.72,10.8
S481,Machine Learning,F07,16.4,62.0,85.6,61.9,100,False,No_Anomaly,54.67,64.52,-2.62,2.62,-4.06,69.71,10.67,72.78,9.96
S481,Software Engineering,F01,16.4,62.0,85.6,64.8,100,False,No_Anomaly,54.67,64.52,0.28,0.28,0.43,73.7,9.66,72.8,10.07
S482,Compiler Design,F03,23.2,87.3,80.6,76.0,100,False,No_Anomaly,77.33,82.97,-6.97,6.97,-8.4,73.88,11.06,72.59,10.04
S482,Computer Networks,F01,23.2,87.3,80.6,86.9,100,False,No_Anomaly,77.33,82.97,3.93,3.93,4.74,73.7,9.66,72.72,10.8
S482,Machine Learning,F08,23.2,87.3,80.6,100.0,100,True,Severe_Overmarking,77.33,82.97,17.03,17.03,20.53,73.65,10.19,72.78,9.96
S482,Software Engineering,F03,23.2,87.3,80.6,84.7,100,False,No_Anomaly,77.33,82.97,1.73,1.73,2.09,73.88,11.06,72.8,10.07
S483,Compiler Design,F01,20.8,97.9,97.2,96.0,100,False,No_Anomaly,69.33,89.19,6.81,6.81,7.64,73.7,9.66,72.59,10.04
S483,Computer Networks,F05,20.8,97.9,97.2,86.1,100,False,No_Anomaly,69.33,89.19,-3.09,3.09,-3.46,74.08,9.85,72.72,10.8
S483,Machine Learning,F07,20.8,97.9,97.2,84.4,100,False,No_Anomaly,69.33,89.19,-4.79,4.79,-5.37,69.71,10.67,72.78,9.96
S483,Software Engineering,F01,20.8,97.9,97.2,87.7,100,False,No_Anomaly,69.33,89.19,-1.49,1.49,-1.67,73.7,9.66,72.8,10.07
S484,Compiler Design,F01,24.0,62.9,78.7,84.0,100,False,No_Anomaly,80.0,71.19,12.81,12.81,17.99,73.7,9.66,72.59,10.04
S484,Computer Networks,F07,24.0,62.9,78.7,64.4,100,False,No_Anomaly,80.0,71.19,-6.79,6.79,-9.54,69.71,10.67,72.72,10.8
S484,Machine Learning,F01,24.0,62.9,78.7,73.3,100,False,No_Anomaly,80.0,71.19,2.11,2.11,2.96,73.7,9.66,72.78,9.96
S484,Software Engineering,F06,24.0,62.9,78.7,71.6,100,False,No_Anomaly,80.0,71.19,0.41,0.41,0.58,72.75,9.99,72.8,10.07
S485,Compiler Design,F08,27.9,68.7,78.0,70.5,100,False,No_Anomaly,93.0,77.85,-7.35,7.35,-9.44,73.65,10.19,72.59,10.04
S485,Computer Networks,F01,27.9,68.7,78.0,70.6,100,False,No_Anomaly,93.0,77.85,-7.25,7.25,-9.31,73.7,9.66,72.72,10.8
S485,Machine Learning,F05,27.9,68.7,78.0,85.0,100,False,No_Anomaly,93.0,77.85,7.15,7.15,9.18,74.08,9.85,72.78,9.96
S485,Software Engineering,F06,27.9,68.7,78.0,69.0,100,False,No_Anomaly,93.0,77.85,-8.85,8.85,-11.37,72.75,9.99,72.8,10.07
S486,Compiler Design,F02,22.4,68.6,100.0,70.5,100,False,No_Anomaly,74.67,76.7,-6.2,6.2,-8.08,70.46,9.46,72.59,10.04
S486,Computer Networks,F02,22.4,68.6,100.0,61.7,100,False,No_Anomaly,74.67,76.7,-15.0,15.0,-19.56,70.46,9.46,72.72,10.8
S486,Machine Learning,F07,22.4,68.6,100.0,67.9,100,False,No_Anomaly,74.67,76.7,-8.8,8.8,-11.47,69.71,10.67,72.78,9.96
S486,Software Engineering,F02,22.4,68.6,100.0,72.7,100,False,No_Anomaly,74.67,76.7,-4.0,4.0,-5.22,70.46,9.46,72.8,10.07
S487,Compiler Design,F03,25.9,91.4,85.6,92.3,100,False,No_Anomaly,86.33,88.72,3.58,3.58,4.04,73.88,11.06,72.59,10.04
S487,Computer Networks,F06,25.9,91.4,85.6,100.0,100,True,Severe_Overmarking,86.33,88.72,11.28,11.28,12.71,72.75,9.99,72.72,10.8
S487,Machine Learning,F03,25.9,91.4,85.6,84.7,100,False,No_Anomaly,86.33,88.72,-4.02,4.02,-4.53,73.88,11.06,72.78,9.96
S487,Software Engineering,F03,25.9,91.4,85.6,97.5,100,False,No_Anomaly,86.33,88.72,8.78,8.78,9.9,73.88,11.06,72.8,10.07
S488,Compiler Design,F06,23.8,61.3,73.5,76.1,100,False,No_Anomaly,79.33,69.15,6.95,6.95,10.05,72.75,9.99,72.59,10.04
S488,Computer Networks,F08,23.8,61.3,73.5,71.3,100,False,No_Anomaly,79.33,69.15,2.15,2.15,3.11,73.65,10.19,72.72,10.8
S488,Machine Learning,F05,23.8,61.3,73.5,78.3,100,False,No_Anomaly,79.33,69.15,9.15,9.15,13.23,74.08,9.85,72.78,9.96
S488,Software Engineering,F08,23.8,61.3,73.5,64.1,100,False,No_Anomaly,79.33,69.15,-5.05,5.05,-7.3,73.65,10.19,72.8,10.07
S489,Compiler Design,F08,16.9,81.9,82.4,78.3,100,False,No_Anomaly,56.33,74.33,3.97,3.97,5.34,73.65,10.19,72.59,10.04
S489,Computer Networks,F03,16.9,81.9,82.4,73.6,100,False,No_Anomaly,56.33,74.33,-0.73,0.73,-0.98,73.88,11.06,72.72,10.8
S489,Machine Learning,F06,16.9,81.9,82.4,70.8,100,False,No_Anomaly,56.33,74.33,-3.53,3.53,-4.75,72.75,9.99,72.78,9.96
S489,Software Engineering,F02,16.9,81.9,82.4,64.2,100,False,No_Anomaly,56.33,74.33,-10.13,10.13,-13.63,70.46,9.46,72.8,10.07
S490,Compiler Design,F02,14.9,53.7,67.7,55.0,100,False,No_Anomaly,49.67,55.29,-0.29,0.29,-0.52,70.46,9.46,72.59,10.04
S490,Computer Networks,F07,14.9,53.7,67.7,56.7,100,False,No_Anomaly,49.67,55.29,1.41,1.41,2.55,69.71,10.67,72.72,10.8
S490,Machine Learning,F06,14.9,53.7,67.7,61.0,100,False,No_Anomaly,49.67,55.29,5.71,5.71,10.33,72.75,9.99,72.78,9.96
S490,Software Engineering,F07,14.9,53.7,67.7,52.5,100,False,No_Anomaly,49.67,55.29,-2.79,2.79,-5.05,69.71,10.67,72.8,10.07
S491,Compiler Design,F01,21.9,71.3,93.3,77.1,100,False,No_Anomaly,73.0,76.21,0.89,0.89,1.17,73.7,9.66,72.59,10.04
S491,Computer Networks,F04,21.9,71.3,93.3,83.7,100,False,No_Anomaly,73.0,76.21,7.49,7.49,9.83,73.24,9.91,72.72,10.8
S491,Machine Learning,F01,21.9,71.3,93.3,76.7,100,False,No_Anomaly,73.0,76.21,0.49,0.49,0.64,73.7,9.66,72.78,9.96
S491,Software Engineering,F02,21.9,71.3,93.3,78.5,100,False,No_Anomaly,73.0,76.21,2.29,2.29,3.0,70.46,9.46,72.8,10.07
S492,Compiler Design,F06,21.3,42.9,80.1,64.5,100,False,No_Anomaly,71.0,58.77,5.73,5.73,9.75,72.75,9.99,72.59,10.04
S492,Computer Networks,F06,21.3,42.9,80.1,68.5,100,False,No_Anomaly,71.0,58.77,9.73,9.73,16.56,72.75,9.99,72.72,10.8
S492,Machine Learning,F01,21.3,42.9,80.1,64.1,100,False,No_Anomaly,71.0,58.77,5.33,5.33,9.07,73.7,9.66,72.78,9.96
S492,Software Engineering,F04,21.3,42.9,80.1,68.1,100,False,No_Anomaly,71.0,58.77,9.33,9.33,15.88,73.24,9.91,72.8,10.07
S493,Compiler Design,F03,20.4,95.2,67.4,82.4,100,False,No_Anomaly,68.0,81.48,0.92,0.92,1.13,73.88,11.06,72.59,10.04
S493,Computer Networks,F03,20.4,95.2,67.4,85.3,100,False,No_Anomaly,68.0,81.48,3.82,3.82,4.69,73.88,11.06,72.72,10.8
S493,Machine Learning,F01,20.4,95.2,67.4,74.8,100,False,No_Anomaly,68.0,81.48,-6.68,6.68,-8.2,73.7,9.66,72.78,9.96
S493,Software Engineering,F04,20.4,95.2,67.4,77.0,100,False,No_Anomaly,68.0,81.48,-4.48,4.48,-5.5,73.24,9.91,72.8,10.07
S494,Compiler Design,F02,24.3,90.5,86.5,91.0,100,False,No_Anomaly,81.0,86.85,4.15,4.15,4.78,70.46,9.46,72.59,10.04
S494,Computer Networks,F03,24.3,90.5,86.5,88.7,100,False,No_Anomaly,81.0,86.85,1.85,1.85,2.13,73.88,11.06,72.72,10.8
S494,Machine Learning,F06,24.3,90.5,86.5,81.8,100,False,No_Anomaly,81.0,86.85,-5.05,5.05,-5.81,72.75,9.99,72.78,9.96
S494,Software Engineering,F04,24.3,90.5,86.5,94.7,100,False,No_Anomaly,81.0,86.85,7.85,7.85,9.04,73.24,9.91,72.8,10.07
S495,Compiler Design,F01,25.1,71.4,85.3,75.3,100,False,No_Anomaly,83.67,77.86,-2.56,2.56,-3.29,73.7,9.66,72.59,10.04
S495,Computer Networks,F02,25.1,71.4,85.3,76.4,100,False,No_Anomaly,83.67,77.86,-1.46,1.46,-1.88,70.46,9.46,72.72,10.8
S495,Machine Learning,F05,25.1,71.4,85.3,78.0,100,False,No_Anomaly,83.67,77.86,0.14,0.14,0.18,74.08,9.85,72.78,9.96
S495,Software Engineering,F05,25.1,71.4,85.3,89.6,100,False,No_Anomaly,83.67,77.86,11.74,11.74,15.08,74.08,9.85,72.8,10.07
S496,Compiler Design,F02,16.5,60.3,90.8,35.3,100,True,Severe_Undermarking,55.0,64.81,-29.51,29.51,-45.53,70.46,9.46,72.59,10.04
S496,Computer Networks,F04,16.5,60.3,90.8,74.1,100,False,No_Anomaly,55.0,64.81,9.29,9.29,14.33,73.24,9.91,72.72,10.8
S496,Machine Learning,F04,16.5,60.3,90.8,63.5,100,False,No_Anomaly,55.0,64.81,-1.31,1.31,-2.02,73.24,9.91,72.78,9.96
S496,Software Engineering,F03,16.5,60.3,90.8,65.6,100,False,No_Anomaly,55.0,64.81,0.79,0.79,1.22,73.88,11.06,72.8,10.07
S497,Compiler Design,F03,19.5,73.9,83.8,72.7,100,False,No_Anomaly,65.0,73.21,-0.51,0.51,-0.7,73.88,11.06,72.59,10.04
S497,Computer Networks,F01,19.5,73.9,83.8,69.9,100,False,No_Anomaly,65.0,73.21,-3.31,3.31,-4.52,73.7,9.66,72.72,10.8
S497,Machine Learning,F04,19.5,73.9,83.8,66.1,100,False,No_Anomaly,65.0,73.21,-7.11,7.11,-9.71,73.24,9.91,72.78,9.96
S497,Software Engineering,F04,19.5,73.9,83.8,69.9,100,False,No_Anomaly,65.0,73.21,-3.31,3.31,-4.52,73.24,9.91,72.8,10.07
S498,Compiler Design,F01,17.7,69.7,75.8,72.4,100,False,No_Anomaly,59.0,67.71,4.69,4.69,6.93,73.7,9.66,72.59,10.04
S498,Computer Networks,F02,17.7,69.7,75.8,78.6,100,False,No_Anomaly,59.0,67.71,10.89,10.89,16.08,70.46,9.46,72.72,10.8
S498,Machine Learning,F01,17.7,69.7,75.8,75.7,100,False,No_Anomaly,59.0,67.71,7.99,7.99,11.8,73.7,9.66,72.78,9.96
S498,Software Engineering,F03,17.7,69.7,75.8,69.9,100,False,No_Anomaly,59.0,67.71,2.19,2.19,3.23,73.88,11.06,72.8,10.07
S499,Compiler Design,F07,23.3,65.8,71.0,64.6,100,False,No_Anomaly,77.67,70.4,-5.8,5.8,-8.24,69.71,10.67,72.59,10.04
S499,Computer Networks,F02,23.3,65.8,71.0,64.6,100,False,No_Anomaly,77.67,70.4,-5.8,5.8,-8.24,70.46,9.46,72.72,10.8
S499,Machine Learning,F06,23.3,65.8,71.0,77.9,100,False,No_Anomaly,77.67,70.4,7.5,7.5,10.65,72.75,9.99,72.78,9.96
S499,Software Engineering,F05,23.3,65.8,71.0,74.5,100,False,No_Anomaly,77.67,70.4,4.1,4.1,5.82,74.08,9.85,72.8,10.07
S500,Compiler Design,F02,17.3,56.2,89.1,60.0,100,False,No_Anomaly,57.67,63.22,-3.22,3.22,-5.09,70.46,9.46,72.59,10.04
S500,Computer Networks,F03,17.3,56.2,89.1,61.4,100,False,No_Anomaly,57.67,63.22,-1.82,1.82,-2.88,73.88,11.06,72.72,10.8
S500,Machine Learning,F02,17.3,56.2,89.1,61.2,100,False,No_Anomaly,57.67,63.22,-2.02,2.02,-3.2,70.46,9.46,72.78,9.96
S500,Software Engineering,F06,17.3,56.2,89.1,63.2,100,False,No_Anomaly,57.67,63.22,-0.02,0.02,-0.03,72.75,9.99,72.8,10.07
