Student_ID,Subject,Faculty_ID,Internal_Marks,Previous_Score,Attendance,Given_Marks,Max_Marks,Injected_Anomaly,Anomaly_Type
S001,Machine Learning,F04,25.0,73.7,71.6,80.4,100,False,No_Anomaly
S001,Computer Networks,F07,25.0,73.7,71.6,74.6,100,False,No_Anomaly
S001,Compiler Design,F08,25.0,73.7,71.6,78.6,100,False,No_Anomaly
S001,Software Engineering,F07,25.0,73.7,71.6,77.2,100,False,No_Anomaly
S002,Machine Learning,F08,16.8,81.3,62.5,67.7,100,False,No_Anomaly
S002,Computer Networks,F02,16.8,81.3,62.5,58.2,100,False,No_Anomaly
S002,Compiler Design,F04,16.8,81.3,62.5,68.0,100,False,No_Anomaly
S002,Software Engineering,F05,16.8,81.3,62.5,98.4,100,True,Severe_Overmarking
S003,Machine Learning,F04,21.9,71.5,78.8,74.2,100,False,No_Anomaly
S003,Computer Networks,F06,21.9,71.5,78.8,70.0,100,False,No_Anomaly
S003,Compiler Design,F07,21.9,71.5,78.8,64.2,100,False,No_Anomaly
S003,Software Engineering,F01,21.9,71.5,78.8,75.0,100,False,No_Anomaly
S004,Machine Learning,F08,25.1,59.8,90.8,73.9,100,False,No_Anomaly
S004,Computer Networks,F08,25.1,59.8,90.8,76.4,100,False,No_Anomaly
S004,Compiler Design,F05,25.1,59.8,90.8,71.5,100,False,No_Anomaly
S004,Software Engineering,F01,25.1,59.8,90.8,68.8,100,False,No_Anomaly
S005,Machine Learning,F07,23.9,70.8,93.3,74.4,100,False,No_Anomaly
S005,Computer Networks,F07,23.9,70.8,93.3,68.0,100,False,No_Anomaly
S005,Compiler Design,F02,23.9,70.8,93.3,69.1,100,False,No_Anomaly
S005,Software Engineering,F01,23.9,70.8,93.3,76.3,100,False,No_Anomaly
S006,Machine Learning,F04,18.2,59.7,85.7,65.4,100,False,No_Anomaly
S006,Computer Networks,F07,18.2,59.7,85.7,68.3,100,False,No_Anomaly
S006,Compiler Design,F02,18.2,59.7,85.7,70.4,100,False,No_Anomaly
S006,Software Engineering,F06,18.2,59.7,85.7,65.0,100,False,No_Anomaly
S007,Machine Learning,F07,21.3,80.5,81.5,77.1,100,False,No_Anomaly
S007,Computer Networks,F05,21.3,80.5,81.5,71.1,100,False,No_Anomaly
S007,Compiler Design,F04,21.3,80.5,81.5,77.6,100,False,No_Anomaly
S007,Software Engineering,F06,21.3,80.5,81.5,85.4,100,False,No_Anomaly
S008,Machine Learning,F04,21.4,61.8,94.2,76.1,100,False,No_Anomaly
S008,Computer Networks,F02,21.4,61.8,94.2,76.0,100,False,No_Anomaly
S008,Compiler Design,F02,21.4,61.8,94.2,68.6,100,False,No_Anomaly
S008,Software Engineering,F06,21.4,61.8,94.2,71.1,100,False,No_Anomaly
S009,Machine Learning,F03,24.1,64.9,78.5,75.1,100,False,No_Anomaly
S009,Computer Networks,F04,24.1,64.9,78.5,67.4,100,False,No_Anomaly
S009,Compiler Design,F07,24.1,64.9,78.5,72.8,100,False,No_Anomaly
S009,Software Engineering,F04,24.1,64.9,78.5,60.2,100,False,No_Anomaly
S010,Machine Learning,F08,23.7,74.4,86.1,84.1,100,False,No_Anomaly
S010,Computer Networks,F01,23.7,74.4,86.1,77.5,100,False,No_Anomaly
S010,Compiler Design,F05,23.7,74.4,86.1,71.5,100,False,No_Anomaly
S010,Software Engineering,F01,23.7,74.4,86.1,69.9,100,False,No_Anomaly
S011,Machine Learning,F08,20.0,95.7,77.9,84.6,100,False,No_Anomaly
S011,Computer Networks,F03,20.0,95.7,77.9,89.1,100,False,No_Anomaly
S011,Compiler Design,F05,20.0,95.7,77.9,81.2,100,False,No_Anomaly
S011,Software Engineering,F07,20.0,95.7,77.9,77.8,100,False,No_Anomaly
S012,Machine Learning,F06,26.5,60.2,88.2,65.3,100,False,No_Anomaly
S012,Computer Networks,F07,26.5,60.2,88.2,67.2,100,False,No_Anomaly
S012,Compiler Design,F08,26.5,60.2,88.2,82.2,100,False,No_Anomaly
S012,Software Engineering,F05,26.5,60.2,88.2,77.2,100,False,No_Anomaly
S013,Machine Learning,F04,18.7,68.6,73.6,59.1,100,False,No_Anomaly
S013,Computer Networks,F07,18.7,68.6,73.6,56.9,100,False,No_Anomaly
S013,Compiler Design,F03,18.7,68.6,73.6,37.8,100,True,Severe_Undermarking
S013,Software Engineering,F02,18.7,68.6,73.6,71.9,100,False,No_Anomaly
S014,Machine Learning,F04,24.2,77.8,89.4,79.9,100,False,No_Anomaly
S014,Computer Networks,F03,24.2,77.8,89.4,79.1,100,False,No_Anomaly
S014,Compiler Design,F05,24.2,77.8,89.4,78.3,100,False,No_Anomaly
S014,Software Engineering,F03,24.2,77.8,89.4,79.1,100,False,No_Anomaly
S015,Machine Learning,F07,22.5,62.0,84.3,62.0,100,False,No_Anomaly
S015,Computer Networks,F02,22.5,62.0,84.3,57.0,100,False,No_Anomaly
S015,Compiler Design,F01,22.5,62.0,84.3,71.4,100,False,No_Anomaly
S015,Software Engineering,F04,22.5,62.0,84.3,66.5,100,False,No_Anomaly
S016,Machine Learning,F08,22.9,72.6,90.7,72.7,100,False,No_Anomaly
S016,Computer Networks,F05,22.9,72.6,90.7,75.8,100,False,No_Anomaly
S016,Compiler Design,F03,22.9,72.6,90.7,71.7,100,False,No_Anomaly
S016,Software Engineering,F02,22.9,72.6,90.7,82.1,100,False,No_Anomaly
S017,Machine Learning,F05,23.2,78.1,82.7,80.0,100,False,No_Anomaly
S017,Computer Networks,F07,23.2,78.1,82.7,74.8,100,False,No_Anomaly
S017,Compiler Design,F08,23.2,78.1,82.7,83.2,100,False,No_Anomaly
S017,Software Engineering,F06,23.2,78.1,82.7,73.8,100,False,No_Anomaly
S018,Machine Learning,F04,20.7,77.6,67.4,75.4,100,False,No_Anomaly
S018,Computer Networks,F02,20.7,77.6,67.4,67.3,100,False,No_Anomaly
S018,Compiler Design,F08,20.7,77.6,67.4,77.7,100,False,No_Anomaly
S018,Software Engineering,F07,20.7,77.6,67.4,65.9,100,False,No_Anomaly
S019,Machine Learning,F02,20.9,64.4,75.6,75.6,100,False,No_Anomaly
S019,Computer Networks,F03,20.9,64.4,75.6,69.0,100,False,No_Anomaly
S019,Compiler Design,F05,20.9,64.4,75.6,64.7,100,False,No_Anomaly
S019,Software Engineering,F06,20.9,64.4,75.6,62.3,100,False,No_Anomaly
S020,Machine Learning,F03,25.9,87.9,73.3,83.8,100,False,No_Anomaly
S020,Computer Networks,F04,25.9,87.9,73.3,89.3,100,False,No_Anomaly
S020,Compiler Design,F06,25.9,87.9,73.3,82.8,100,False,No_Anomaly
S020,Software Engineering,F08,25.9,87.9,73.3,89.0,100,False,No_Anomaly
S021,Machine Learning,F06,22.7,49.8,78.7,66.7,100,False,No_Anomaly
S021,Computer Networks,F04,22.7,49.8,78.7,56.0,100,False,No_Anomaly
S021,Compiler Design,F04,22.7,49.8,78.7,61.7,100,False,No_Anomaly
S021,Software Engineering,F02,22.7,49.8,78.7,41.5,100,True,Severe_Undermarking
S022,Machine Learning,F05,25.2,77.0,89.1,79.8,100,False,No_Anomaly
S022,Computer Networks,F02,25.2,77.0,89.1,76.2,100,False,No_Anomaly
S022,Compiler Design,F03,25.2,77.0,89.1,82.3,100,False,No_Anomaly
S022,Software Engineering,F02,25.2,77.0,89.1,69.5,100,False,No_Anomaly
S023,Machine Learning,F07,25.4,65.8,77.4,70.4,100,False,No_Anomaly
S023,Computer Networks,F06,25.4,65.8,77.4,78.5,100,False,No_Anomaly
S023,Compiler Design,F05,25.4,65.8,77.4,64.5,100,False,No_Anomaly
S023,Software Engineering,F03,25.4,65.8,77.4,70.4,100,False,No_Anomaly
S024,Machine Learning,F02,17.5,67.7,69.2,72.4,100,False,No_Anomaly
S024,Computer Networks,F08,17.5,67.7,69.2,67.8,100,False,No_Anomaly
S024,Compiler Design,F08,17.5,67.7,69.2,70.1,100,False,No_Anomaly
S024,Software Engineering,F05,17.5,67.7,69.2,75.1,100,False,No_Anomaly
S025,Machine Learning,F06,22.6,59.0,87.0,69.4,100,False,No_Anomaly
S025,Computer Networks,F05,22.6,59.0,87.0,60.5,100,False,No_Anomaly
S025,Compiler Design,F07,22.6,59.0,87.0,64.0,100,False,No_Anomaly
S025,Software Engineering,F01,22.6,59.0,87.0,68.5,100,False,No_Anomaly
S026,Machine Learning,F02,22.6,78.3,77.7,54.7,100,True,Severe_Undermarking
S026,Computer Networks,F07,22.6,78.3,77.7,75.8,100,False,No_Anomaly
S026,Compiler Design,F04,22.6,78.3,77.7,54.7,100,True,Severe_Undermarking
S026,Software Engineering,F05,22.6,78.3,77.7,79.5,100,False,No_Anomaly
S027,Machine Learning,F08,23.8,77.5,78.9,75.0,100,False,No_Anomaly
S027,Computer Networks,F08,23.8,77.5,78.9,80.7,100,False,No_Anomaly
S027,Compiler Design,F08,23.8,77.5,78.9,48.0,100,True,Severe_Undermarking
S027,Software Engineering,F03,23.8,77.5,78.9,68.5,100,False,No_Anomaly
S028,Machine Learning,F02,20.5,62.1,78.4,58.1,100,False,No_Anomaly
S028,Computer Networks,F05,20.5,62.1,78.4,66.6,100,False,No_Anomaly
S028,Compiler Design,F06,20.5,62.1,78.4,64.6,100,False,No_Anomaly
S028,Software Engineering,F02,20.5,62.1,78.4,63.8,100,False,No_Anomaly
S029,Machine Learning,F05,20.1,55.6,86.9,100.0,100,True,Severe_Overmarking
S029,Computer Networks,F05,20.1,55.6,86.9,68.9,100,False,No_Anomaly
S029,Compiler Design,F08,20.1,55.6,86.9,63.6,100,False,No_Anomaly
S029,Software Engineering,F07,20.1,55.6,86.9,66.8,100,False,No_Anomaly
S030,Machine Learning,F01,23.8,70.1,86.8,80.4,100,False,No_Anomaly
S030,Computer Networks,F06,23.8,70.1,86.8,80.0,100,False,No_Anomaly
S030,Compiler Design,F06,23.8,70.1,86.8,76.4,100,False,No_Anomaly
S030,Software Engineering,F08,23.8,70.1,86.8,80.3,100,False,No_Anomaly
S031,Machine Learning,F08,20.3,78.0,81.0,72.8,100,False,No_Anomaly
S031,Computer Networks,F05,20.3,78.0,81.0,84.2,100,False,No_Anomaly
S031,Compiler Design,F06,20.3,78.0,81.0,70.9,100,False,No_Anomaly
S031,Software Engineering,F04,20.3,78.0,81.0,68.2,100,False,No_Anomaly
S032,Machine Learning,F08,16.2,69.0,65.1,56.3,100,False,No_Anomaly
S032,Computer Networks,F07,16.2,69.0,65.1,70.9,100,False,No_Anomaly
S032,Compiler Design,F03,16.2,69.0,65.1,56.9,100,False,No_Anomaly
S032,Software Engineering,F06,16.2,69.0,65.1,68.3,100,False,No_Anomaly
S033,Machine Learning,F05,23.6,54.1,72.0,64.3,100,False,No_Anomaly
S033,Computer Networks,F06,23.6,54.1,72.0,64.0,100,False,No_Anomaly
S033,Compiler Design,F04,23.6,54.1,72.0,66.0,100,False,No_Anomaly
S033,Software Engineering,F02,23.6,54.1,72.0,62.9,100,False,No_Anomaly
S034,Machine Learning,F04,27.2,59.1,78.2,79.5,100,False,No_Anomaly
S034,Computer Networks,F03,27.2,59.1,78.2,72.5,100,False,No_Anomaly
S034,Compiler Design,F06,27.2,59.1,78.2,73.1,100,False,No_Anomaly
S034,Software Engineering,F01,27.2,59.1,78.2,44.0,100,True,Severe_Undermarking
S035,Machine Learning,F07,18.3,65.7,89.4,59.2,100,False,No_Anomaly
S035,Computer Networks,F03,18.3,65.7,89.4,72.3,100,False,No_Anomaly
S035,Compiler Design,F02,18.3,65.7,89.4,69.5,100,False,No_Anomaly
S035,Software Engineering,F07,18.3,65.7,89.4,41.1,100,True,Severe_Undermarking
S036,Machine Learning,F04,20.6,67.5,72.5,61.2,100,False,No_Anomaly
S036,Computer Networks,F02,20.6,67.5,72.5,72.1,100,False,No_Anomaly
S036,Compiler Design,F01,20.6,67.5,72.5,76.9,100,False,No_Anomaly
S036,Software Engineering,F01,20.6,67.5,72.5,69.0,100,False,No_Anomaly
S037,Machine Learning,F02,23.7,80.1,64.7,76.6,100,False,No_Anomaly
S037,Computer Networks,F08,23.7,80.1,64.7,76.5,100,False,No_Anomaly
S037,Compiler Design,F08,23.7,80.1,64.7,78.4,100,False,No_Anomaly
S037,Software Engineering,F07,23.7,80.1,64.7,78.9,100,False,No_Anomaly
S038,Machine Learning,F04,16.2,72.9,76.1,66.1,100,False,No_Anomaly
S038,Computer Networks,F05,16.2,72.9,76.1,75.1,100,False,No_Anomaly
S038,Compiler Design,F02,16.2,72.9,76.1,71.4,100,False,No_Anomaly
S038,Software Engineering,F03,16.2,72.9,76.1,62.0,100,False,No_Anomaly
S039,Machine Learning,F06,22.9,70.9,76.7,76.3,100,False,No_Anomaly
S039,Computer Networks,F04,22.9,70.9,76.7,66.8,100,False,No_Anomaly
S039,Compiler Design,F03,22.9,70.9,76.7,78.4,100,False,No_Anomaly
S039,Software Engineering,F08,22.9,70.9,76.7,69.9,100,False,No_Anomaly
S040,Machine Learning,F08,21.0,70.3,98.0,84.2,100,False,No_Anomaly
S040,Computer Networks,F01,21.0,70.3,98.0,74.6,100,False,No_Anomaly
S040,Compiler Design,F05,21.0,70.3,98.0,80.4,100,False,No_Anomaly
S040,Software Engineering,F03,21.0,70.3,98.0,65.7,100,False,No_Anomaly
S041,Machine Learning,F01,22.9,57.7,83.8,62.4,100,False,No_Anomaly
S041,Computer Networks,F04,22.9,57.7,83.8,61.5,100,False,No_Anomaly
S041,Compiler Design,F04,22.9,57.7,83.8,62.3,100,False,No_Anomaly
S041,Software Engineering,F05,22.9,57.7,83.8,71.0,100,False,No_Anomaly
S042,Machine Learning,F08,23.4,86.3,90.4,86.3,100,False,No_Anomaly
S042,Computer Networks,F06,23.4,86.3,90.4,87.6,100,False,No_Anomaly
S042,Compiler Design,F07,23.4,86.3,90.4,85.4,100,False,No_Anomaly
S042,Software Engineering,F04,23.4,86.3,90.4,84.9,100,False,No_Anomaly
S043,Machine Learning,F01,19.4,87.6,70.1,79.9,100,False,No_Anomaly
S043,Computer Networks,F06,19.4,87.6,70.1,72.5,100,False,No_Anomaly
S043,Compiler Design,F07,19.4,87.6,70.1,100.0,100,True,Severe_Overmarking
S043,Software Engineering,F04,19.4,87.6,70.1,74.7,100,False,No_Anomaly
S044,Machine Learning,F02,16.5,58.9,78.1,64.9,100,False,No_Anomaly
S044,Computer Networks,F03,16.5,58.9,78.1,59.9,100,False,No_Anomaly
S044,Compiler Design,F03,16.5,58.9,78.1,75.1,100,False,No_Anomaly
S044,Software Engineering,F05,16.5,58.9,78.1,70.6,100,False,No_Anomaly
S045,Machine Learning,F06,16.1,77.6,79.8,72.6,100,False,No_Anomaly
S045,Computer Networks,F08,16.1,77.6,79.8,73.3,100,False,No_Anomaly
S045,Compiler Design,F02,16.1,77.6,79.8,69.8,100,False,No_Anomaly
S045,Software Engineering,F07,16.1,77.6,79.8,72.4,100,False,No_Anomaly
S046,Machine Learning,F03,25.4,57.8,85.1,76.1,100,False,No_Anomaly
S046,Computer Networks,F01,25.4,57.8,85.1,71.0,100,False,No_Anomaly
S046,Compiler Design,F04,25.4,57.8,85.1,70.5,100,False,No_Anomaly
S046,Software Engineering,F01,25.4,57.8,85.1,67.4,100,False,No_Anomaly
S047,Machine Learning,F04,23.7,94.0,100.0,82.9,100,False,No_Anomaly
S047,Computer Networks,F04,23.7,94.0,100.0,95.0,100,False,No_Anomaly
S047,Compiler Design,F07,23.7,94.0,100.0,100.0,100,False,No_Anomaly
S047,Software Engineering,F08,23.7,94.0,100.0,86.4,100,False,No_Anomaly
S048,Machine Learning,F06,23.1,58.1,60.7,58.2,100,False,No_Anomaly
S048,Computer Networks,F04,23.1,58.1,60.7,66.0,100,False,No_Anomaly
S048,Compiler Design,F05,23.1,58.1,60.7,76.8,100,False,No_Anomaly
S048,Software Engineering,F01,23.1,58.1,60.7,58.0,100,False,No_Anomaly
S049,Machine Learning,F04,19.6,60.2,77.8,62.5,100,False,No_Anomaly
S049,Computer Networks,F08,19.6,60.2,77.8,71.1,100,False,No_Anomaly
S049,Compiler Design,F04,19.6,60.2,77.8,65.9,100,False,No_Anomaly
S049,Software Engineering,F03,19.6,60.2,77.8,66.9,100,False,No_Anomaly
S050,Machine Learning,F02,22.6,68.3,92.7,71.8,100,False,No_Anomaly
S050,Computer Networks,F03,22.6,68.3,92.7,82.0,100,False,No_Anomaly
S050,Compiler Design,F01,22.6,68.3,92.7,78.5,100,False,No_Anomaly
S050,Software Engineering,F08,22.6,68.3,92.7,81.6,100,False,No_Anomaly
S051,Machine Learning,F01,15.3,68.1,71.6,64.1,100,False,No_Anomaly
S051,Computer Networks,F01,15.3,68.1,71.6,61.4,100,False,No_Anomaly
S051,Compiler Design,F05,15.3,68.1,71.6,66.5,100,False,No_Anomaly
S051,Software Engineering,F06,15.3,68.1,71.6,65.0,100,False,No_Anomaly
S052,Machine Learning,F06,29.1,64.2,81.5,79.6,100,False,No_Anomaly
S052,Computer Networks,F02,29.1,64.2,81.5,67.1,100,False,No_Anomaly
S052,Compiler Design,F03,29.1,64.2,81.5,76.4,100,False,No_Anomaly
S052,Software Engineering,F02,29.1,64.2,81.5,72.2,100,False,No_Anomaly
S053,Machine Learning,F02,20.0,71.6,91.8,75.8,100,False,No_Anomaly
S053,Computer Networks,F06,20.0,71.6,91.8,100.0,100,True,Severe_Overmarking
S053,Compiler Design,F01,20.0,71.6,91.8,73.0,100,False,No_Anomaly
S053,Software Engineering,F02,20.0,71.6,91.8,67.2,100,False,No_Anomaly
S054,Machine Learning,F04,19.1,55.8,72.3,67.1,100,False,No_Anomaly
S054,Computer Networks,F05,19.1,55.8,72.3,64.5,100,False,No_Anomaly
S054,Compiler Design,F08,19.1,55.8,72.3,67.8,100,False,No_Anomaly
S054,Software Engineering,F01,19.1,55.8,72.3,82.0,100,True,Severe_Overmarking
S055,Machine Learning,F01,25.4,95.5,73.8,87.3,100,False,No_Anomaly
S055,Computer Networks,F04,25.4,95.5,73.8,93.3,100,False,No_Anomaly
S055,Compiler Design,F04,25.4,95.5,73.8,86.0,100,False,No_Anomaly
S055,Software Engineering,F04,25.4,95.5,73.8,87.4,100,False,No_Anomaly
S056,Machine Learning,F02,23.5,59.2,91.3,76.2,100,False,No_Anomaly
S056,Computer Networks,F07,23.5,59.2,91.3,74.5,100,False,No_Anomaly
S056,Compiler Design,F08,23.5,59.2,91.3,78.1,100,False,No_Anomaly
S056,Software Engineering,F03,23.5,59.2,91.3,100.0,100,True,Severe_Overmarking
S057,Machine Learning,F01,19.4,68.1,81.6,65.7,100,False,No_Anomaly
S057,Computer Networks,F03,19.4,68.1,81.6,72.7,100,False,No_Anomaly
S057,Compiler Design,F07,19.4,68.1,81.6,71.5,100,False,No_Anomaly
S057,Software Engineering,F03,19.4,68.1,81.6,73.7,100,False,No_Anomaly
S058,Machine Learning,F04,17.1,75.4,77.5,71.5,100,False,No_Anomaly
S058,Computer Networks,F03,17.1,75.4,77.5,78.3,100,False,No_Anomaly
S058,Compiler Design,F05,17.1,75.4,77.5,60.8,100,False,No_Anomaly
S058,Software Engineering,F07,17.1,75.4,77.5,69.7,100,False,No_Anomaly
S059,Machine Learning,F07,28.3,54.7,83.7,60.5,100,False,No_Anomaly
S059,Computer Networks,F05,28.3,54.7,83.7,74.0,100,False,No_Anomaly
S059,Compiler Design,F01,28.3,54.7,83.7,77.9,100,False,No_Anomaly
S059,Software Engineering,F07,28.3,54.7,83.7,100.0,100,True,Severe_Overmarking
S060,Machine Learning,F02,23.1,71.9,80.8,69.2,100,False,No_Anomaly
S060,Computer Networks,F08,23.1,71.9,80.8,79.6,100,False,No_Anomaly
S060,Compiler Design,F06,23.1,71.9,80.8,69.0,100,False,No_Anomaly
S060,Software Engineering,F07,23.1,71.9,80.8,73.5,100,False,No_Anomaly
S061,Machine Learning,F05,20.4,85.7,84.2,77.7,100,False,No_Anomaly
S061,Computer Networks,F08,20.4,85.7,84.2,93.4,100,False,No_Anomaly
S061,Compiler Design,F04,20.4,85.7,84.2,73.7,100,False,No_Anomaly
S061,Software Engineering,F02,20.4,85.7,84.2,75.3,100,False,No_Anomaly
S062,Machine Learning,F07,28.1,83.3,86.3,69.7,100,False,No_Anomaly
S062,Computer Networks,F01,28.1,83.3,86.3,84.8,100,False,No_Anomaly
S062,Compiler Design,F01,28.1,83.3,86.3,78.1,100,False,No_Anomaly
S062,Software Engineering,F07,28.1,83.3,86.3,79.6,100,False,No_Anomaly
S063,Machine Learning,F02,16.5,72.2,69.8,65.9,100,False,No_Anomaly
S063,Computer Networks,F06,16.5,72.2,69.8,59.5,100,False,No_Anomaly
S063,Compiler Design,F03,16.5,72.2,69.8,65.1,100,False,No_Anomaly
S063,Software Engineering,F04,16.5,72.2,69.8,68.6,100,False,No_Anomaly
S064,Machine Learning,F05,21.3,89.8,99.2,83.7,100,False,No_Anomaly
S064,Computer Networks,F06,21.3,89.8,99.2,81.1,100,False,No_Anomaly
S064,Compiler Design,F01,21.3,89.8,99.2,72.9,100,False,No_Anomaly
S064,Software Engineering,F03,21.3,89.8,99.2,93.2,100,False,No_Anomaly
S065,Machine Learning,F01,17.6,65.4,96.6,78.1,100,False,No_Anomaly
S065,Computer Networks,F06,17.6,65.4,96.6,73.0,100,False,No_Anomaly
S065,Compiler Design,F01,17.6,65.4,96.6,77.9,100,False,No_Anomaly
S065,Software Engineering,F06,17.6,65.4,96.6,76.2,100,False,No_Anomaly
S066,Machine Learning,F08,20.4,59.3,88.4,78.5,100,False,No_Anomaly
S066,Computer Networks,F08,20.4,59.3,88.4,65.1,100,False,No_Anomaly
S066,Compiler Design,F07,20.4,59.3,88.4,59.7,100,False,No_Anomaly
S066,Software Engineering,F07,20.4,59.3,88.4,65.5,100,False,No_Anomaly
S067,Machine Learning,F06,23.4,69.9,80.4,77.0,100,False,No_Anomaly
S067,Computer Networks,F05,23.4,69.9,80.4,76.2,100,False,No_Anomaly
S067,Compiler Design,F07,23.4,69.9,80.4,69.0,100,False,No_Anomaly
S067,Software Engineering,F08,23.4,69.9,80.4,71.3,100,False,No_Anomaly
S068,Machine Learning,F07,24.6,86.9,82.9,78.0,100,False,No_Anomaly
S068,Computer Networks,F06,24.6,86.9,82.9,75.4,100,False,No_Anomaly
S068,Compiler Design,F03,24.6,86.9,82.9,79.7,100,False,No_Anomaly
S068,Software Engineering,F02,24.6,86.9,82.9,87.4,100,False,No_Anomaly
S069,Machine Learning,F07,18.6,45.4,81.5,53.7,100,False,No_Anomaly
S069,Computer Networks,F06,18.6,45.4,81.5,55.2,100,False,No_Anomaly
S069,Compiler Design,F05,18.6,45.4,81.5,93.8,100,True,Severe_Overmarking
S069,Software Engineering,F08,18.6,45.4,81.5,87.0,100,True,Severe_Overmarking
S070,Machine Learning,F03,20.7,55.4,73.2,72.4,100,False,No_Anomaly
S070,Computer Networks,F05,20.7,55.4,73.2,66.0,100,False,No_Anomaly
S070,Compiler Design,F04,20.7,55.4,73.2,59.6,100,False,No_Anomaly
S070,Software Engineering,F02,20.7,55.4,73.2,63.0,100,False,No_Anomaly
S071,Machine Learning,F03,22.1,81.0,68.7,80.4,100,False,No_Anomaly
S071,Computer Networks,F03,22.1,81.0,68.7,79.8,100,False,No_Anomaly
S071,Compiler Design,F05,22.1,81.0,68.7,80.6,100,False,No_Anomaly
S071,Software Engineering,F06,22.1,81.0,68.7,72.4,100,False,No_Anomaly
S072,Machine Learning,F04,26.0,64.2,78.7,73.6,100,False,No_Anomaly
S072,Computer Networks,F06,26.0,64.2,78.7,80.5,100,False,No_Anomaly
S072,Compiler Design,F02,26.0,64.2,78.7,80.0,100,False,No_Anomaly
S072,Software Engineering,F05,26.0,64.2,78.7,74.7,100,False,No_Anomaly
S073,Machine Learning,F03,21.4,76.5,95.4,79.5,100,False,No_Anomaly
S073,Computer Networks,F01,21.4,76.5,95.4,76.5,100,False,No_Anomaly
S073,Compiler Design,F01,21.4,76.5,95.4,79.3,100,False,No_Anomaly
S073,Software Engineering,F04,21.4,76.5,95.4,73.8,100,False,No_Anomaly
S074,Machine Learning,F03,23.0,61.6,79.8,73.8,100,False,No_Anomaly
S074,Computer Networks,F04,23.0,61.6,79.8,72.5,100,False,No_Anomaly
S074,Compiler Design,F04,23.0,61.6,79.8,78.7,100,False,No_Anomaly
S074,Software Engineering,F01,23.0,61.6,79.8,61.9,100,False,No_Anomaly
S075,Machine Learning,F08,22.4,72.1,71.2,73.6,100,False,No_Anomaly
S075,Computer Networks,F07,22.4,72.1,71.2,71.9,100,False,No_Anomaly
S075,Compiler Design,F05,22.4,72.1,71.2,74.9,100,False,No_Anomaly
S075,Software Engineering,F07,22.4,72.1,71.2,76.4,100,False,No_Anomaly
S076,Machine Learning,F02,29.5,72.7,100.0,73.6,100,False,No_Anomaly
S076,Computer Networks,F04,29.5,72.7,100.0,88.3,100,False,No_Anomaly
S076,Compiler Design,F07,29.5,72.7,100.0,83.1,100,False,No_Anomaly
S076,Software Engineering,F08,29.5,72.7,100.0,90.9,100,False,No_Anomaly
S077,Machine Learning,F04,16.1,59.8,79.1,62.5,100,False,No_Anomaly
S077,Computer Networks,F02,16.1,59.8,79.1,66.5,100,False,No_Anomaly
S077,Compiler Design,F03,16.1,59.8,79.1,67.5,100,False,No_Anomaly
S077,Software Engineering,F06,16.1,59.8,79.1,67.2,100,False,No_Anomaly
S078,Machine Learning,F04,26.8,62.9,85.2,79.2,100,False,No_Anomaly
S078,Computer Networks,F06,26.8,62.9,85.2,78.3,100,False,No_Anomaly
S078,Compiler Design,F03,26.8,62.9,85.2,76.6,100,False,No_Anomaly
S078,Software Engineering,F07,26.8,62.9,85.2,66.0,100,False,No_Anomaly
S079,Machine Learning,F05,13.4,61.3,75.5,53.4,100,False,No_Anomaly
S079,Computer Networks,F01,13.4,61.3,75.5,58.4,100,False,No_Anomaly
S079,Compiler Design,F03,13.4,61.3,75.5,66.5,100,False,No_Anomaly
S079,Software Engineering,F05,13.4,61.3,75.5,60.8,100,False,No_Anomaly
S080,Machine Learning,F05,19.9,68.0,71.4,67.9,100,False,No_Anomaly
S080,Computer Networks,F07,19.9,68.0,71.4,73.9,100,False,No_Anomaly
S080,Compiler Design,F02,19.9,68.0,71.4,61.6,100,False,No_Anomaly
S080,Software Engineering,F03,19.9,68.0,71.4,75.2,100,False,No_Anomaly
S081,Machine Learning,F02,15.0,59.5,81.1,59.8,100,False,No_Anomaly
S081,Computer Networks,F02,15.0,59.5,81.1,58.1,100,False,No_Anomaly
S081,Compiler Design,F01,15.0,59.5,81.1,56.9,100,False,No_Anomaly
S081,Software Engineering,F04,15.0,59.5,81.1,69.6,100,False,No_Anomaly
S082,Machine Learning,F05,16.9,52.4,100.0,63.3,100,False,No_Anomaly
S082,Computer Networks,F06,16.9,52.4,100.0,71.2,100,False,No_Anomaly
S082,Compiler Design,F03,16.9,52.4,100.0,66.5,100,False,No_Anomaly
S082,Software Engineering,F05,16.9,52.4,100.0,68.8,100,False,No_Anomaly
S083,Machine Learning,F06,30.0,56.8,100.0,70.1,100,False,No_Anomaly
S083,Computer Networks,F04,30.0,56.8,100.0,74.7,100,False,No_Anomaly
S083,Compiler Design,F08,30.0,56.8,100.0,81.5,100,False,No_Anomaly
S083,Software Engineering,F01,30.0,56.8,100.0,79.6,100,False,No_Anomaly
S084,Machine Learning,F01,23.4,55.9,78.3,71.1,100,False,No_Anomaly
S084,Computer Networks,F05,23.4,55.9,78.3,75.8,100,False,No_Anomaly
S084,Compiler Design,F07,23.4,55.9,78.3,56.3,100,False,No_Anomaly
S084,Software Engineering,F03,23.4,55.9,78.3,65.7,100,False,No_Anomaly
S085,Machine Learning,F01,21.0,90.7,72.1,73.6,100,False,No_Anomaly
S085,Computer Networks,F06,21.0,90.7,72.1,86.4,100,False,No_Anomaly
S085,Compiler Design,F05,21.0,90.7,72.1,83.8,100,False,No_Anomaly
S085,Software Engineering,F06,21.0,90.7,72.1,74.9,100,False,No_Anomaly
S086,Machine Learning,F05,20.5,79.3,86.3,78.3,100,False,No_Anomaly
S086,Computer Networks,F08,20.5,79.3,86.3,77.3,100,False,No_Anomaly
S086,Compiler Design,F02,20.5,79.3,86.3,75.2,100,False,No_Anomaly
S086,Software Engineering,F08,20.5,79.3,86.3,78.3,100,False,No_Anomaly
S087,Machine Learning,F05,21.0,68.4,68.3,66.3,100,False,No_Anomaly
S087,Computer Networks,F02,21.0,68.4,68.3,59.3,100,False,No_Anomaly
S087,Compiler Design,F02,21.0,68.4,68.3,62.1,100,False,No_Anomaly
S087,Software Engineering,F06,21.0,68.4,68.3,64.1,100,False,No_Anomaly
S088,Machine Learning,F02,19.8,66.8,84.3,67.5,100,False,No_Anomaly
S088,Computer Networks,F08,19.8,66.8,84.3,66.4,100,False,No_Anomaly
S088,Compiler Design,F03,19.8,66.8,84.3,68.3,100,False,No_Anomaly
S088,Software Engineering,F08,19.8,66.8,84.3,61.9,100,False,No_Anomaly
S089,Machine Learning,F05,22.6,75.7,92.1,100.0,100,True,Severe_Overmarking
S089,Computer Networks,F02,22.6,75.7,92.1,74.7,100,False,No_Anomaly
S089,Compiler Design,F06,22.6,75.7,92.1,83.8,100,False,No_Anomaly
S089,Software Engineering,F01,22.6,75.7,92.1,82.3,100,False,No_Anomaly
S090,Machine Learning,F08,22.0,74.2,82.5,67.6,100,False,No_Anomaly
S090,Computer Networks,F01,22.0,74.2,82.5,71.3,100,False,No_Anomaly
S090,Compiler Design,F04,22.0,74.2,82.5,79.8,100,False,No_Anomaly
S090,Software Engineering,F02,22.0,74.2,82.5,72.5,100,False,No_Anomaly
S091,Machine Learning,F07,21.6,61.3,85.2,42.8,100,True,Severe_Undermarking
S091,Computer Networks,F07,21.6,61.3,85.2,73.3,100,False,No_Anomaly
S091,Compiler Design,F03,21.6,61.3,85.2,73.4,100,False,No_Anomaly
S091,Software Engineering,F05,21.6,61.3,85.2,71.4,100,False,No_Anomaly
S092,Machine Learning,F03,23.5,95.1,97.7,90.6,100,False,No_Anomaly
S092,Computer Networks,F07,23.5,95.1,97.7,91.0,100,False,No_Anomaly
S092,Compiler Design,F01,23.5,95.1,97.7,88.1,100,False,No_Anomaly
S092,Software Engineering,F04,23.5,95.1,97.7,86.1,100,False,No_Anomaly
S093,Machine Learning,F07,26.8,60.8,70.9,40.8,100,True,Severe_Undermarking
S093,Computer Networks,F08,26.8,60.8,70.9,65.2,100,False,No_Anomaly
S093,Compiler Design,F04,26.8,60.8,70.9,67.5,100,False,No_Anomaly
S093,Software Engineering,F05,26.8,60.8,70.9,65.1,100,False,No_Anomaly
S094,Machine Learning,F01,15.0,73.2,86.8,74.6,100,False,No_Anomaly
S094,Computer Networks,F04,15.0,73.2,86.8,64.2,100,False,No_Anomaly
S094,Compiler Design,F01,15.0,73.2,86.8,78.9,100,False,No_Anomaly
S094,Software Engineering,F06,15.0,73.2,86.8,67.2,100,False,No_Anomaly
S095,Machine Learning,F05,17.6,81.1,86.5,73.3,100,False,No_Anomaly
S095,Computer Networks,F01,17.6,81.1,86.5,77.1,100,False,No_Anomaly
S095,Compiler Design,F04,17.6,81.1,86.5,73.7,100,False,No_Anomaly
S095,Software Engineering,F05,17.6,81.1,86.5,74.7,100,False,No_Anomaly
S096,Machine Learning,F01,22.2,64.3,84.6,67.8,100,False,No_Anomaly
S096,Computer Networks,F01,22.2,64.3,84.6,78.4,100,False,No_Anomaly
S096,Compiler Design,F04,22.2,64.3,84.6,66.4,100,False,No_Anomaly
S096,Software Engineering,F05,22.2,64.3,84.6,71.8,100,False,No_Anomaly
S097,Machine Learning,F01,21.0,66.5,81.0,72.6,100,False,No_Anomaly
S097,Computer Networks,F04,21.0,66.5,81.0,62.5,100,False,No_Anomaly
S097,Compiler Design,F03,21.0,66.5,81.0,73.2,100,False,No_Anomaly
S097,Software Engineering,F07,21.0,66.5,81.0,61.7,100,False,No_Anomaly
S098,Machine Learning,F04,11.7,71.8,96.7,56.3,100,False,No_Anomaly
S098,Computer Networks,F02,11.7,71.8,96.7,67.7,100,False,No_Anomaly
S098,Compiler Design,F07,11.7,71.8,96.7,69.9,100,False,No_Anomaly
S098,Software Engineering,F06,11.7,71.8,96.7,71.2,100,False,No_Anomaly
S099,Machine Learning,F08,23.2,67.2,83.8,72.4,100,False,No_Anomaly
S099,Computer Networks,F06,23.2,67.2,83.8,69.9,100,False,No_Anomaly
S099,Compiler Design,F02,23.2,67.2,83.8,75.3,100,False,No_Anomaly
S099,Software Engineering,F08,23.2,67.2,83.8,72.2,100,False,No_Anomaly
S100,Machine Learning,F05,23.3,65.5,64.4,68.9,100,False,No_Anomaly
S100,Computer Networks,F03,23.3,65.5,64.4,70.8,100,False,No_Anomaly
S100,Compiler Design,F02,23.3,65.5,64.4,64.8,100,False,No_Anomaly
S100,Software Engineering,F05,23.3,65.5,64.4,70.8,100,False,No_Anomaly
S101,Machine Learning,F08,25.5,90.7,66.7,93.8,100,False,No_Anomaly
S101,Computer Networks,F04,25.5,90.7,66.7,81.9,100,False,No_Anomaly
S101,Compiler Design,F01,25.5,90.7,66.7,78.5,100,False,No_Anomaly
S101,Software Engineering,F08,25.5,90.7,66.7,76.9,100,False,No_Anomaly
S102,Machine Learning,F05,17.8,66.1,81.4,73.6,100,False,No_Anomaly
S102,Computer Networks,F05,17.8,66.1,81.4,55.6,100,False,No_Anomaly
S102,Compiler Design,F07,17.8,66.1,81.4,64.0,100,False,No_Anomaly
S102,Software Engineering,F05,17.8,66.1,81.4,71.0,100,False,No_Anomaly
S103,Machine Learning,F01,24.3,66.0,95.0,77.0,100,False,No_Anomaly
S103,Computer Networks,F05,24.3,66.0,95.0,84.4,100,False,No_Anomaly
S103,Compiler Design,F03,24.3,66.0,95.0,76.1,100,False,No_Anomaly
S103,Software Engineering,F05,24.3,66.0,95.0,79.8,100,False,No_Anomaly
S104,Machine Learning,F04,23.8,90.8,93.8,95.4,100,False,No_Anomaly
S104,Computer Networks,F06,23.8,90.8,93.8,83.0,100,False,No_Anomaly
S104,Compiler Design,F04,23.8,90.8,93.8,91.2,100,False,No_Anomaly
S104,Software Engineering,F06,23.8,90.8,93.8,91.6,100,False,No_Anomaly
S105,Machine Learning,F05,25.3,90.9,86.4,85.3,100,False,No_Anomaly
S105,Computer Networks,F04,25.3,90.9,86.4,84.0,100,False,No_Anomaly
S105,Compiler Design,F04,25.3,90.9,86.4,86.7,100,False,No_Anomaly
S105,Software Engineering,F07,25.3,90.9,86.4,76.9,100,False,No_Anomaly
S106,Machine Learning,F06,19.2,66.4,82.7,71.6,100,False,No_Anomaly
S106,Computer Networks,F05,19.2,66.4,82.7,75.7,100,False,No_Anomaly
S106,Compiler Design,F03,19.2,66.4,82.7,82.3,100,False,No_Anomaly
S106,Software Engineering,F08,19.2,66.4,82.7,81.1,100,False,No_Anomaly
S107,Machine Learning,F04,25.1,81.9,70.2,83.8,100,False,No_Anomaly
S107,Computer Networks,F05,25.1,81.9,70.2,78.2,100,False,No_Anomaly
S107,Compiler Design,F06,25.1,81.9,70.2,82.5,100,False,No_Anomaly
S107,Software Engineering,F02,25.1,81.9,70.2,76.9,100,False,No_Anomaly
S108,Machine Learning,F02,25.0,67.7,93.7,80.1,100,False,No_Anomaly
S108,Computer Networks,F04,25.0,67.7,93.7,78.8,100,False,No_Anomaly
S108,Compiler Design,F04,25.0,67.7,93.7,65.4,100,False,No_Anomaly
S108,Software Engineering,F02,25.0,67.7,93.7,71.5,100,False,No_Anomaly
S109,Machine Learning,F04,15.7,91.8,89.3,81.9,100,False,No_Anomaly
S109,Computer Networks,F01,15.7,91.8,89.3,79.0,100,False,No_Anomaly
S109,Compiler Design,F08,15.7,91.8,89.3,81.1,100,False,No_Anomaly
S109,Software Engineering,F01,15.7,91.8,89.3,78.9,100,False,No_Anomaly
S110,Machine Learning,F08,19.9,69.2,70.3,76.0,100,False,No_Anomaly
S110,Computer Networks,F02,19.9,69.2,70.3,67.4,100,False,No_Anomaly
S110,Compiler Design,F02,19.9,69.2,70.3,69.8,100,False,No_Anomaly
S110,Software Engineering,F07,19.9,69.2,70.3,61.9,100,False,No_Anomaly
S111,Machine Learning,F04,19.2,88.1,88.4,77.0,100,False,No_Anomaly
S111,Computer Networks,F01,19.2,88.1,88.4,49.1,100,True,Severe_Undermarking
S111,Compiler Design,F05,19.2,88.1,88.4,85.2,100,False,No_Anomaly
S111,Software Engineering,F07,19.2,88.1,88.4,78.6,100,False,No_Anomaly
S112,Machine Learning,F04,17.1,57.8,82.3,66.3,100,False,No_Anomaly
S112,Computer Networks,F08,17.1,57.8,82.3,67.3,100,False,No_Anomaly
S112,Compiler Design,F03,17.1,57.8,82.3,56.1,100,False,No_Anomaly
S112,Software Engineering,F02,17.1,57.8,82.3,60.2,100,False,No_Anomaly
S113,Machine Learning,F01,26.6,61.9,85.1,71.3,100,False,No_Anomaly
S113,Computer Networks,F01,26.6,61.9,85.1,68.6,100,False,No_Anomaly
S113,Compiler Design,F01,26.6,61.9,85.1,71.7,100,False,No_Anomaly
S113,Software Engineering,F06,26.6,61.9,85.1,82.5,100,False,No_Anomaly
S114,Machine Learning,F03,23.2,77.3,59.1,83.5,100,False,No_Anomaly
S114,Computer Networks,F08,23.2,77.3,59.1,70.5,100,False,No_Anomaly
S114,Compiler Design,F06,23.2,77.3,59.1,73.1,100,False,No_Anomaly
S114,Software Engineering,F03,23.2,77.3,59.1,67.6,100,False,No_Anomaly
S115,Machine Learning,F01,28.5,70.9,86.1,88.9,100,False,No_Anomaly
S115,Computer Networks,F01,28.5,70.9,86.1,83.8,100,False,No_Anomaly
S115,Compiler Design,F05,28.5,70.9,86.1,75.0,100,False,No_Anomaly
S115,Software Engineering,F01,28.5,70.9,86.1,83.5,100,False,No_Anomaly
S116,Machine Learning,F05,24.4,45.2,76.1,65.1,100,False,No_Anomaly
S116,Computer Networks,F02,24.4,45.2,76.1,62.2,100,False,No_Anomaly
S116,Compiler Design,F07,24.4,45.2,76.1,56.8,100,False,No_Anomaly
S116,Software Engineering,F04,24.4,45.2,76.1,67.3,100,False,No_Anomaly
S117,Machine Learning,F08,23.5,51.0,96.8,70.5,100,False,No_Anomaly
S117,Computer Networks,F07,23.5,51.0,96.8,64.1,100,False,No_Anomaly
S117,Compiler Design,F01,23.5,51.0,96.8,73.4,100,False,No_Anomaly
S117,Software Engineering,F03,23.5,51.0,96.8,72.5,100,False,No_Anomaly
S118,Machine Learning,F08,25.3,80.2,76.3,80.1,100,False,No_Anomaly
S118,Computer Networks,F06,25.3,80.2,76.3,92.2,100,False,No_Anomaly
S118,Compiler Design,F03,25.3,80.2,76.3,79.6,100,False,No_Anomaly
S118,Software Engineering,F01,25.3,80.2,76.3,83.3,100,False,No_Anomaly
S119,Machine Learning,F06,22.9,82.8,84.3,76.4,100,False,No_Anomaly
S119,Computer Networks,F08,22.9,82.8,84.3,85.6,100,False,No_Anomaly
S119,Compiler Design,F03,22.9,82.8,84.3,85.1,100,False,No_Anomaly
S119,Software Engineering,F07,22.9,82.8,84.3,78.8,100,False,No_Anomaly
S120,Machine Learning,F06,21.4,73.2,73.4,64.2,100,False,No_Anomaly
S120,Computer Networks,F01,21.4,73.2,73.4,76.4,100,False,No_Anomaly
S120,Compiler Design,F02,21.4,73.2,73.4,68.1,100,False,No_Anomaly
S120,Software Engineering,F06,21.4,73.2,73.4,67.2,100,False,No_Anomaly
S121,Machine Learning,F03,26.0,68.2,85.8,82.7,100,False,No_Anomaly
S121,Computer Networks,F08,26.0,68.2,85.8,82.5,100,False,No_Anomaly
S121,Compiler Design,F05,26.0,68.2,85.8,77.9,100,False,No_Anomaly
S121,Software Engineering,F07,26.0,68.2,85.8,55.4,100,True,Severe_Undermarking
S122,Machine Learning,F03,27.9,57.3,80.7,72.9,100,False,No_Anomaly
S122,Computer Networks,F02,27.9,57.3,80.7,74.4,100,False,No_Anomaly
S122,Compiler Design,F04,27.9,57.3,80.7,76.2,100,False,No_Anomaly
S122,Software Engineering,F02,27.9,57.3,80.7,71.7,100,False,No_Anomaly
S123,Machine Learning,F04,22.8,61.1,73.8,67.1,100,False,No_Anomaly
S123,Computer Networks,F04,22.8,61.1,73.8,70.3,100,False,No_Anomaly
S123,Compiler Design,F03,22.8,61.1,73.8,76.4,100,False,No_Anomaly
S123,Software Engineering,F01,22.8,61.1,73.8,70.6,100,False,No_Anomaly
S124,Machine Learning,F08,27.3,80.1,82.1,88.4,100,False,No_Anomaly
S124,Computer Networks,F07,27.3,80.1,82.1,55.0,100,True,Severe_Undermarking
S124,Compiler Design,F07,27.3,80.1,82.1,71.8,100,False,No_Anomaly
S124,Software Engineering,F06,27.3,80.1,82.1,88.1,100,False,No_Anomaly
S125,Machine Learning,F05,24.2,80.3,90.4,58.5,100,True,Severe_Undermarking
S125,Computer Networks,F04,24.2,80.3,90.4,78.0,100,False,No_Anomaly
S125,Compiler Design,F03,24.2,80.3,90.4,83.2,100,False,No_Anomaly
S125,Software Engineering,F06,24.2,80.3,90.4,68.0,100,False,No_Anomaly
S126,Machine Learning,F07,14.0,97.9,79.9,71.4,100,False,No_Anomaly
S126,Computer Networks,F08,14.0,97.9,79.9,77.7,100,False,No_Anomaly
S126,Compiler Design,F07,14.0,97.9,79.9,79.6,100,False,No_Anomaly
S126,Software Engineering,F03,14.0,97.9,79.9,88.1,100,False,No_Anomaly
S127,Machine Learning,F03,22.4,89.3,77.4,88.4,100,False,No_Anomaly
S127,Computer Networks,F03,22.4,89.3,77.4,86.6,100,False,No_Anomaly
S127,Compiler Design,F05,22.4,89.3,77.4,81.4,100,False,No_Anomaly
S127,Software Engineering,F03,22.4,89.3,77.4,79.9,100,False,No_Anomaly
S128,Machine Learning,F04,17.0,85.7,66.0,72.0,100,False,No_Anomaly
S128,Computer Networks,F05,17.0,85.7,66.0,85.7,100,False,No_Anomaly
S128,Compiler Design,F01,17.0,85.7,66.0,89.2,100,False,No_Anomaly
S128,Software Engineering,F06,17.0,85.7,66.0,68.5,100,False,No_Anomaly
S129,Machine Learning,F05,23.8,50.8,74.1,69.3,100,False,No_Anomaly
S129,Computer Networks,F08,23.8,50.8,74.1,34.3,100,True,Severe_Undermarking
S129,Compiler Design,F07,23.8,50.8,74.1,54.1,100,False,No_Anomaly
S129,Software Engineering,F08,23.8,50.8,74.1,69.5,100,False,No_Anomaly
S130,Machine Learning,F04,16.3,76.3,84.8,71.7,100,False,No_Anomaly
S130,Computer Networks,F05,16.3,76.3,84.8,73.8,100,False,No_Anomaly
S130,Compiler Design,F06,16.3,76.3,84.8,71.8,100,False,No_Anomaly
S130,Software Engineering,F01,16.3,76.3,84.8,74.1,100,False,No_Anomaly
S131,Machine Learning,F04,20.1,42.3,82.5,61.8,100,False,No_Anomaly
S131,Computer Networks,F05,20.1,42.3,82.5,54.6,100,False,No_Anomaly
S131,Compiler Design,F01,20.1,42.3,82.5,62.1,100,False,No_Anomaly
S131,Software Engineering,F04,20.1,42.3,82.5,60.4,100,False,No_Anomaly
S132,Machine Learning,F06,22.6,75.5,89.0,63.8,100,False,No_Anomaly
S132,Computer Networks,F05,22.6,75.5,89.0,78.0,100,False,No_Anomaly
S132,Compiler Design,F04,22.6,75.5,89.0,65.3,100,False,No_Anomaly
S132,Software Engineering,F03,22.6,75.5,89.0,80.3,100,False,No_Anomaly
S133,Machine Learning,F01,24.1,79.1,84.3,80.8,100,False,No_Anomaly
S133,Computer Networks,F08,24.1,79.1,84.3,72.7,100,False,No_Anomaly
S133,Compiler Design,F07,24.1,79.1,84.3,73.5,100,False,No_Anomaly
S133,Software Engineering,F05,24.1,79.1,84.3,76.5,100,False,No_Anomaly
S134,Machine Learning,F01,22.8,61.5,80.2,79.4,100,False,No_Anomaly
S134,Computer Networks,F01,22.8,61.5,80.2,71.8,100,False,No_Anomaly
S134,Compiler Design,F01,22.8,61.5,80.2,65.9,100,False,No_Anomaly
S134,Software Engineering,F07,22.8,61.5,80.2,61.4,100,False,No_Anomaly
S135,Machine Learning,F07,24.1,79.8,78.1,71.6,100,False,No_Anomaly
S135,Computer Networks,F05,24.1,79.8,78.1,76.7,100,False,No_Anomaly
S135,Compiler Design,F03,24.1,79.8,78.1,84.3,100,False,No_Anomaly
S135,Software Engineering,F05,24.1,79.8,78.1,83.2,100,False,No_Anomaly
S136,Machine Learning,F02,25.3,66.8,80.8,76.1,100,False,No_Anomaly
S136,Computer Networks,F06,25.3,66.8,80.8,72.9,100,False,No_Anomaly
S136,Compiler Design,F05,25.3,66.8,80.8,74.6,100,False,No_Anomaly
S136,Software Engineering,F05,25.3,66.8,80.8,76.9,100,False,No_Anomaly
S137,Machine Learning,F08,16.1,46.1,69.0,57.0,100,False,No_Anomaly
S137,Computer Networks,F04,16.1,46.1,69.0,49.9,100,False,No_Anomaly
S137,Compiler Design,F04,16.1,46.1,69.0,56.9,100,False,No_Anomaly
S137,Software Engineering,F07,16.1,46.1,69.0,44.6,100,False,No_Anomaly
S138,Machine Learning,F04,25.0,42.0,75.2,54.5,100,False,No_Anomaly
S138,Computer Networks,F08,25.0,42.0,75.2,62.8,100,False,No_Anomaly
S138,Compiler Design,F05,25.0,42.0,75.2,65.6,100,False,No_Anomaly
S138,Software Engineering,F07,25.0,42.0,75.2,64.0,100,False,No_Anomaly
S139,Machine Learning,F04,26.4,66.6,84.0,100.0,100,True,Severe_Overmarking
S139,Computer Networks,F01,26.4,66.6,84.0,80.9,100,False,No_Anomaly
S139,Compiler Design,F02,26.4,66.6,84.0,74.3,100,False,No_Anomaly
S139,Software Engineering,F03,26.4,66.6,84.0,77.9,100,False,No_Anomaly
S140,Machine Learning,F08,27.4,85.9,81.3,77.8,100,False,No_Anomaly
S140,Computer Networks,F08,27.4,85.9,81.3,77.4,100,False,No_Anomaly
S140,Compiler Design,F08,27.4,85.9,81.3,78.8,100,False,No_Anomaly
S140,Software Engineering,F03,27.4,85.9,81.3,79.6,100,False,No_Anomaly
S141,Machine Learning,F03,19.6,71.1,73.6,68.2,100,False,No_Anomaly
S141,Computer Networks,F05,19.6,71.1,73.6,76.1,100,False,No_Anomaly
S141,Compiler Design,F05,19.6,71.1,73.6,77.5,100,False,No_Anomaly
S141,Software Engineering,F05,19.6,71.1,73.6,72.7,100,False,No_Anomaly
S142,Machine Learning,F07,20.6,52.2,73.1,53.5,100,False,No_Anomaly
S142,Computer Networks,F05,20.6,52.2,73.1,65.2,100,False,No_Anomaly
S142,Compiler Design,F04,20.6,52.2,73.1,61.0,100,False,No_Anomaly
S142,Software Engineering,F06,20.6,52.2,73.1,66.5,100,False,No_Anomaly
S143,Machine Learning,F04,16.5,79.6,99.2,83.8,100,False,No_Anomaly
S143,Computer Networks,F04,16.5,79.6,99.2,70.7,100,False,No_Anomaly
S143,Compiler Design,F03,16.5,79.6,99.2,73.2,100,False,No_Anomaly
S143,Software Engineering,F05,16.5,79.6,99.2,80.1,100,False,No_Anomaly
S144,Machine Learning,F07,23.9,74.7,71.6,71.9,100,False,No_Anomaly
S144,Computer Networks,F08,23.9,74.7,71.6,75.5,100,False,No_Anomaly
S144,Compiler Design,F02,23.9,74.7,71.6,67.0,100,False,No_Anomaly
S144,Software Engineering,F03,23.9,74.7,71.6,67.1,100,False,No_Anomaly
S145,Machine Learning,F06,25.7,68.4,63.7,72.3,100,False,No_Anomaly
S145,Computer Networks,F03,25.7,68.4,63.7,66.6,100,False,No_Anomaly
S145,Compiler Design,F02,25.7,68.4,63.7,74.0,100,False,No_Anomaly
S145,Software Engineering,F04,25.7,68.4,63.7,70.4,100,False,No_Anomaly
S146,Machine Learning,F06,17.7,62.7,76.7,61.8,100,False,No_Anomaly
S146,Computer Networks,F07,17.7,62.7,76.7,64.5,100,False,No_Anomaly
S146,Compiler Design,F08,17.7,62.7,76.7,70.5,100,False,No_Anomaly
S146,Software Engineering,F03,17.7,62.7,76.7,97.3,100,True,Severe_Overmarking
S147,Machine Learning,F06,21.2,62.1,86.3,71.0,100,False,No_Anomaly
S147,Computer Networks,F02,21.2,62.1,86.3,74.6,100,False,No_Anomaly
S147,Compiler Design,F07,21.2,62.1,86.3,68.4,100,False,No_Anomaly
S147,Software Engineering,F03,21.2,62.1,86.3,75.4,100,False,No_Anomaly
S148,Machine Learning,F08,27.3,73.9,85.6,78.0,100,False,No_Anomaly
S148,Computer Networks,F04,27.3,73.9,85.6,80.3,100,False,No_Anomaly
S148,Compiler Design,F04,27.3,73.9,85.6,89.9,100,False,No_Anomaly
S148,Software Engineering,F02,27.3,73.9,85.6,79.6,100,False,No_Anomaly
S149,Machine Learning,F07,26.3,65.9,67.2,65.2,100,False,No_Anomaly
S149,Computer Networks,F05,26.3,65.9,67.2,80.7,100,False,No_Anomaly
S149,Compiler Design,F03,26.3,65.9,67.2,85.2,100,False,No_Anomaly
S149,Software Engineering,F03,26.3,65.9,67.2,63.7,100,False,No_Anomaly
S150,Machine Learning,F07,23.5,66.0,93.1,66.9,100,False,No_Anomaly
S150,Computer Networks,F01,23.5,66.0,93.1,79.0,100,False,No_Anomaly
S150,Compiler Design,F05,23.5,66.0,93.1,77.3,100,False,No_Anomaly
S150,Software Engineering,F01,23.5,66.0,93.1,41.0,100,True,Severe_Undermarking
S151,Machine Learning,F04,29.8,68.4,85.5,81.5,100,False,No_Anomaly
S151,Computer Networks,F05,29.8,68.4,85.5,80.7,100,False,No_Anomaly
S151,Compiler Design,F01,29.8,68.4,85.5,74.8,100,False,No_Anomaly
S151,Software Engineering,F02,29.8,68.4,85.5,79.6,100,False,No_Anomaly
S152,Machine Learning,F07,22.6,94.9,82.7,86.2,100,False,No_Anomaly
S152,Computer Networks,F07,22.6,94.9,82.7,80.9,100,False,No_Anomaly
S152,Compiler Design,F08,22.6,94.9,82.7,83.7,100,False,No_Anomaly
S152,Software Engineering,F07,22.6,94.9,82.7,73.2,100,False,No_Anomaly
S153,Machine Learning,F07,23.3,82.9,73.5,72.1,100,False,No_Anomaly
S153,Computer Networks,F04,23.3,82.9,73.5,76.6,100,False,No_Anomaly
S153,Compiler Design,F05,23.3,82.9,73.5,87.6,100,False,No_Anomaly
S153,Software Engineering,F07,23.3,82.9,73.5,79.1,100,False,No_Anomaly
S154,Machine Learning,F04,18.7,69.7,85.1,79.4,100,False,No_Anomaly
S154,Computer Networks,F02,18.7,69.7,85.1,71.0,100,False,No_Anomaly
S154,Compiler Design,F03,18.7,69.7,85.1,71.4,100,False,No_Anomaly
S154,Software Engineering,F02,18.7,69.7,85.1,59.4,100,False,No_Anomaly
S155,Machine Learning,F07,17.5,50.9,61.3,56.8,100,False,No_Anomaly
S155,Computer Networks,F02,17.5,50.9,61.3,63.5,100,False,No_Anomaly
S155,Compiler Design,F08,17.5,50.9,61.3,54.8,100,False,No_Anomaly
S155,Software Engineering,F02,17.5,50.9,61.3,55.9,100,False,No_Anomaly
S156,Machine Learning,F03,29.7,64.5,79.1,78.1,100,False,No_Anomaly
S156,Computer Networks,F04,29.7,64.5,79.1,84.4,100,False,No_Anomaly
S156,Compiler Design,F07,29.7,64.5,79.1,63.8,100,False,No_Anomaly
S156,Software Engineering,F04,29.7,64.5,79.1,71.5,100,False,No_Anomaly
S157,Machine Learning,F07,23.4,83.3,72.4,68.5,100,False,No_Anomaly
S157,Computer Networks,F08,23.4,83.3,72.4,75.0,100,False,No_Anomaly
S157,Compiler Design,F03,23.4,83.3,72.4,78.4,100,False,No_Anomaly
S157,Software Engineering,F01,23.4,83.3,72.4,80.6,100,False,No_Anomaly
S158,Machine Learning,F06,22.7,65.1,79.2,71.3,100,False,No_Anomaly
S158,Computer Networks,F01,22.7,65.1,79.2,73.9,100,False,No_Anomaly
S158,Compiler Design,F03,22.7,65.1,79.2,72.5,100,False,No_Anomaly
S158,Software Engineering,F03,22.7,65.1,79.2,72.3,100,False,No_Anomaly
S159,Machine Learning,F07,26.3,77.4,78.6,79.8,100,False,No_Anomaly
S159,Computer Networks,F08,26.3,77.4,78.6,83.4,100,False,No_Anomaly
S159,Compiler Design,F04,26.3,77.4,78.6,78.5,100,False,No_Anomaly
S159,Software Engineering,F05,26.3,77.4,78.6,79.3,100,False,No_Anomaly
S160,Machine Learning,F01,30.0,56.3,82.1,68.7,100,False,No_Anomaly
S160,Computer Networks,F05,30.0,56.3,82.1,76.2,100,False,No_Anomaly
S160,Compiler Design,F04,30.0,56.3,82.1,69.8,100,False,No_Anomaly
S160,Software Engineering,F08,30.0,56.3,82.1,73.4,100,False,No_Anomaly
S161,Machine Learning,F01,22.4,72.7,96.3,75.0,100,False,No_Anomaly
S161,Computer Networks,F01,22.4,72.7,96.3,71.1,100,False,No_Anomaly
S161,Compiler Design,F08,22.4,72.7,96.3,75.0,100,False,No_Anomaly
S161,Software Engineering,F05,22.4,72.7,96.3,79.8,100,False,No_Anomaly
S162,Machine Learning,F03,21.3,77.0,81.4,79.7,100,False,No_Anomaly
S162,Computer Networks,F06,21.3,77.0,81.4,100.0,100,True,Severe_Overmarking
S162,Compiler Design,F01,21.3,77.0,81.4,70.4,100,False,No_Anomaly
S162,Software Engineering,F03,21.3,77.0,81.4,67.2,100,False,No_Anomaly
S163,Machine Learning,F02,18.6,60.6,86.3,71.0,100,False,No_Anomaly
S163,Computer Networks,F03,18.6,60.6,86.3,45.8,100,True,Severe_Undermarking
S163,Compiler Design,F08,18.6,60.6,86.3,75.4,100,False,No_Anomaly
S163,Software Engineering,F04,18.6,60.6,86.3,64.0,100,False,No_Anomaly
S164,Machine Learning,F06,23.5,78.0,92.9,83.6,100,False,No_Anomaly
S164,Computer Networks,F05,23.5,78.0,92.9,80.6,100,False,No_Anomaly
S164,Compiler Design,F02,23.5,78.0,92.9,65.9,100,False,No_Anomaly
S164,Software Engineering,F01,23.5,78.0,92.9,82.2,100,False,No_Anomaly
S165,Machine Learning,F04,20.8,66.6,86.5,67.7,100,False,No_Anomaly
S165,Computer Networks,F01,20.8,66.6,86.5,67.6,100,False,No_Anomaly
S165,Compiler Design,F03,20.8,66.6,86.5,80.6,100,False,No_Anomaly
S165,Software Engineering,F01,20.8,66.6,86.5,72.3,100,False,No_Anomaly
S166,Machine Learning,F04,20.7,81.2,63.7,71.0,100,False,No_Anomaly
S166,Computer Networks,F04,20.7,81.2,63.7,67.1,100,False,No_Anomaly
S166,Compiler Design,F06,20.7,81.2,63.7,74.4,100,False,No_Anomaly
S166,Software Engineering,F03,20.7,81.2,63.7,77.6,100,False,No_Anomaly
S167,Machine Learning,F05,27.5,46.1,67.0,65.0,100,False,No_Anomaly
S167,Computer Networks,F02,27.5,46.1,67.0,71.6,100,False,No_Anomaly
S167,Compiler Design,F05,27.5,46.1,67.0,63.7,100,False,No_Anomaly
S167,Software Engineering,F07,27.5,46.1,67.0,63.4,100,False,No_Anomaly
S168,Machine Learning,F01,16.0,80.7,74.8,68.8,100,False,No_Anomaly
S168,Computer Networks,F03,16.0,80.7,74.8,71.7,100,False,No_Anomaly
S168,Compiler Design,F02,16.0,80.7,74.8,63.9,100,False,No_Anomaly
S168,Software Engineering,F07,16.0,80.7,74.8,61.3,100,False,No_Anomaly
S169,Machine Learning,F06,30.0,35.0,76.6,71.7,100,False,No_Anomaly
S169,Computer Networks,F03,30.0,35.0,76.6,59.0,100,False,No_Anomaly
S169,Compiler Design,F03,30.0,35.0,76.6,56.7,100,False,No_Anomaly
S169,Software Engineering,F06,30.0,35.0,76.6,63.8,100,False,No_Anomaly
S170,Machine Learning,F02,23.9,75.2,76.4,71.8,100,False,No_Anomaly
S170,Computer Networks,F05,23.9,75.2,76.4,75.2,100,False,No_Anomaly
S170,Compiler Design,F01,23.9,75.2,76.4,73.2,100,False,No_Anomaly
S170,Software Engineering,F05,23.9,75.2,76.4,70.0,100,False,No_Anomaly
S171,Machine Learning,F04,22.4,51.3,79.0,65.8,100,False,No_Anomaly
S171,Computer Networks,F01,22.4,51.3,79.0,62.8,100,False,No_Anomaly
S171,Compiler Design,F08,22.4,51.3,79.0,69.4,100,False,No_Anomaly
S171,Software Engineering,F02,22.4,51.3,79.0,73.5,100,False,No_Anomaly
S172,Machine Learning,F01,23.4,69.0,89.9,69.5,100,False,No_Anomaly
S172,Computer Networks,F08,23.4,69.0,89.9,76.1,100,False,No_Anomaly
S172,Compiler Design,F07,23.4,69.0,89.9,69.5,100,False,No_Anomaly
S172,Software Engineering,F02,23.4,69.0,89.9,75.7,100,False,No_Anomaly
S173,Machine Learning,F05,25.6,78.0,75.1,74.7,100,False,No_Anomaly
S173,Computer Networks,F06,25.6,78.0,75.1,83.1,100,False,No_Anomaly
S173,Compiler Design,F03,25.6,78.0,75.1,74.5,100,False,No_Anomaly
S173,Software Engineering,F04,25.6,78.0,75.1,83.2,100,False,No_Anomaly
S174,Machine Learning,F08,18.4,89.5,72.3,84.2,100,False,No_Anomaly
S174,Computer Networks,F04,18.4,89.5,72.3,77.8,100,False,No_Anomaly
S174,Compiler Design,F05,18.4,89.5,72.3,81.9,100,False,No_Anomaly
S174,Software Engineering,F05,18.4,89.5,72.3,70.3,100,False,No_Anomaly
S175,Machine Learning,F04,27.6,86.0,80.1,80.1,100,False,No_Anomaly
S175,Computer Networks,F05,27.6,86.0,80.1,86.5,100,False,No_Anomaly
S175,Compiler Design,F03,27.6,86.0,80.1,90.0,100,False,No_Anomaly
S175,Software Engineering,F04,27.6,86.0,80.1,91.5,100,False,No_Anomaly
S176,Machine Learning,F04,22.5,64.7,96.6,71.6,100,False,No_Anomaly
S176,Computer Networks,F04,22.5,64.7,96.6,69.3,100,False,No_Anomaly
S176,Compiler Design,F08,22.5,64.7,96.6,75.0,100,False,No_Anomaly
S176,Software Engineering,F06,22.5,64.7,96.6,75.1,100,False,No_Anomaly
S177,Machine Learning,F06,20.6,73.1,97.6,80.1,100,False,No_Anomaly
S177,Computer Networks,F01,20.6,73.1,97.6,74.6,100,False,No_Anomaly
S177,Compiler Design,F01,20.6,73.1,97.6,72.8,100,False,No_Anomaly
S177,Software Engineering,F03,20.6,73.1,97.6,74.0,100,False,No_Anomaly
S178,Machine Learning,F03,23.8,58.7,77.5,67.4,100,False,No_Anomaly
S178,Computer Networks,F02,23.8,58.7,77.5,71.3,100,False,No_Anomaly
S178,Compiler Design,F01,23.8,58.7,77.5,62.0,100,False,No_Anomaly
S178,Software Engineering,F02,23.8,58.7,77.5,78.2,100,False,No_Anomaly
S179,Machine Learning,F03,19.8,51.2,88.4,63.4,100,False,No_Anomaly
S179,Computer Networks,F04,19.8,51.2,88.4,66.0,100,False,No_Anomaly
S179,Compiler Design,F05,19.8,51.2,88.4,75.4,100,False,No_Anomaly
S179,Software Engineering,F04,19.8,51.2,88.4,69.3,100,False,No_Anomaly
S180,Machine Learning,F05,18.9,83.8,58.1,75.1,100,False,No_Anomaly
S180,Computer Networks,F07,18.9,83.8,58.1,63.4,100,False,No_Anomaly
S180,Compiler Design,F05,18.9,83.8,58.1,76.7,100,False,No_Anomaly
S180,Software Engineering,F04,18.9,83.8,58.1,67.8,100,False,No_Anomaly
S181,Machine Learning,F04,23.0,49.8,73.7,59.2,100,False,No_Anomaly
S181,Computer Networks,F06,23.0,49.8,73.7,59.8,100,False,No_Anomaly
S181,Compiler Design,F06,23.0,49.8,73.7,62.6,100,False,No_Anomaly
S181,Software Engineering,F01,23.0,49.8,73.7,61.8,100,False,No_Anomaly
S182,Machine Learning,F07,21.4,67.8,79.5,66.9,100,False,No_Anomaly
S182,Computer Networks,F05,21.4,67.8,79.5,75.2,100,False,No_Anomaly
S182,Compiler Design,F04,21.4,67.8,79.5,72.6,100,False,No_Anomaly
S182,Software Engineering,F04,21.4,67.8,79.5,74.5,100,False,No_Anomaly
S183,Machine Learning,F05,24.8,72.4,71.9,77.8,100,False,No_Anomaly
S183,Computer Networks,F06,24.8,72.4,71.9,75.0,100,False,No_Anomaly
S183,Compiler Design,F04,24.8,72.4,71.9,72.6,100,False,No_Anomaly
S183,Software Engineering,F01,24.8,72.4,71.9,73.7,100,False,No_Anomaly
S184,Machine Learning,F02,24.2,78.0,85.9,72.5,100,False,No_Anomaly
S184,Computer Networks,F03,24.2,78.0,85.9,78.1,100,False,No_Anomaly
S184,Compiler Design,F08,24.2,78.0,85.9,85.6,100,False,No_Anomaly
S184,Software Engineering,F06,24.2,78.0,85.9,80.2,100,False,No_Anomaly
S185,Machine Learning,F08,21.7,73.6,100.0,75.6,100,False,No_Anomaly
S185,Computer Networks,F06,21.7,73.6,100.0,74.4,100,False,No_Anomaly
S185,Compiler Design,F01,21.7,73.6,100.0,69.8,100,False,No_Anomaly
S185,Software Engineering,F05,21.7,73.6,100.0,79.5,100,False,No_Anomaly
S186,Machine Learning,F07,17.9,66.3,74.5,59.9,100,False,No_Anomaly
S186,Computer Networks,F06,17.9,66.3,74.5,55.2,100,False,No_Anomaly
S186,Compiler Design,F02,17.9,66.3,74.5,66.0,100,False,No_Anomaly
S186,Software Engineering,F06,17.9,66.3,74.5,68.9,100,False,No_Anomaly
S187,Machine Learning,F01,21.7,55.1,73.1,69.6,100,False,No_Anomaly
S187,Computer Networks,F05,21.7,55.1,73.1,62.7,100,False,No_Anomaly
S187,Compiler Design,F05,21.7,55.1,73.1,67.5,100,False,No_Anomaly
S187,Software Engineering,F03,21.7,55.1,73.1,64.8,100,False,No_Anomaly
S188,Machine Learning,F01,18.9,74.0,82.5,76.9,100,False,No_Anomaly
S188,Computer Networks,F08,18.9,74.0,82.5,100.0,100,True,Severe_Overmarking
S188,Compiler Design,F04,18.9,74.0,82.5,72.3,100,False,No_Anomaly
S188,Software Engineering,F07,18.9,74.0,82.5,73.7,100,False,No_Anomaly
S189,Machine Learning,F08,21.4,80.8,89.4,79.1,100,False,No_Anomaly
S189,Computer Networks,F07,21.4,80.8,89.4,100.0,100,True,Severe_Overmarking
S189,Compiler Design,F02,21.4,80.8,89.4,73.0,100,False,No_Anomaly
S189,Software Engineering,F04,21.4,80.8,89.4,100.0,100,True,Severe_Overmarking
S190,Machine Learning,F05,22.8,62.2,87.5,67.2,100,False,No_Anomaly
S190,Computer Networks,F08,22.8,62.2,87.5,67.0,100,False,No_Anomaly
S190,Compiler Design,F06,22.8,62.2,87.5,77.2,100,False,No_Anomaly
S190,Software Engineering,F05,22.8,62.2,87.5,69.8,100,False,No_Anomaly
S191,Machine Learning,F01,23.0,52.6,81.3,68.1,100,False,No_Anomaly
S191,Computer Networks,F02,23.0,52.6,81.3,94.7,100,True,Severe_Overmarking
S191,Compiler Design,F03,23.0,52.6,81.3,69.0,100,False,No_Anomaly
S191,Software Engineering,F08,23.0,52.6,81.3,77.1,100,False,No_Anomaly
S192,Machine Learning,F08,16.2,59.2,83.9,68.5,100,False,No_Anomaly
S192,Computer Networks,F07,16.2,59.2,83.9,61.7,100,False,No_Anomaly
S192,Compiler Design,F05,16.2,59.2,83.9,65.9,100,False,No_Anomaly
S192,Software Engineering,F07,16.2,59.2,83.9,72.0,100,False,No_Anomaly
S193,Machine Learning,F04,21.0,86.0,94.5,80.9,100,False,No_Anomaly
S193,Computer Networks,F02,21.0,86.0,94.5,80.0,100,False,No_Anomaly
S193,Compiler Design,F03,21.0,86.0,94.5,82.9,100,False,No_Anomaly
S193,Software Engineering,F03,21.0,86.0,94.5,90.3,100,False,No_Anomaly
S194,Machine Learning,F01,17.4,74.4,57.9,66.0,100,False,No_Anomaly
S194,Computer Networks,F08,17.4,74.4,57.9,64.2,100,False,No_Anomaly
S194,Compiler Design,F05,17.4,74.4,57.9,70.9,100,False,No_Anomaly
S194,Software Engineering,F04,17.4,74.4,57.9,72.1,100,False,No_Anomaly
S195,Machine Learning,F07,24.9,66.5,71.3,75.2,100,False,No_Anomaly
S195,Computer Networks,F06,24.9,66.5,71.3,73.2,100,False,No_Anomaly
S195,Compiler Design,F01,24.9,66.5,71.3,72.6,100,False,No_Anomaly
S195,Software Engineering,F06,24.9,66.5,71.3,66.0,100,False,No_Anomaly
S196,Machine Learning,F05,18.7,94.0,70.2,81.0,100,False,No_Anomaly
S196,Computer Networks,F04,18.7,94.0,70.2,84.7,100,False,No_Anomaly
S196,Compiler Design,F07,18.7,94.0,70.2,78.0,100,False,No_Anomaly
S196,Software Engineering,F07,18.7,94.0,70.2,68.0,100,False,No_Anomaly
S197,Machine Learning,F08,17.1,72.8,98.1,74.0,100,False,No_Anomaly
S197,Computer Networks,F08,17.1,72.8,98.1,78.6,100,False,No_Anomaly
S197,Compiler Design,F08,17.1,72.8,98.1,70.3,100,False,No_Anomaly
S197,Software Engineering,F08,17.1,72.8,98.1,68.1,100,False,No_Anomaly
S198,Machine Learning,F01,15.4,73.0,100.0,82.2,100,False,No_Anomaly
S198,Computer Networks,F06,15.4,73.0,100.0,72.1,100,False,No_Anomaly
S198,Compiler Design,F08,15.4,73.0,100.0,80.0,100,False,No_Anomaly
S198,Software Engineering,F05,15.4,73.0,100.0,72.3,100,False,No_Anomaly
S199,Machine Learning,F08,19.9,54.6,77.8,60.7,100,False,No_Anomaly
S199,Computer Networks,F03,19.9,54.6,77.8,56.5,100,False,No_Anomaly
S199,Compiler Design,F05,19.9,54.6,77.8,67.1,100,False,No_Anomaly
S199,Software Engineering,F07,19.9,54.6,77.8,87.3,100,True,Severe_Overmarking
S200,Machine Learning,F07,14.9,79.8,84.4,65.7,100,False,No_Anomaly
S200,Computer Networks,F04,14.9,79.8,84.4,72.5,100,False,No_Anomaly
S200,Compiler Design,F06,14.9,79.8,84.4,71.9,100,False,No_Anomaly
S200,Software Engineering,F01,14.9,79.8,84.4,96.8,100,True,Severe_Overmarking
S201,Machine Learning,F05,27.1,76.2,76.2,75.9,100,False,No_Anomaly
S201,Computer Networks,F03,27.1,76.2,76.2,72.7,100,False,No_Anomaly
S201,Compiler Design,F05,27.1,76.2,76.2,78.2,100,False,No_Anomaly
S201,Software Engineering,F07,27.1,76.2,76.2,67.7,100,False,No_Anomaly
S202,Machine Learning,F08,24.2,62.5,75.6,78.1,100,False,No_Anomaly
S202,Computer Networks,F03,24.2,62.5,75.6,71.5,100,False,No_Anomaly
S202,Compiler Design,F03,24.2,62.5,75.6,70.2,100,False,No_Anomaly
S202,Software Engineering,F08,24.2,62.5,75.6,68.9,100,False,No_Anomaly
S203,Machine Learning,F04,15.3,79.2,86.5,67.5,100,False,No_Anomaly
S203,Computer Networks,F05,15.3,79.2,86.5,74.1,100,False,No_Anomaly
S203,Compiler Design,F06,15.3,79.2,86.5,99.1,100,True,Severe_Overmarking
S203,Software Engineering,F07,15.3,79.2,86.5,67.2,100,False,No_Anomaly
S204,Machine Learning,F06,22.9,76.5,71.7,73.3,100,False,No_Anomaly
S204,Computer Networks,F02,22.9,76.5,71.7,75.9,100,False,No_Anomaly
S204,Compiler Design,F08,22.9,76.5,71.7,79.4,100,False,No_Anomaly
S204,Software Engineering,F03,22.9,76.5,71.7,69.7,100,False,No_Anomaly
S205,Machine Learning,F06,18.8,52.9,86.5,54.4,100,False,No_Anomaly
S205,Computer Networks,F07,18.8,52.9,86.5,53.8,100,False,No_Anomaly
S205,Compiler Design,F05,18.8,52.9,86.5,62.7,100,False,No_Anomaly
S205,Software Engineering,F03,18.8,52.9,86.5,63.1,100,False,No_Anomaly
S206,Machine Learning,F02,23.0,54.6,89.1,68.7,100,False,No_Anomaly
S206,Computer Networks,F08,23.0,54.6,89.1,64.1,100,False,No_Anomaly
S206,Compiler Design,F01,23.0,54.6,89.1,66.3,100,False,No_Anomaly
S206,Software Engineering,F07,23.0,54.6,89.1,64.3,100,False,No_Anomaly
S207,Machine Learning,F07,20.2,62.6,96.5,69.1,100,False,No_Anomaly
S207,Computer Networks,F04,20.2,62.6,96.5,71.1,100,False,No_Anomaly
S207,Compiler Design,F08,20.2,62.6,96.5,72.8,100,False,No_Anomaly
S207,Software Engineering,F01,20.2,62.6,96.5,69.9,100,False,No_Anomaly
S208,Machine Learning,F06,19.5,70.4,84.7,74.0,100,False,No_Anomaly
S208,Computer Networks,F01,19.5,70.4,84.7,76.6,100,False,No_Anomaly
S208,Compiler Design,F08,19.5,70.4,84.7,75.7,100,False,No_Anomaly
S208,Software Engineering,F06,19.5,70.4,84.7,69.8,100,False,No_Anomaly
S209,Machine Learning,F05,20.4,75.7,76.7,76.7,100,False,No_Anomaly
S209,Computer Networks,F05,20.4,75.7,76.7,38.7,100,True,Severe_Undermarking
S209,Compiler Design,F01,20.4,75.7,76.7,67.5,100,False,No_Anomaly
S209,Software Engineering,F06,20.4,75.7,76.7,68.3,100,False,No_Anomaly
S210,Machine Learning,F08,12.3,86.4,71.6,45.8,100,True,Severe_Undermarking
S210,Computer Networks,F06,12.3,86.4,71.6,68.6,100,False,No_Anomaly
S210,Compiler Design,F04,12.3,86.4,71.6,82.3,100,False,No_Anomaly
S210,Software Engineering,F01,12.3,86.4,71.6,67.4,100,False,No_Anomaly
S211,Machine Learning,F05,20.4,89.3,100.0,91.6,100,False,No_Anomaly
S211,Computer Networks,F06,20.4,89.3,100.0,87.7,100,False,No_Anomaly
S211,Compiler Design,F07,20.4,89.3,100.0,79.0,100,False,No_Anomaly
S211,Software Engineering,F02,20.4,89.3,100.0,90.5,100,False,No_Anomaly
S212,Machine Learning,F05,20.9,46.8,78.9,65.0,100,False,No_Anomaly
S212,Computer Networks,F01,20.9,46.8,78.9,63.8,100,False,No_Anomaly
S212,Compiler Design,F01,20.9,46.8,78.9,62.7,100,False,No_Anomaly
S212,Software Engineering,F05,20.9,46.8,78.9,71.2,100,False,No_Anomaly
S213,Machine Learning,F01,24.3,67.7,70.9,80.4,100,False,No_Anomaly
S213,Computer Networks,F02,24.3,67.7,70.9,64.5,100,False,No_Anomaly
S213,Compiler Design,F04,24.3,67.7,70.9,59.8,100,False,No_Anomaly
S213,Software Engineering,F05,24.3,67.7,70.9,66.1,100,False,No_Anomaly
S214,Machine Learning,F08,24.8,76.3,67.1,73.6,100,False,No_Anomaly
S214,Computer Networks,F02,24.8,76.3,67.1,69.0,100,False,No_Anomaly
S214,Compiler Design,F07,24.8,76.3,67.1,71.4,100,False,No_Anomaly
S214,Software Engineering,F03,24.8,76.3,67.1,76.3,100,False,No_Anomaly
S215,Machine Learning,F06,20.7,94.6,83.7,82.0,100,False,No_Anomaly
S215,Computer Networks,F08,20.7,94.6,83.7,85.3,100,False,No_Anomaly
S215,Compiler Design,F03,20.7,94.6,83.7,79.5,100,False,No_Anomaly
S215,Software Engineering,F03,20.7,94.6,83.7,81.2,100,False,No_Anomaly
S216,Machine Learning,F01,15.1,68.3,88.2,77.2,100,False,No_Anomaly
S216,Computer Networks,F06,15.1,68.3,88.2,33.0,100,True,Severe_Undermarking
S216,Compiler Design,F03,15.1,68.3,88.2,74.8,100,False,No_Anomaly
S216,Software Engineering,F07,15.1,68.3,88.2,67.0,100,False,No_Anomaly
S217,Machine Learning,F04,29.4,72.0,78.1,82.6,100,False,No_Anomaly
S217,Computer Networks,F01,29.4,72.0,78.1,76.9,100,False,No_Anomaly
S217,Compiler Design,F01,29.4,72.0,78.1,88.7,100,False,No_Anomaly
S217,Software Engineering,F04,29.4,72.0,78.1,82.8,100,False,No_Anomaly
S218,Machine Learning,F05,17.6,67.9,98.7,100.0,100,True,Severe_Overmarking
S218,Computer Networks,F03,17.6,67.9,98.7,57.7,100,False,No_Anomaly
S218,Compiler Design,F06,17.6,67.9,98.7,71.8,100,False,No_Anomaly
S218,Software Engineering,F01,17.6,67.9,98.7,74.4,100,False,No_Anomaly
S219,Machine Learning,F07,18.5,77.0,85.2,58.2,100,False,No_Anomaly
S219,Computer Networks,F06,18.5,77.0,85.2,72.9,100,False,No_Anomaly
S219,Compiler Design,F04,18.5,77.0,85.2,72.7,100,False,No_Anomaly
S219,Software Engineering,F04,18.5,77.0,85.2,81.0,100,False,No_Anomaly
S220,Machine Learning,F08,20.7,72.1,94.1,80.6,100,False,No_Anomaly
S220,Computer Networks,F03,20.7,72.1,94.1,75.2,100,False,No_Anomaly
S220,Compiler Design,F04,20.7,72.1,94.1,79.5,100,False,No_Anomaly
S220,Software Engineering,F07,20.7,72.1,94.1,78.7,100,False,No_Anomaly
S221,Machine Learning,F04,18.4,49.7,81.8,59.8,100,False,No_Anomaly
S221,Computer Networks,F05,18.4,49.7,81.8,63.9,100,False,No_Anomaly
S221,Compiler Design,F07,18.4,49.7,81.8,55.0,100,False,No_Anomaly
S221,Software Engineering,F01,18.4,49.7,81.8,60.5,100,False,No_Anomaly
S222,Machine Learning,F04,15.2,65.9,81.2,51.8,100,False,No_Anomaly
S222,Computer Networks,F08,15.2,65.9,81.2,38.2,100,True,Severe_Undermarking
S222,Compiler Design,F02,15.2,65.9,81.2,73.4,100,False,No_Anomaly
S222,Software Engineering,F03,15.2,65.9,81.2,63.7,100,False,No_Anomaly
S223,Machine Learning,F03,19.9,50.6,86.8,55.5,100,False,No_Anomaly
S223,Computer Networks,F08,19.9,50.6,86.8,59.0,100,False,No_Anomaly
S223,Compiler Design,F02,19.9,50.6,86.8,58.5,100,False,No_Anomaly
S223,Software Engineering,F06,19.9,50.6,86.8,67.6,100,False,No_Anomaly
S224,Machine Learning,F08,23.1,39.2,89.8,58.6,100,False,No_Anomaly
S224,Computer Networks,F02,23.1,39.2,89.8,58.8,100,False,No_Anomaly
S224,Compiler Design,F04,23.1,39.2,89.8,63.8,100,False,No_Anomaly
S224,Software Engineering,F03,23.1,39.2,89.8,40.7,100,True,Severe_Undermarking
S225,Machine Learning,F04,25.3,61.4,68.8,65.4,100,False,No_Anomaly
S225,Computer Networks,F04,25.3,61.4,68.8,80.5,100,False,No_Anomaly
S225,Compiler Design,F02,25.3,61.4,68.8,77.4,100,False,No_Anomaly
S225,Software Engineering,F05,25.3,61.4,68.8,67.2,100,False,No_Anomaly
S226,Machine Learning,F07,23.7,74.2,100.0,84.0,100,False,No_Anomaly
S226,Computer Networks,F01,23.7,74.2,100.0,76.1,100,False,No_Anomaly
S226,Compiler Design,F06,23.7,74.2,100.0,77.1,100,False,No_Anomaly
S226,Software Engineering,F07,23.7,74.2,100.0,73.1,100,False,No_Anomaly
S227,Machine Learning,F08,25.3,74.7,80.3,75.6,100,False,No_Anomaly
S227,Computer Networks,F06,25.3,74.7,80.3,79.3,100,False,No_Anomaly
S227,Compiler Design,F07,25.3,74.7,80.3,100.0,100,True,Severe_Overmarking
S227,Software Engineering,F06,25.3,74.7,80.3,75.9,100,False,No_Anomaly
S228,Machine Learning,F05,19.9,77.5,94.5,83.2,100,False,No_Anomaly
S228,Computer Networks,F08,19.9,77.5,94.5,74.0,100,False,No_Anomaly
S228,Compiler Design,F04,19.9,77.5,94.5,73.9,100,False,No_Anomaly
S228,Software Engineering,F01,19.9,77.5,94.5,85.1,100,False,No_Anomaly
S229,Machine Learning,F03,25.2,64.8,77.2,94.7,100,True,Severe_Overmarking
S229,Computer Networks,F01,25.2,64.8,77.2,70.8,100,False,No_Anomaly
S229,Compiler Design,F06,25.2,64.8,77.2,67.1,100,False,No_Anomaly
S229,Software Engineering,F04,25.2,64.8,77.2,70.6,100,False,No_Anomaly
S230,Machine Learning,F01,20.3,88.0,77.4,75.3,100,False,No_Anomaly
S230,Computer Networks,F02,20.3,88.0,77.4,80.9,100,False,No_Anomaly
S230,Compiler Design,F06,20.3,88.0,77.4,78.2,100,False,No_Anomaly
S230,Software Engineering,F06,20.3,88.0,77.4,78.0,100,False,No_Anomaly
S231,Machine Learning,F07,25.8,73.8,79.5,68.4,100,False,No_Anomaly
S231,Computer Networks,F06,25.8,73.8,79.5,79.6,100,False,No_Anomaly
S231,Compiler Design,F05,25.8,73.8,79.5,78.0,100,False,No_Anomaly
S231,Software Engineering,F02,25.8,73.8,79.5,71.4,100,False,No_Anomaly
S232,Machine Learning,F03,18.9,43.0,73.7,61.6,100,False,No_Anomaly
S232,Computer Networks,F04,18.9,43.0,73.7,58.6,100,False,No_Anomaly
S232,Compiler Design,F02,18.9,43.0,73.7,61.6,100,False,No_Anomaly
S232,Software Engineering,F07,18.9,43.0,73.7,50.0,100,False,No_Anomaly
S233,Machine Learning,F05,18.3,42.2,72.4,54.0,100,False,No_Anomaly
S233,Computer Networks,F03,18.3,42.2,72.4,56.8,100,False,No_Anomaly
S233,Compiler Design,F06,18.3,42.2,72.4,56.6,100,False,No_Anomaly
S233,Software Engineering,F04,18.3,42.2,72.4,46.9,100,False,No_Anomaly
S234,Machine Learning,F05,21.0,67.6,93.1,67.4,100,False,No_Anomaly
S234,Computer Networks,F01,21.0,67.6,93.1,73.6,100,False,No_Anomaly
S234,Compiler Design,F07,21.0,67.6,93.1,75.1,100,False,No_Anomaly
S234,Software Engineering,F03,21.0,67.6,93.1,74.3,100,False,No_Anomaly
S235,Machine Learning,F05,26.2,57.6,81.4,71.5,100,False,No_Anomaly
S235,Computer Networks,F08,26.2,57.6,81.4,70.6,100,False,No_Anomaly
S235,Compiler Design,F05,26.2,57.6,81.4,71.2,100,False,No_Anomaly
S235,Software Engineering,F07,26.2,57.6,81.4,68.9,100,False,No_Anomaly
S236,Machine Learning,F08,24.2,58.3,72.9,71.8,100,False,No_Anomaly
S236,Computer Networks,F06,24.2,58.3,72.9,64.2,100,False,No_Anomaly
S236,Compiler Design,F08,24.2,58.3,72.9,66.3,100,False,No_Anomaly
S236,Software Engineering,F05,24.2,58.3,72.9,76.2,100,False,No_Anomaly
S237,Machine Learning,F03,21.9,67.3,88.5,67.2,100,False,No_Anomaly
S237,Computer Networks,F06,21.9,67.3,88.5,68.3,100,False,No_Anomaly
S237,Compiler Design,F01,21.9,67.3,88.5,76.2,100,False,No_Anomaly
S237,Software Engineering,F03,21.9,67.3,88.5,65.8,100,False,No_Anomaly
S238,Machine Learning,F03,22.0,78.4,71.6,46.3,100,True,Severe_Undermarking
S238,Computer Networks,F05,22.0,78.4,71.6,75.7,100,False,No_Anomaly
S238,Compiler Design,F06,22.0,78.4,71.6,72.4,100,False,No_Anomaly
S238,Software Engineering,F05,22.0,78.4,71.6,73.8,100,False,No_Anomaly
S239,Machine Learning,F02,15.7,67.5,69.8,64.1,100,False,No_Anomaly
S239,Computer Networks,F02,15.7,67.5,69.8,62.2,100,False,No_Anomaly
S239,Compiler Design,F03,15.7,67.5,69.8,33.6,100,True,Severe_Undermarking
S239,Software Engineering,F07,15.7,67.5,69.8,54.3,100,False,No_Anomaly
S240,Machine Learning,F08,17.9,78.2,78.5,77.4,100,False,No_Anomaly
S240,Computer Networks,F02,17.9,78.2,78.5,67.2,100,False,No_Anomaly
S240,Compiler Design,F06,17.9,78.2,78.5,74.8,100,False,No_Anomaly
S240,Software Engineering,F02,17.9,78.2,78.5,79.0,100,False,No_Anomaly
S241,Machine Learning,F02,12.9,68.8,93.3,58.5,100,False,No_Anomaly
S241,Computer Networks,F02,12.9,68.8,93.3,60.4,100,False,No_Anomaly
S241,Compiler Design,F07,12.9,68.8,93.3,66.9,100,False,No_Anomaly
S241,Software Engineering,F04,12.9,68.8,93.3,65.1,100,False,No_Anomaly
S242,Machine Learning,F03,27.8,52.0,72.8,77.0,100,False,No_Anomaly
S242,Computer Networks,F06,27.8,52.0,72.8,88.1,100,True,Severe_Overmarking
S242,Compiler Design,F07,27.8,52.0,72.8,60.0,100,False,No_Anomaly
S242,Software Engineering,F03,27.8,52.0,72.8,67.5,100,False,No_Anomaly
S243,Machine Learning,F08,17.4,73.4,89.7,72.6,100,False,No_Anomaly
S243,Computer Networks,F05,17.4,73.4,89.7,66.3,100,False,No_Anomaly
S243,Compiler Design,F04,17.4,73.4,89.7,74.0,100,False,No_Anomaly
S243,Software Engineering,F07,17.4,73.4,89.7,65.5,100,False,No_Anomaly
S244,Machine Learning,F02,22.2,56.6,86.5,64.8,100,False,No_Anomaly
S244,Computer Networks,F06,22.2,56.6,86.5,70.4,100,False,No_Anomaly
S244,Compiler Design,F05,22.2,56.6,86.5,68.0,100,False,No_Anomaly
S244,Software Engineering,F02,22.2,56.6,86.5,75.6,100,False,No_Anomaly
S245,Machine Learning,F08,23.1,76.6,80.1,77.9,100,False,No_Anomaly
S245,Computer Networks,F04,23.1,76.6,80.1,74.7,100,False,No_Anomaly
S245,Compiler Design,F03,23.1,76.6,80.1,89.0,100,False,No_Anomaly
S245,Software Engineering,F01,23.1,76.6,80.1,72.7,100,False,No_Anomaly
S246,Machine Learning,F03,25.2,71.9,89.8,81.1,100,False,No_Anomaly
S246,Computer Networks,F01,25.2,71.9,89.8,76.4,100,False,No_Anomaly
S246,Compiler Design,F04,25.2,71.9,89.8,78.7,100,False,No_Anomaly
S246,Software Engineering,F07,25.2,71.9,89.8,62.4,100,False,No_Anomaly
S247,Machine Learning,F03,26.0,50.6,59.5,64.6,100,False,No_Anomaly
S247,Computer Networks,F08,26.0,50.6,59.5,92.0,100,True,Severe_Overmarking
S247,Compiler Design,F06,26.0,50.6,59.5,64.3,100,False,No_Anomaly
S247,Software Engineering,F07,26.0,50.6,59.5,58.1,100,False,No_Anomaly
S248,Machine Learning,F04,14.6,84.3,71.8,67.6,100,False,No_Anomaly
S248,Computer Networks,F05,14.6,84.3,71.8,79.2,100,False,No_Anomaly
S248,Compiler Design,F08,14.6,84.3,71.8,68.0,100,False,No_Anomaly
S248,Software Engineering,F01,14.6,84.3,71.8,67.7,100,False,No_Anomaly
S249,Machine Learning,F05,29.2,71.2,91.3,74.1,100,False,No_Anomaly
S249,Computer Networks,F01,29.2,71.2,91.3,82.5,100,False,No_Anomaly
S249,Compiler Design,F06,29.2,71.2,91.3,88.9,100,False,No_Anomaly
S249,Software Engineering,F02,29.2,71.2,91.3,74.6,100,False,No_Anomaly
S250,Machine Learning,F06,18.4,76.2,78.3,69.1,100,False,No_Anomaly
S250,Computer Networks,F05,18.4,76.2,78.3,68.7,100,False,No_Anomaly
S250,Compiler Design,F07,18.4,76.2,78.3,68.3,100,False,No_Anomaly
S250,Software Engineering,F04,18.4,76.2,78.3,75.6,100,False,No_Anomaly
S251,Machine Learning,F01,17.9,70.1,79.0,74.3,100,False,No_Anomaly
S251,Computer Networks,F01,17.9,70.1,79.0,66.0,100,False,No_Anomaly
S251,Compiler Design,F04,17.9,70.1,79.0,64.1,100,False,No_Anomaly
S251,Software Engineering,F08,17.9,70.1,79.0,58.2,100,False,No_Anomaly
S252,Machine Learning,F02,26.5,94.6,99.9,83.6,100,False,No_Anomaly
S252,Computer Networks,F01,26.5,94.6,99.9,94.5,100,False,No_Anomaly
S252,Compiler Design,F08,26.5,94.6,99.9,92.2,100,False,No_Anomaly
S252,Software Engineering,F01,26.5,94.6,99.9,89.5,100,False,No_Anomaly
S253,Machine Learning,F05,24.6,58.9,90.6,77.3,100,False,No_Anomaly
S253,Computer Networks,F01,24.6,58.9,90.6,70.5,100,False,No_Anomaly
S253,Compiler Design,F03,24.6,58.9,90.6,70.5,100,False,No_Anomaly
S253,Software Engineering,F05,24.6,58.9,90.6,73.5,100,False,No_Anomaly
S254,Machine Learning,F06,24.5,75.3,94.5,81.4,100,False,No_Anomaly
S254,Computer Networks,F04,24.5,75.3,94.5,83.5,100,False,No_Anomaly
S254,Compiler Design,F03,24.5,75.3,94.5,81.2,100,False,No_Anomaly
S254,Software Engineering,F04,24.5,75.3,94.5,86.3,100,False,No_Anomaly
S255,Machine Learning,F08,23.4,78.9,88.4,89.7,100,False,No_Anomaly
S255,Computer Networks,F04,23.4,78.9,88.4,72.4,100,False,No_Anomaly
S255,Compiler Design,F05,23.4,78.9,88.4,86.9,100,False,No_Anomaly
S255,Software Engineering,F01,23.4,78.9,88.4,73.8,100,False,No_Anomaly
S256,Machine Learning,F04,19.8,48.6,82.8,39.9,100,True,Severe_Undermarking
S256,Computer Networks,F01,19.8,48.6,82.8,60.3,100,False,No_Anomaly
S256,Compiler Design,F02,19.8,48.6,82.8,58.6,100,False,No_Anomaly
S256,Software Engineering,F06,19.8,48.6,82.8,66.2,100,False,No_Anomaly
S257,Machine Learning,F02,28.9,54.6,98.8,69.7,100,False,No_Anomaly
S257,Computer Networks,F08,28.9,54.6,98.8,73.6,100,False,No_Anomaly
S257,Compiler Design,F03,28.9,54.6,98.8,83.4,100,False,No_Anomaly
S257,Software Engineering,F01,28.9,54.6,98.8,76.0,100,False,No_Anomaly
S258,Machine Learning,F04,27.4,86.3,84.6,84.7,100,False,No_Anomaly
S258,Computer Networks,F03,27.4,86.3,84.6,88.4,100,False,No_Anomaly
S258,Compiler Design,F04,27.4,86.3,84.6,86.5,100,False,No_Anomaly
S258,Software Engineering,F07,27.4,86.3,84.6,87.6,100,False,No_Anomaly
S259,Machine Learning,F03,17.6,70.1,84.0,79.0,100,False,No_Anomaly
S259,Computer Networks,F06,17.6,70.1,84.0,77.1,100,False,No_Anomaly
S259,Compiler Design,F08,17.6,70.1,84.0,77.8,100,False,No_Anomaly
S259,Software Engineering,F06,17.6,70.1,84.0,72.0,100,False,No_Anomaly
S260,Machine Learning,F02,16.8,74.8,82.6,67.2,100,False,No_Anomaly
S260,Computer Networks,F07,16.8,74.8,82.6,63.8,100,False,No_Anomaly
S260,Compiler Design,F01,16.8,74.8,82.6,64.2,100,False,No_Anomaly
S260,Software Engineering,F05,16.8,74.8,82.6,73.3,100,False,No_Anomaly
S261,Machine Learning,F07,29.2,69.4,81.2,85.3,100,False,No_Anomaly
S261,Computer Networks,F07,29.2,69.4,81.2,68.2,100,False,No_Anomaly
S261,Compiler Design,F01,29.2,69.4,81.2,77.9,100,False,No_Anomaly
S261,Software Engineering,F01,29.2,69.4,81.2,73.7,100,False,No_Anomaly
S262,Machine Learning,F08,23.0,80.7,82.1,80.4,100,False,No_Anomaly
S262,Computer Networks,F06,23.0,80.7,82.1,81.5,100,False,No_Anomaly
S262,Compiler Design,F03,23.0,80.7,82.1,87.4,100,False,No_Anomaly
S262,Software Engineering,F07,23.0,80.7,82.1,72.0,100,False,No_Anomaly
S263,Machine Learning,F06,17.7,70.5,80.0,67.3,100,False,No_Anomaly
S263,Computer Networks,F07,17.7,70.5,80.0,64.0,100,False,No_Anomaly
S263,Compiler Design,F04,17.7,70.5,80.0,65.7,100,False,No_Anomaly
S263,Software Engineering,F03,17.7,70.5,80.0,68.3,100,False,No_Anomaly
S264,Machine Learning,F07,17.0,68.2,74.5,95.9,100,True,Severe_Overmarking
S264,Computer Networks,F07,17.0,68.2,74.5,68.9,100,False,No_Anomaly
S264,Compiler Design,F07,17.0,68.2,74.5,69.1,100,False,No_Anomaly
S264,Software Engineering,F06,17.0,68.2,74.5,65.4,100,False,No_Anomaly
S265,Machine Learning,F07,14.9,76.1,85.9,60.6,100,False,No_Anomaly
S265,Computer Networks,F08,14.9,76.1,85.9,70.3,100,False,No_Anomaly
S265,Compiler Design,F01,14.9,76.1,85.9,67.4,100,False,No_Anomaly
S265,Software Engineering,F01,14.9,76.1,85.9,68.0,100,False,No_Anomaly
S266,Machine Learning,F01,26.2,68.5,92.0,79.6,100,False,No_Anomaly
S266,Computer Networks,F07,26.2,68.5,92.0,80.1,100,False,No_Anomaly
S266,Compiler Design,F05,26.2,68.5,92.0,87.1,100,False,No_Anomaly
S266,Software Engineering,F06,26.2,68.5,92.0,83.2,100,False,No_Anomaly
S267,Machine Learning,F08,18.6,82.3,82.4,68.6,100,False,No_Anomaly
S267,Computer Networks,F07,18.6,82.3,82.4,78.0,100,False,No_Anomaly
S267,Compiler Design,F03,18.6,82.3,82.4,75.7,100,False,No_Anomaly
S267,Software Engineering,F08,18.6,82.3,82.4,79.1,100,False,No_Anomaly
S268,Machine Learning,F03,23.5,57.0,85.4,40.0,100,True,Severe_Undermarking
S268,Computer Networks,F03,23.5,57.0,85.4,68.1,100,False,No_Anomaly
S268,Compiler Design,F02,23.5,57.0,85.4,61.3,100,False,No_Anomaly
S268,Software Engineering,F07,23.5,57.0,85.4,68.5,100,False,No_Anomaly
S269,Machine Learning,F02,21.5,85.4,93.0,75.4,100,False,No_Anomaly
S269,Computer Networks,F03,21.5,85.4,93.0,78.8,100,False,No_Anomaly
S269,Compiler Design,F04,21.5,85.4,93.0,83.4,100,False,No_Anomaly
S269,Software Engineering,F07,21.5,85.4,93.0,82.0,100,False,No_Anomaly
S270,Machine Learning,F07,22.9,55.1,78.8,59.0,100,False,No_Anomaly
S270,Computer Networks,F02,22.9,55.1,78.8,74.9,100,False,No_Anomaly
S270,Compiler Design,F05,22.9,55.1,78.8,75.1,100,False,No_Anomaly
S270,Software Engineering,F05,22.9,55.1,78.8,70.3,100,False,No_Anomaly
S271,Machine Learning,F07,23.0,67.6,76.2,74.2,100,False,No_Anomaly
S271,Computer Networks,F01,23.0,67.6,76.2,71.5,100,False,No_Anomaly
S271,Compiler Design,F06,23.0,67.6,76.2,67.3,100,False,No_Anomaly
S271,Software Engineering,F01,23.0,67.6,76.2,83.2,100,False,No_Anomaly
S272,Machine Learning,F01,23.2,64.0,75.7,73.5,100,False,No_Anomaly
S272,Computer Networks,F01,23.2,64.0,75.7,79.0,100,False,No_Anomaly
S272,Compiler Design,F06,23.2,64.0,75.7,73.4,100,False,No_Anomaly
S272,Software Engineering,F03,23.2,64.0,75.7,73.1,100,False,No_Anomaly
S273,Machine Learning,F01,23.1,65.2,84.4,62.5,100,False,No_Anomaly
S273,Computer Networks,F06,23.1,65.2,84.4,78.7,100,False,No_Anomaly
S273,Compiler Design,F01,23.1,65.2,84.4,69.6,100,False,No_Anomaly
S273,Software Engineering,F05,23.1,65.2,84.4,73.8,100,False,No_Anomaly
S274,Machine Learning,F05,27.8,56.3,77.2,71.1,100,False,No_Anomaly
S274,Computer Networks,F07,27.8,56.3,77.2,68.2,100,False,No_Anomaly
S274,Compiler Design,F08,27.8,56.3,77.2,73.1,100,False,No_Anomaly
S274,Software Engineering,F07,27.8,56.3,77.2,69.4,100,False,No_Anomaly
S275,Machine Learning,F03,14.6,56.1,60.8,59.7,100,False,No_Anomaly
S275,Computer Networks,F07,14.6,56.1,60.8,58.1,100,False,No_Anomaly
S275,Compiler Design,F02,14.6,56.1,60.8,53.1,100,False,No_Anomaly
S275,Software Engineering,F02,14.6,56.1,60.8,50.7,100,False,No_Anomaly
S276,Machine Learning,F05,21.5,70.3,82.3,82.0,100,False,No_Anomaly
S276,Computer Networks,F05,21.5,70.3,82.3,72.9,100,False,No_Anomaly
S276,Compiler Design,F02,21.5,70.3,82.3,61.8,100,False,No_Anomaly
S276,Software Engineering,F01,21.5,70.3,82.3,75.7,100,False,No_Anomaly
S277,Machine Learning,F03,23.6,84.6,55.3,83.1,100,False,No_Anomaly
S277,Computer Networks,F04,23.6,84.6,55.3,78.2,100,False,No_Anomaly
S277,Compiler Design,F07,23.6,84.6,55.3,74.0,100,False,No_Anomaly
S277,Software Engineering,F04,23.6,84.6,55.3,69.4,100,False,No_Anomaly
S278,Machine Learning,F03,20.5,88.7,70.7,86.2,100,False,No_Anomaly
S278,Computer Networks,F05,20.5,88.7,70.7,73.0,100,False,No_Anomaly
S278,Compiler Design,F03,20.5,88.7,70.7,78.6,100,False,No_Anomaly
S278,Software Engineering,F03,20.5,88.7,70.7,77.3,100,False,No_Anomaly
S279,Machine Learning,F03,20.7,61.0,73.1,64.8,100,False,No_Anomaly
S279,Computer Networks,F03,20.7,61.0,73.1,79.6,100,False,No_Anomaly
S279,Compiler Design,F02,20.7,61.0,73.1,59.1,100,False,No_Anomaly
S279,Software Engineering,F05,20.7,61.0,73.1,64.8,100,False,No_Anomaly
S280,Machine Learning,F06,20.7,87.1,100.0,86.1,100,False,No_Anomaly
S280,Computer Networks,F03,20.7,87.1,100.0,84.8,100,False,No_Anomaly
S280,Compiler Design,F07,20.7,87.1,100.0,71.9,100,False,No_Anomaly
S280,Software Engineering,F04,20.7,87.1,100.0,81.6,100,False,No_Anomaly
S281,Machine Learning,F06,29.0,92.9,82.4,85.7,100,False,No_Anomaly
S281,Computer Networks,F01,29.0,92.9,82.4,94.3,100,False,No_Anomaly
S281,Compiler Design,F03,29.0,92.9,82.4,100.0,100,True,Severe_Overmarking
S281,Software Engineering,F05,29.0,92.9,82.4,93.1,100,False,No_Anomaly
S282,Machine Learning,F05,23.5,68.9,83.3,81.2,100,False,No_Anomaly
S282,Computer Networks,F04,23.5,68.9,83.3,75.2,100,False,No_Anomaly
S282,Compiler Design,F01,23.5,68.9,83.3,69.0,100,False,No_Anomaly
S282,Software Engineering,F01,23.5,68.9,83.3,70.0,100,False,No_Anomaly
S283,Machine Learning,F08,19.2,98.0,90.5,93.3,100,False,No_Anomaly
S283,Computer Networks,F06,19.2,98.0,90.5,95.4,100,False,No_Anomaly
S283,Compiler Design,F06,19.2,98.0,90.5,83.3,100,False,No_Anomaly
S283,Software Engineering,F04,19.2,98.0,90.5,81.3,100,False,No_Anomaly
S284,Machine Learning,F05,20.0,81.6,78.4,80.5,100,False,No_Anomaly
S284,Computer Networks,F07,20.0,81.6,78.4,70.0,100,False,No_Anomaly
S284,Compiler Design,F07,20.0,81.6,78.4,72.8,100,False,No_Anomaly
S284,Software Engineering,F01,20.0,81.6,78.4,69.5,100,False,No_Anomaly
S285,Machine Learning,F01,23.1,80.9,82.3,79.5,100,False,No_Anomaly
S285,Computer Networks,F07,23.1,80.9,82.3,69.5,100,False,No_Anomaly
S285,Compiler Design,F08,23.1,80.9,82.3,80.2,100,False,No_Anomaly
S285,Software Engineering,F04,23.1,80.9,82.3,73.8,100,False,No_Anomaly
S286,Machine Learning,F08,23.7,70.2,85.4,80.0,100,False,No_Anomaly
S286,Computer Networks,F02,23.7,70.2,85.4,52.3,100,True,Severe_Undermarking
S286,Compiler Design,F05,23.7,70.2,85.4,79.9,100,False,No_Anomaly
S286,Software Engineering,F05,23.7,70.2,85.4,71.9,100,False,No_Anomaly
S287,Machine Learning,F08,18.1,46.8,88.7,62.9,100,False,No_Anomaly
S287,Computer Networks,F02,18.1,46.8,88.7,62.2,100,False,No_Anomaly
S287,Compiler Design,F05,18.1,46.8,88.7,71.2,100,False,No_Anomaly
S287,Software Engineering,F05,18.1,46.8,88.7,58.1,100,False,No_Anomaly
S288,Machine Learning,F03,22.3,52.7,81.4,69.3,100,False,No_Anomaly
S288,Computer Networks,F08,22.3,52.7,81.4,67.9,100,False,No_Anomaly
S288,Compiler Design,F07,22.3,52.7,81.4,55.4,100,False,No_Anomaly
S288,Software Engineering,F01,22.3,52.7,81.4,69.8,100,False,No_Anomaly
S289,Machine Learning,F03,16.6,61.7,90.3,69.6,100,False,No_Anomaly
S289,Computer Networks,F07,16.6,61.7,90.3,64.5,100,False,No_Anomaly
S289,Compiler Design,F01,16.6,61.7,90.3,58.6,100,False,No_Anomaly
S289,Software Engineering,F05,16.6,61.7,90.3,70.6,100,False,No_Anomaly
S290,Machine Learning,F05,21.8,65.1,76.2,76.2,100,False,No_Anomaly
S290,Computer Networks,F05,21.8,65.1,76.2,67.6,100,False,No_Anomaly
S290,Compiler Design,F07,21.8,65.1,76.2,64.0,100,False,No_Anomaly
S290,Software Engineering,F06,21.8,65.1,76.2,69.2,100,False,No_Anomaly
S291,Machine Learning,F08,24.9,73.3,71.9,78.8,100,False,No_Anomaly
S291,Computer Networks,F02,24.9,73.3,71.9,69.4,100,False,No_Anomaly
S291,Compiler Design,F03,24.9,73.3,71.9,84.3,100,False,No_Anomaly
S291,Software Engineering,F08,24.9,73.3,71.9,76.0,100,False,No_Anomaly
S292,Machine Learning,F06,14.2,70.8,63.1,63.6,100,False,No_Anomaly
S292,Computer Networks,F03,14.2,70.8,63.1,61.6,100,False,No_Anomaly
S292,Compiler Design,F06,14.2,70.8,63.1,95.9,100,True,Severe_Overmarking
S292,Software Engineering,F04,14.2,70.8,63.1,64.7,100,False,No_Anomaly
S293,Machine Learning,F02,21.6,69.9,79.8,62.5,100,False,No_Anomaly
S293,Computer Networks,F02,21.6,69.9,79.8,73.4,100,False,No_Anomaly
S293,Compiler Design,F03,21.6,69.9,79.8,75.4,100,False,No_Anomaly
S293,Software Engineering,F08,21.6,69.9,79.8,79.4,100,False,No_Anomaly
S294,Machine Learning,F07,25.8,69.7,84.3,62.0,100,False,No_Anomaly
S294,Computer Networks,F07,25.8,69.7,84.3,76.5,100,False,No_Anomaly
S294,Compiler Design,F06,25.8,69.7,84.3,78.7,100,False,No_Anomaly
S294,Software Engineering,F05,25.8,69.7,84.3,69.7,100,False,No_Anomaly
S295,Machine Learning,F05,17.6,56.7,70.3,62.2,100,False,No_Anomaly
S295,Computer Networks,F02,17.6,56.7,70.3,62.0,100,False,No_Anomaly
S295,Compiler Design,F01,17.6,56.7,70.3,51.4,100,False,No_Anomaly
S295,Software Engineering,F06,17.6,56.7,70.3,62.1,100,False,No_Anomaly
S296,Machine Learning,F05,20.3,73.5,94.4,79.1,100,False,No_Anomaly
S296,Computer Networks,F06,20.3,73.5,94.4,77.4,100,False,No_Anomaly
S296,Compiler Design,F03,20.3,73.5,94.4,74.5,100,False,No_Anomaly
S296,Software Engineering,F06,20.3,73.5,94.4,74.4,100,False,No_Anomaly
S297,Machine Learning,F06,18.7,40.0,65.0,54.2,100,False,No_Anomaly
S297,Computer Networks,F06,18.7,40.0,65.0,51.6,100,False,No_Anomaly
S297,Compiler Design,F03,18.7,40.0,65.0,48.9,100,False,No_Anomaly
S297,Software Engineering,F04,18.7,40.0,65.0,60.7,100,False,No_Anomaly
S298,Machine Learning,F04,22.2,63.3,77.9,68.3,100,False,No_Anomaly
S298,Computer Networks,F06,22.2,63.3,77.9,74.0,100,False,No_Anomaly
S298,Compiler Design,F03,22.2,63.3,77.9,67.2,100,False,No_Anomaly
S298,Software Engineering,F06,22.2,63.3,77.9,75.1,100,False,No_Anomaly
S299,Machine Learning,F03,19.3,66.3,92.5,72.8,100,False,No_Anomaly
S299,Computer Networks,F04,19.3,66.3,92.5,71.6,100,False,No_Anomaly
S299,Compiler Design,F08,19.3,66.3,92.5,71.8,100,False,No_Anomaly
S299,Software Engineering,F02,19.3,66.3,92.5,67.0,100,False,No_Anomaly
S300,Machine Learning,F04,15.9,59.7,86.8,66.7,100,False,No_Anomaly
S300,Computer Networks,F01,15.9,59.7,86.8,65.2,100,False,No_Anomaly
S300,Compiler Design,F05,15.9,59.7,86.8,58.1,100,False,No_Anomaly
S300,Software Engineering,F01,15.9,59.7,86.8,58.7,100,False,No_Anomaly
S301,Machine Learning,F01,21.4,74.7,83.0,76.4,100,False,No_Anomaly
S301,Computer Networks,F02,21.4,74.7,83.0,73.8,100,False,No_Anomaly
S301,Compiler Design,F01,21.4,74.7,83.0,79.8,100,False,No_Anomaly
S301,Software Engineering,F04,21.4,74.7,83.0,77.8,100,False,No_Anomaly
S302,Machine Learning,F04,30.0,89.1,75.8,100.0,100,True,Severe_Overmarking
S302,Computer Networks,F04,30.0,89.1,75.8,92.1,100,False,No_Anomaly
S302,Compiler Design,F02,30.0,89.1,75.8,85.7,100,False,No_Anomaly
S302,Software Engineering,F05,30.0,89.1,75.8,72.5,100,False,No_Anomaly
S303,Machine Learning,F01,22.3,67.3,69.2,67.2,100,False,No_Anomaly
S303,Computer Networks,F05,22.3,67.3,69.2,69.4,100,False,No_Anomaly
S303,Compiler Design,F01,22.3,67.3,69.2,70.4,100,False,No_Anomaly
S303,Software Engineering,F05,22.3,67.3,69.2,77.2,100,False,No_Anomaly
S304,Machine Learning,F03,23.6,57.1,74.5,69.1,100,False,No_Anomaly
S304,Computer Networks,F05,23.6,57.1,74.5,67.4,100,False,No_Anomaly
S304,Compiler Design,F05,23.6,57.1,74.5,41.8,100,True,Severe_Undermarking
S304,Software Engineering,F06,23.6,57.1,74.5,62.9,100,False,No_Anomaly
S305,Machine Learning,F06,25.9,76.7,75.8,76.1,100,False,No_Anomaly
S305,Computer Networks,F07,25.9,76.7,75.8,76.4,100,False,No_Anomaly
S305,Compiler Design,F01,25.9,76.7,75.8,74.5,100,False,No_Anomaly
S305,Software Engineering,F03,25.9,76.7,75.8,71.9,100,False,No_Anomaly
S306,Machine Learning,F06,24.1,83.9,96.4,100.0,100,True,Severe_Overmarking
S306,Computer Networks,F02,24.1,83.9,96.4,90.8,100,False,No_Anomaly
S306,Compiler Design,F01,24.1,83.9,96.4,89.0,100,False,No_Anomaly
S306,Software Engineering,F07,24.1,83.9,96.4,80.0,100,False,No_Anomaly
S307,Machine Learning,F01,20.7,86.4,63.2,74.1,100,False,No_Anomaly
S307,Computer Networks,F07,20.7,86.4,63.2,63.2,100,False,No_Anomaly
S307,Compiler Design,F01,20.7,86.4,63.2,89.2,100,False,No_Anomaly
S307,Software Engineering,F02,20.7,86.4,63.2,73.9,100,False,No_Anomaly
S308,Machine Learning,F03,19.7,59.6,83.2,66.4,100,False,No_Anomaly
S308,Computer Networks,F02,19.7,59.6,83.2,64.1,100,False,No_Anomaly
S308,Compiler Design,F08,19.7,59.6,83.2,66.0,100,False,No_Anomaly
S308,Software Engineering,F02,19.7,59.6,83.2,69.7,100,False,No_Anomaly
S309,Machine Learning,F05,21.3,68.0,100.0,81.4,100,False,No_Anomaly
S309,Computer Networks,F05,21.3,68.0,100.0,81.5,100,False,No_Anomaly
S309,Compiler Design,F08,21.3,68.0,100.0,74.3,100,False,No_Anomaly
S309,Software Engineering,F01,21.3,68.0,100.0,82.8,100,False,No_Anomaly
S310,Machine Learning,F04,22.3,75.0,79.7,70.1,100,False,No_Anomaly
S310,Computer Networks,F05,22.3,75.0,79.7,74.6,100,False,No_Anomaly
S310,Compiler Design,F05,22.3,75.0,79.7,83.7,100,False,No_Anomaly
S310,Software Engineering,F01,22.3,75.0,79.7,100.0,100,True,Severe_Overmarking
S311,Machine Learning,F05,26.7,70.1,86.5,78.5,100,False,No_Anomaly
S311,Computer Networks,F01,26.7,70.1,86.5,84.9,100,False,No_Anomaly
S311,Compiler Design,F05,26.7,70.1,86.5,79.8,100,False,No_Anomaly
S311,Software Engineering,F08,26.7,70.1,86.5,82.2,100,False,No_Anomaly
S312,Machine Learning,F05,24.4,89.8,85.1,90.7,100,False,No_Anomaly
S312,Computer Networks,F08,24.4,89.8,85.1,93.3,100,False,No_Anomaly
S312,Compiler Design,F04,24.4,89.8,85.1,92.6,100,False,No_Anomaly
S312,Software Engineering,F08,24.4,89.8,85.1,86.4,100,False,No_Anomaly
S313,Machine Learning,F07,25.8,56.2,81.1,65.8,100,False,No_Anomaly
S313,Computer Networks,F08,25.8,56.2,81.1,71.2,100,False,No_Anomaly
S313,Compiler Design,F06,25.8,56.2,81.1,77.4,100,False,No_Anomaly
S313,Software Engineering,F04,25.8,56.2,81.1,72.0,100,False,No_Anomaly
S314,Machine Learning,F06,25.5,80.4,84.1,81.8,100,False,No_Anomaly
S314,Computer Networks,F05,25.5,80.4,84.1,82.1,100,False,No_Anomaly
S314,Compiler Design,F07,25.5,80.4,84.1,74.4,100,False,No_Anomaly
S314,Software Engineering,F03,25.5,80.4,84.1,81.0,100,False,No_Anomaly
S315,Machine Learning,F01,23.2,75.9,94.0,82.1,100,False,No_Anomaly
S315,Computer Networks,F01,23.2,75.9,94.0,79.0,100,False,No_Anomaly
S315,Compiler Design,F08,23.2,75.9,94.0,49.8,100,True,Severe_Undermarking
S315,Software Engineering,F06,23.2,75.9,94.0,81.4,100,False,No_Anomaly
S316,Machine Learning,F01,10.3,65.7,85.4,54.1,100,False,No_Anomaly
S316,Computer Networks,F06,10.3,65.7,85.4,79.1,100,False,No_Anomaly
S316,Compiler Design,F01,10.3,65.7,85.4,53.7,100,False,No_Anomaly
S316,Software Engineering,F01,10.3,65.7,85.4,57.8,100,False,No_Anomaly
S317,Machine Learning,F06,15.1,74.6,50.0,68.2,100,False,No_Anomaly
S317,Computer Networks,F08,15.1,74.6,50.0,65.1,100,False,No_Anomaly
S317,Compiler Design,F08,15.1,74.6,50.0,61.1,100,False,No_Anomaly
S317,Software Engineering,F04,15.1,74.6,50.0,65.6,100,False,No_Anomaly
S318,Machine Learning,F03,17.4,75.4,86.8,73.4,100,False,No_Anomaly
S318,Computer Networks,F04,17.4,75.4,86.8,68.7,100,False,No_Anomaly
S318,Compiler Design,F01,17.4,75.4,86.8,67.9,100,False,No_Anomaly
S318,Software Engineering,F05,17.4,75.4,86.8,78.3,100,False,No_Anomaly
S319,Machine Learning,F02,20.1,61.5,95.7,68.2,100,False,No_Anomaly
S319,Computer Networks,F03,20.1,61.5,95.7,60.5,100,False,No_Anomaly
S319,Compiler Design,F03,20.1,61.5,95.7,70.2,100,False,No_Anomaly
S319,Software Engineering,F06,20.1,61.5,95.7,78.8,100,False,No_Anomaly
S320,Machine Learning,F02,23.6,96.9,82.0,84.7,100,False,No_Anomaly
S320,Computer Networks,F06,23.6,96.9,82.0,72.2,100,False,No_Anomaly
S320,Compiler Design,F03,23.6,96.9,82.0,79.8,100,False,No_Anomaly
S320,Software Engineering,F07,23.6,96.9,82.0,65.3,100,True,Severe_Undermarking
S321,Machine Learning,F03,18.0,89.4,83.3,84.2,100,False,No_Anomaly
S321,Computer Networks,F08,18.0,89.4,83.3,79.9,100,False,No_Anomaly
S321,Compiler Design,F06,18.0,89.4,83.3,81.8,100,False,No_Anomaly
S321,Software Engineering,F05,18.0,89.4,83.3,81.7,100,False,No_Anomaly
S322,Machine Learning,F07,16.5,68.7,81.6,65.0,100,False,No_Anomaly
S322,Computer Networks,F04,16.5,68.7,81.6,100.0,100,True,Severe_Overmarking
S322,Compiler Design,F05,16.5,68.7,81.6,66.4,100,False,No_Anomaly
S322,Software Engineering,F01,16.5,68.7,81.6,61.2,100,False,No_Anomaly
S323,Machine Learning,F06,25.7,66.9,74.6,73.8,100,False,No_Anomaly
S323,Computer Networks,F05,25.7,66.9,74.6,75.3,100,False,No_Anomaly
S323,Compiler Design,F04,25.7,66.9,74.6,66.1,100,False,No_Anomaly
S323,Software Engineering,F01,25.7,66.9,74.6,71.3,100,False,No_Anomaly
S324,Machine Learning,F05,21.6,70.4,79.2,51.8,100,True,Severe_Undermarking
S324,Computer Networks,F07,21.6,70.4,79.2,78.1,100,False,No_Anomaly
S324,Compiler Design,F06,21.6,70.4,79.2,67.3,100,False,No_Anomaly
S324,Software Engineering,F05,21.6,70.4,79.2,67.0,100,False,No_Anomaly
S325,Machine Learning,F01,18.0,72.7,88.2,59.5,100,False,No_Anomaly
S325,Computer Networks,F02,18.0,72.7,88.2,79.9,100,False,No_Anomaly
S325,Compiler Design,F04,18.0,72.7,88.2,71.4,100,False,No_Anomaly
S325,Software Engineering,F08,18.0,72.7,88.2,65.6,100,False,No_Anomaly
S326,Machine Learning,F07,20.4,57.5,93.0,63.5,100,False,No_Anomaly
S326,Computer Networks,F06,20.4,57.5,93.0,65.8,100,False,No_Anomaly
S326,Compiler Design,F02,20.4,57.5,93.0,72.2,100,False,No_Anomaly
S326,Software Engineering,F02,20.4,57.5,93.0,67.1,100,False,No_Anomaly
S327,Machine Learning,F02,23.9,53.0,86.4,74.3,100,False,No_Anomaly
S327,Computer Networks,F02,23.9,53.0,86.4,64.9,100,False,No_Anomaly
S327,Compiler Design,F08,23.9,53.0,86.4,67.1,100,False,No_Anomaly
S327,Software Engineering,F04,23.9,53.0,86.4,63.7,100,False,No_Anomaly
S328,Machine Learning,F03,24.9,51.6,84.3,87.2,100,True,Severe_Overmarking
S328,Computer Networks,F07,24.9,51.6,84.3,48.1,100,True,Severe_Undermarking
S328,Compiler Design,F04,24.9,51.6,84.3,69.9,100,False,No_Anomaly
S328,Software Engineering,F06,24.9,51.6,84.3,67.1,100,False,No_Anomaly
S329,Machine Learning,F07,16.4,74.5,88.3,62.2,100,False,No_Anomaly
S329,Computer Networks,F04,16.4,74.5,88.3,65.5,100,False,No_Anomaly
S329,Compiler Design,F03,16.4,74.5,88.3,82.4,100,False,No_Anomaly
S329,Software Engineering,F08,16.4,74.5,88.3,74.2,100,False,No_Anomaly
S330,Machine Learning,F03,20.1,74.0,79.0,70.1,100,False,No_Anomaly
S330,Computer Networks,F07,20.1,74.0,79.0,67.7,100,False,No_Anomaly
S330,Compiler Design,F07,20.1,74.0,79.0,78.5,100,False,No_Anomaly
S330,Software Engineering,F01,20.1,74.0,79.0,69.7,100,False,No_Anomaly
S331,Machine Learning,F01,29.2,80.4,96.8,83.9,100,False,No_Anomaly
S331,Computer Networks,F08,29.2,80.4,96.8,95.6,100,False,No_Anomaly
S331,Compiler Design,F06,29.2,80.4,96.8,84.4,100,False,No_Anomaly
S331,Software Engineering,F05,29.2,80.4,96.8,80.7,100,False,No_Anomaly
S332,Machine Learning,F07,23.4,85.8,80.9,80.9,100,False,No_Anomaly
S332,Computer Networks,F07,23.4,85.8,80.9,74.7,100,False,No_Anomaly
S332,Compiler Design,F04,23.4,85.8,80.9,79.6,100,False,No_Anomaly
S332,Software Engineering,F04,23.4,85.8,80.9,76.8,100,False,No_Anomaly
S333,Machine Learning,F05,22.5,79.2,83.2,80.5,100,False,No_Anomaly
S333,Computer Networks,F07,22.5,79.2,83.2,74.0,100,False,No_Anomaly
S333,Compiler Design,F04,22.5,79.2,83.2,74.6,100,False,No_Anomaly
S333,Software Engineering,F06,22.5,79.2,83.2,81.5,100,False,No_Anomaly
S334,Machine Learning,F03,19.1,79.9,81.4,76.2,100,False,No_Anomaly
S334,Computer Networks,F03,19.1,79.9,81.4,76.2,100,False,No_Anomaly
S334,Compiler Design,F04,19.1,79.9,81.4,79.9,100,False,No_Anomaly
S334,Software Engineering,F02,19.1,79.9,81.4,70.9,100,False,No_Anomaly
S335,Machine Learning,F04,22.0,65.0,88.3,76.8,100,False,No_Anomaly
S335,Computer Networks,F08,22.0,65.0,88.3,77.2,100,False,No_Anomaly
S335,Compiler Design,F06,22.0,65.0,88.3,76.2,100,False,No_Anomaly
S335,Software Engineering,F08,22.0,65.0,88.3,72.9,100,False,No_Anomaly
S336,Machine Learning,F05,20.5,74.1,88.7,75.7,100,False,No_Anomaly
S336,Computer Networks,F02,20.5,74.1,88.7,70.6,100,False,No_Anomaly
S336,Compiler Design,F05,20.5,74.1,88.7,77.4,100,False,No_Anomaly
S336,Software Engineering,F06,20.5,74.1,88.7,73.9,100,False,No_Anomaly
S337,Machine Learning,F01,17.1,79.1,85.8,70.5,100,False,No_Anomaly
S337,Computer Networks,F05,17.1,79.1,85.8,73.6,100,False,No_Anomaly
S337,Compiler Design,F01,17.1,79.1,85.8,70.7,100,False,No_Anomaly
S337,Software Engineering,F06,17.1,79.1,85.8,76.7,100,False,No_Anomaly
S338,Machine Learning,F05,15.4,87.3,77.0,74.5,100,False,No_Anomaly
S338,Computer Networks,F04,15.4,87.3,77.0,68.5,100,False,No_Anomaly
S338,Compiler Design,F05,15.4,87.3,77.0,72.9,100,False,No_Anomaly
S338,Software Engineering,F06,15.4,87.3,77.0,48.3,100,True,Severe_Undermarking
S339,Machine Learning,F01,22.2,57.5,71.8,66.2,100,False,No_Anomaly
S339,Computer Networks,F05,22.2,57.5,71.8,68.8,100,False,No_Anomaly
S339,Compiler Design,F04,22.2,57.5,71.8,64.0,100,False,No_Anomaly
S339,Software Engineering,F07,22.2,57.5,71.8,52.7,100,False,No_Anomaly
S340,Machine Learning,F07,24.5,66.7,78.6,75.3,100,False,No_Anomaly
S340,Computer Networks,F01,24.5,66.7,78.6,78.3,100,False,No_Anomaly
S340,Compiler Design,F02,24.5,66.7,78.6,66.9,100,False,No_Anomaly
S340,Software Engineering,F08,24.5,66.7,78.6,71.4,100,False,No_Anomaly
S341,Machine Learning,F04,23.6,74.1,85.2,68.3,100,False,No_Anomaly
S341,Computer Networks,F01,23.6,74.1,85.2,84.5,100,False,No_Anomaly
S341,Compiler Design,F06,23.6,74.1,85.2,71.5,100,False,No_Anomaly
S341,Software Engineering,F03,23.6,74.1,85.2,87.2,100,False,No_Anomaly
S342,Machine Learning,F02,20.5,77.4,60.9,75.1,100,False,No_Anomaly
S342,Computer Networks,F06,20.5,77.4,60.9,72.5,100,False,No_Anomaly
S342,Compiler Design,F05,20.5,77.4,60.9,84.2,100,False,No_Anomaly
S342,Software Engineering,F01,20.5,77.4,60.9,75.2,100,False,No_Anomaly
S343,Machine Learning,F04,22.0,43.8,82.4,60.8,100,False,No_Anomaly
S343,Computer Networks,F04,22.0,43.8,82.4,62.0,100,False,No_Anomaly
S343,Compiler Design,F01,22.0,43.8,82.4,63.5,100,False,No_Anomaly
S343,Software Engineering,F01,22.0,43.8,82.4,52.4,100,False,No_Anomaly
S344,Machine Learning,F01,22.8,82.5,93.9,82.3,100,False,No_Anomaly
S344,Computer Networks,F03,22.8,82.5,93.9,100.0,100,True,Severe_Overmarking
S344,Compiler Design,F03,22.8,82.5,93.9,88.1,100,False,No_Anomaly
S344,Software Engineering,F01,22.8,82.5,93.9,84.9,100,False,No_Anomaly
S345,Machine Learning,F02,19.9,64.0,86.9,77.5,100,False,No_Anomaly
S345,Computer Networks,F02,19.9,64.0,86.9,68.1,100,False,No_Anomaly
S345,Compiler Design,F02,19.9,64.0,86.9,64.5,100,False,No_Anomaly
S345,Software Engineering,F04,19.9,64.0,86.9,68.9,100,False,No_Anomaly
S346,Machine Learning,F02,19.8,70.0,91.9,79.7,100,False,No_Anomaly
S346,Computer Networks,F01,19.8,70.0,91.9,80.7,100,False,No_Anomaly
S346,Compiler Design,F04,19.8,70.0,91.9,72.7,100,False,No_Anomaly
S346,Software Engineering,F01,19.8,70.0,91.9,64.6,100,False,No_Anomaly
S347,Machine Learning,F06,18.2,79.7,88.8,100.0,100,True,Severe_Overmarking
S347,Computer Networks,F01,18.2,79.7,88.8,86.6,100,False,No_Anomaly
S347,Compiler Design,F06,18.2,79.7,88.8,71.9,100,False,No_Anomaly
S347,Software Engineering,F02,18.2,79.7,88.8,74.6,100,False,No_Anomaly
S348,Machine Learning,F04,22.4,81.7,89.0,79.5,100,False,No_Anomaly
S348,Computer Networks,F01,22.4,81.7,89.0,83.0,100,False,No_Anomaly
S348,Compiler Design,F01,22.4,81.7,89.0,79.6,100,False,No_Anomaly
S348,Software Engineering,F07,22.4,81.7,89.0,75.7,100,False,No_Anomaly
S349,Machine Learning,F08,19.8,60.9,73.4,62.4,100,False,No_Anomaly
S349,Computer Networks,F02,19.8,60.9,73.4,58.6,100,False,No_Anomaly
S349,Compiler Design,F04,19.8,60.9,73.4,58.2,100,False,No_Anomaly
S349,Software Engineering,F02,19.8,60.9,73.4,32.6,100,True,Severe_Undermarking
S350,Machine Learning,F07,23.8,76.5,72.4,72.7,100,False,No_Anomaly
S350,Computer Networks,F07,23.8,76.5,72.4,67.8,100,False,No_Anomaly
S350,Compiler Design,F07,23.8,76.5,72.4,72.4,100,False,No_Anomaly
S350,Software Engineering,F03,23.8,76.5,72.4,75.9,100,False,No_Anomaly
S351,Machine Learning,F08,22.4,55.1,80.0,72.1,100,False,No_Anomaly
S351,Computer Networks,F03,22.4,55.1,80.0,75.2,100,False,No_Anomaly
S351,Compiler Design,F03,22.4,55.1,80.0,68.0,100,False,No_Anomaly
S351,Software Engineering,F01,22.4,55.1,80.0,75.9,100,False,No_Anomaly
S352,Machine Learning,F03,27.9,98.0,68.2,94.2,100,False,No_Anomaly
S352,Computer Networks,F04,27.9,98.0,68.2,67.5,100,True,Severe_Undermarking
S352,Compiler Design,F04,27.9,98.0,68.2,85.3,100,False,No_Anomaly
S352,Software Engineering,F03,27.9,98.0,68.2,88.4,100,False,No_Anomaly
S353,Machine Learning,F02,22.5,71.8,86.1,67.2,100,False,No_Anomaly
S353,Computer Networks,F04,22.5,71.8,86.1,83.6,100,False,No_Anomaly
S353,Compiler Design,F03,22.5,71.8,86.1,77.3,100,False,No_Anomaly
S353,Software Engineering,F05,22.5,71.8,86.1,76.3,100,False,No_Anomaly
S354,Machine Learning,F02,27.8,75.3,80.5,76.5,100,False,No_Anomaly
S354,Computer Networks,F02,27.8,75.3,80.5,86.5,100,False,No_Anomaly
S354,Compiler Design,F03,27.8,75.3,80.5,80.4,100,False,No_Anomaly
S354,Software Engineering,F02,27.8,75.3,80.5,82.6,100,False,No_Anomaly
S355,Machine Learning,F05,19.4,64.5,93.3,71.8,100,False,No_Anomaly
S355,Computer Networks,F07,19.4,64.5,93.3,72.2,100,False,No_Anomaly
S355,Compiler Design,F07,19.4,64.5,93.3,75.9,100,False,No_Anomaly
S355,Software Engineering,F01,19.4,64.5,93.3,72.3,100,False,No_Anomaly
S356,Machine Learning,F03,23.8,69.3,71.3,73.4,100,False,No_Anomaly
S356,Computer Networks,F08,23.8,69.3,71.3,69.3,100,False,No_Anomaly
S356,Compiler Design,F08,23.8,69.3,71.3,63.5,100,False,No_Anomaly
S356,Software Engineering,F05,23.8,69.3,71.3,75.6,100,False,No_Anomaly
S357,Machine Learning,F02,21.2,87.3,81.2,82.8,100,False,No_Anomaly
S357,Computer Networks,F07,21.2,87.3,81.2,82.9,100,False,No_Anomaly
S357,Compiler Design,F01,21.2,87.3,81.2,86.8,100,False,No_Anomaly
S357,Software Engineering,F04,21.2,87.3,81.2,84.7,100,False,No_Anomaly
S358,Machine Learning,F06,15.6,56.6,79.7,67.3,100,False,No_Anomaly
S358,Computer Networks,F08,15.6,56.6,79.7,60.6,100,False,No_Anomaly
S358,Compiler Design,F04,15.6,56.6,79.7,64.3,100,False,No_Anomaly
S358,Software Engineering,F08,15.6,56.6,79.7,62.2,100,False,No_Anomaly
S359,Machine Learning,F03,27.3,59.0,84.3,67.1,100,False,No_Anomaly
S359,Computer Networks,F03,27.3,59.0,84.3,73.3,100,False,No_Anomaly
S359,Compiler Design,F04,27.3,59.0,84.3,75.4,100,False,No_Anomaly
S359,Software Engineering,F03,27.3,59.0,84.3,74.0,100,False,No_Anomaly
S360,Machine Learning,F01,27.7,98.0,76.1,87.5,100,False,No_Anomaly
S360,Computer Networks,F02,27.7,98.0,76.1,100.0,100,True,Severe_Overmarking
S360,Compiler Design,F02,27.7,98.0,76.1,95.8,100,False,No_Anomaly
S360,Software Engineering,F07,27.7,98.0,76.1,85.7,100,False,No_Anomaly
S361,Machine Learning,F03,23.7,72.9,80.5,77.8,100,False,No_Anomaly
S361,Computer Networks,F01,23.7,72.9,80.5,76.1,100,False,No_Anomaly
S361,Compiler Design,F01,23.7,72.9,80.5,79.6,100,False,No_Anomaly
S361,Software Engineering,F07,23.7,72.9,80.5,72.3,100,False,No_Anomaly
S362,Machine Learning,F08,20.4,70.7,83.1,80.1,100,False,No_Anomaly
S362,Computer Networks,F02,20.4,70.7,83.1,68.8,100,False,No_Anomaly
S362,Compiler Design,F01,20.4,70.7,83.1,77.9,100,False,No_Anomaly
S362,Software Engineering,F07,20.4,70.7,83.1,71.1,100,False,No_Anomaly
S363,Machine Learning,F08,24.6,53.2,66.6,65.4,100,False,No_Anomaly
S363,Computer Networks,F08,24.6,53.2,66.6,52.8,100,False,No_Anomaly
S363,Compiler Design,F03,24.6,53.2,66.6,74.2,100,False,No_Anomaly
S363,Software Engineering,F04,24.6,53.2,66.6,63.7,100,False,No_Anomaly
S364,Machine Learning,F06,22.0,66.7,76.0,65.0,100,False,No_Anomaly
S364,Computer Networks,F06,22.0,66.7,76.0,74.4,100,False,No_Anomaly
S364,Compiler Design,F02,22.0,66.7,76.0,67.7,100,False,No_Anomaly
S364,Software Engineering,F06,22.0,66.7,76.0,71.7,100,False,No_Anomaly
S365,Machine Learning,F03,19.4,79.5,83.8,76.0,100,False,No_Anomaly
S365,Computer Networks,F06,19.4,79.5,83.8,76.4,100,False,No_Anomaly
S365,Compiler Design,F06,19.4,79.5,83.8,74.9,100,False,No_Anomaly
S365,Software Engineering,F04,19.4,79.5,83.8,70.9,100,False,No_Anomaly
S366,Machine Learning,F04,24.0,84.7,97.8,78.9,100,False,No_Anomaly
S366,Computer Networks,F02,24.0,84.7,97.8,81.0,100,False,No_Anomaly
S366,Compiler Design,F03,24.0,84.7,97.8,92.9,100,False,No_Anomaly
S366,Software Engineering,F04,24.0,84.7,97.8,88.9,100,False,No_Anomaly
S367,Machine Learning,F01,26.5,81.7,94.4,73.2,100,False,No_Anomaly
S367,Computer Networks,F06,26.5,81.7,94.4,82.8,100,False,No_Anomaly
S367,Compiler Design,F03,26.5,81.7,94.4,81.1,100,False,No_Anomaly
S367,Software Engineering,F01,26.5,81.7,94.4,79.2,100,False,No_Anomaly
S368,Machine Learning,F02,24.1,77.4,88.0,76.3,100,False,No_Anomaly
S368,Computer Networks,F03,24.1,77.4,88.0,89.8,100,False,No_Anomaly
S368,Compiler Design,F07,24.1,77.4,88.0,73.4,100,False,No_Anomaly
S368,Software Engineering,F03,24.1,77.4,88.0,83.2,100,False,No_Anomaly
S369,Machine Learning,F05,16.6,56.8,89.0,66.4,100,False,No_Anomaly
S369,Computer Networks,F02,16.6,56.8,89.0,64.3,100,False,No_Anomaly
S369,Compiler Design,F03,16.6,56.8,89.0,62.6,100,False,No_Anomaly
S369,Software Engineering,F03,16.6,56.8,89.0,62.0,100,False,No_Anomaly
S370,Machine Learning,F03,25.4,60.5,95.0,71.6,100,False,No_Anomaly
S370,Computer Networks,F04,25.4,60.5,95.0,71.3,100,False,No_Anomaly
S370,Compiler Design,F08,25.4,60.5,95.0,74.3,100,False,No_Anomaly
S370,Software Engineering,F01,25.4,60.5,95.0,68.8,100,False,No_Anomaly
S371,Machine Learning,F08,17.4,87.8,79.3,68.5,100,False,No_Anomaly
S371,Computer Networks,F04,17.4,87.8,79.3,82.7,100,False,No_Anomaly
S371,Compiler Design,F07,17.4,87.8,79.3,62.7,100,False,No_Anomaly
S371,Software Engineering,F02,17.4,87.8,79.3,83.9,100,False,No_Anomaly
S372,Machine Learning,F04,22.3,67.1,83.0,69.6,100,False,No_Anomaly
S372,Computer Networks,F03,22.3,67.1,83.0,77.2,100,False,No_Anomaly
S372,Compiler Design,F07,22.3,67.1,83.0,63.9,100,False,No_Anomaly
S372,Software Engineering,F07,22.3,67.1,83.0,66.7,100,False,No_Anomaly
S373,Machine Learning,F01,23.4,83.6,78.4,82.3,100,False,No_Anomaly
S373,Computer Networks,F06,23.4,83.6,78.4,82.9,100,False,No_Anomaly
S373,Compiler Design,F02,23.4,83.6,78.4,77.6,100,False,No_Anomaly
S373,Software Engineering,F07,23.4,83.6,78.4,77.0,100,False,No_Anomaly
S374,Machine Learning,F01,22.0,58.1,86.5,76.5,100,False,No_Anomaly
S374,Computer Networks,F03,22.0,58.1,86.5,68.5,100,False,No_Anomaly
S374,Compiler Design,F01,22.0,58.1,86.5,65.3,100,False,No_Anomaly
S374,Software Engineering,F06,22.0,58.1,86.5,77.6,100,False,No_Anomaly
S375,Machine Learning,F05,21.3,61.0,79.6,71.9,100,False,No_Anomaly
S375,Computer Networks,F05,21.3,61.0,79.6,74.6,100,False,No_Anomaly
S375,Compiler Design,F07,21.3,61.0,79.6,71.9,100,False,No_Anomaly
S375,Software Engineering,F08,21.3,61.0,79.6,63.3,100,False,No_Anomaly
S376,Machine Learning,F03,21.6,66.8,99.7,66.3,100,False,No_Anomaly
S376,Computer Networks,F03,21.6,66.8,99.7,71.7,100,False,No_Anomaly
S376,Compiler Design,F04,21.6,66.8,99.7,70.7,100,False,No_Anomaly
S376,Software Engineering,F04,21.6,66.8,99.7,83.2,100,False,No_Anomaly
S377,Machine Learning,F06,18.4,67.1,61.0,71.1,100,False,No_Anomaly
S377,Computer Networks,F07,18.4,67.1,61.0,62.0,100,False,No_Anomaly
S377,Compiler Design,F07,18.4,67.1,61.0,66.8,100,False,No_Anomaly
S377,Software Engineering,F02,18.4,67.1,61.0,61.4,100,False,No_Anomaly
S378,Machine Learning,F08,27.5,66.8,75.1,70.7,100,False,No_Anomaly
S378,Computer Networks,F03,27.5,66.8,75.1,73.3,100,False,No_Anomaly
S378,Compiler Design,F01,27.5,66.8,75.1,73.9,100,False,No_Anomaly
S378,Software Engineering,F03,27.5,66.8,75.1,83.2,100,False,No_Anomaly
S379,Machine Learning,F08,22.2,68.0,94.9,61.7,100,False,No_Anomaly
S379,Computer Networks,F07,22.2,68.0,94.9,69.8,100,False,No_Anomaly
S379,Compiler Design,F06,22.2,68.0,94.9,46.2,100,True,Severe_Undermarking
S379,Software Engineering,F05,22.2,68.0,94.9,77.7,100,False,No_Anomaly
S380,Machine Learning,F01,22.0,70.4,81.1,76.3,100,False,No_Anomaly
S380,Computer Networks,F05,22.0,70.4,81.1,74.2,100,False,No_Anomaly
S380,Compiler Design,F01,22.0,70.4,81.1,77.1,100,False,No_Anomaly
S380,Software Engineering,F05,22.0,70.4,81.1,84.4,100,False,No_Anomaly
S381,Machine Learning,F01,14.0,90.6,58.8,93.3,100,True,Severe_Overmarking
S381,Computer Networks,F02,14.0,90.6,58.8,73.4,100,False,No_Anomaly
S381,Compiler Design,F02,14.0,90.6,58.8,70.8,100,False,No_Anomaly
S381,Software Engineering,F01,14.0,90.6,58.8,68.7,100,False,No_Anomaly
S382,Machine Learning,F04,24.8,63.5,82.1,75.9,100,False,No_Anomaly
S382,Computer Networks,F02,24.8,63.5,82.1,70.6,100,False,No_Anomaly
S382,Compiler Design,F08,24.8,63.5,82.1,69.9,100,False,No_Anomaly
S382,Software Engineering,F08,24.8,63.5,82.1,74.3,100,False,No_Anomaly
S383,Machine Learning,F08,26.1,75.7,78.2,78.2,100,False,No_Anomaly
S383,Computer Networks,F02,26.1,75.7,78.2,76.0,100,False,No_Anomaly
S383,Compiler Design,F04,26.1,75.7,78.2,73.0,100,False,No_Anomaly
S383,Software Engineering,F04,26.1,75.7,78.2,81.1,100,False,No_Anomaly
S384,Machine Learning,F07,25.9,82.4,83.8,73.5,100,False,No_Anomaly
S384,Computer Networks,F02,25.9,82.4,83.8,73.9,100,False,No_Anomaly
S384,Compiler Design,F03,25.9,82.4,83.8,79.6,100,False,No_Anomaly
S384,Software Engineering,F08,25.9,82.4,83.8,82.8,100,False,No_Anomaly
S385,Machine Learning,F02,24.8,73.3,76.4,71.5,100,False,No_Anomaly
S385,Computer Networks,F06,24.8,73.3,76.4,69.5,100,False,No_Anomaly
S385,Compiler Design,F04,24.8,73.3,76.4,72.9,100,False,No_Anomaly
S385,Software Engineering,F07,24.8,73.3,76.4,100.0,100,True,Severe_Overmarking
S386,Machine Learning,F03,27.9,71.3,82.0,72.2,100,False,No_Anomaly
S386,Computer Networks,F03,27.9,71.3,82.0,72.9,100,False,No_Anomaly
S386,Compiler Design,F01,27.9,71.3,82.0,79.8,100,False,No_Anomaly
S386,Software Engineering,F06,27.9,71.3,82.0,75.4,100,False,No_Anomaly
S387,Machine Learning,F06,17.3,40.6,67.8,49.0,100,False,No_Anomaly
S387,Computer Networks,F03,17.3,40.6,67.8,55.2,100,False,No_Anomaly
S387,Compiler Design,F06,17.3,40.6,67.8,58.6,100,False,No_Anomaly
S387,Software Engineering,F08,17.3,40.6,67.8,64.9,100,False,No_Anomaly
S388,Machine Learning,F03,16.0,65.6,79.5,66.3,100,False,No_Anomaly
S388,Computer Networks,F08,16.0,65.6,79.5,63.6,100,False,No_Anomaly
S388,Compiler Design,F04,16.0,65.6,79.5,71.5,100,False,No_Anomaly
S388,Software Engineering,F05,16.0,65.6,79.5,70.4,100,False,No_Anomaly
S389,Machine Learning,F04,30.0,58.2,73.4,82.9,100,False,No_Anomaly
S389,Computer Networks,F03,30.0,58.2,73.4,69.2,100,False,No_Anomaly
S389,Compiler Design,F07,30.0,58.2,73.4,61.7,100,False,No_Anomaly
S389,Software Engineering,F08,30.0,58.2,73.4,67.5,100,False,No_Anomaly
S390,Machine Learning,F07,20.5,91.6,77.9,75.2,100,False,No_Anomaly
S390,Computer Networks,F03,20.5,91.6,77.9,76.6,100,False,No_Anomaly
S390,Compiler Design,F04,20.5,91.6,77.9,73.3,100,False,No_Anomaly
S390,Software Engineering,F04,20.5,91.6,77.9,79.8,100,False,No_Anomaly
S391,Machine Learning,F05,21.5,56.2,62.9,64.1,100,False,No_Anomaly
S391,Computer Networks,F02,21.5,56.2,62.9,53.9,100,False,No_Anomaly
S391,Compiler Design,F01,21.5,56.2,62.9,61.2,100,False,No_Anomaly
S391,Software Engineering,F04,21.5,56.2,62.9,52.6,100,False,No_Anomaly
S392,Machine Learning,F06,15.6,58.0,81.2,54.9,100,False,No_Anomaly
S392,Computer Networks,F05,15.6,58.0,81.2,64.8,100,False,No_Anomaly
S392,Compiler Design,F06,15.6,58.0,81.2,66.0,100,False,No_Anomaly
S392,Software Engineering,F05,15.6,58.0,81.2,70.5,100,False,No_Anomaly
S393,Machine Learning,F02,23.5,60.9,83.5,69.5,100,False,No_Anomaly
S393,Computer Networks,F08,23.5,60.9,83.5,93.5,100,True,Severe_Overmarking
S393,Compiler Design,F03,23.5,60.9,83.5,69.7,100,False,No_Anomaly
S393,Software Engineering,F05,23.5,60.9,83.5,74.5,100,False,No_Anomaly
S394,Machine Learning,F08,25.4,75.0,68.8,76.3,100,False,No_Anomaly
S394,Computer Networks,F06,25.4,75.0,68.8,84.0,100,False,No_Anomaly
S394,Compiler Design,F07,25.4,75.0,68.8,51.3,100,True,Severe_Undermarking
S394,Software Engineering,F07,25.4,75.0,68.8,76.7,100,False,No_Anomaly
S395,Machine Learning,F02,22.0,60.4,88.3,59.9,100,False,No_Anomaly
S395,Computer Networks,F05,22.0,60.4,88.3,73.5,100,False,No_Anomaly
S395,Compiler Design,F07,22.0,60.4,88.3,69.8,100,False,No_Anomaly
S395,Software Engineering,F04,22.0,60.4,88.3,74.2,100,False,No_Anomaly
S396,Machine Learning,F06,23.5,53.5,78.8,68.4,100,False,No_Anomaly
S396,Computer Networks,F08,23.5,53.5,78.8,67.4,100,False,No_Anomaly
S396,Compiler Design,F05,23.5,53.5,78.8,31.0,100,True,Severe_Undermarking
S396,Software Engineering,F04,23.5,53.5,78.8,71.6,100,False,No_Anomaly
S397,Machine Learning,F04,28.1,77.4,80.6,80.6,100,False,No_Anomaly
S397,Computer Networks,F07,28.1,77.4,80.6,82.0,100,False,No_Anomaly
S397,Compiler Design,F03,28.1,77.4,80.6,85.2,100,False,No_Anomaly
S397,Software Engineering,F08,28.1,77.4,80.6,88.8,100,False,No_Anomaly
S398,Machine Learning,F02,25.0,82.1,79.4,80.4,100,False,No_Anomaly
S398,Computer Networks,F07,25.0,82.1,79.4,79.4,100,False,No_Anomaly
S398,Compiler Design,F06,25.0,82.1,79.4,82.6,100,False,No_Anomaly
S398,Software Engineering,F02,25.0,82.1,79.4,81.9,100,False,No_Anomaly
S399,Machine Learning,F07,17.1,93.2,100.0,82.1,100,False,No_Anomaly
S399,Computer Networks,F02,17.1,93.2,100.0,82.1,100,False,No_Anomaly
S399,Compiler Design,F06,17.1,93.2,100.0,85.1,100,False,No_Anomaly
S399,Software Engineering,F06,17.1,93.2,100.0,83.6,100,False,No_Anomaly
S400,Machine Learning,F08,17.8,58.9,96.8,64.4,100,False,No_Anomaly
S400,Computer Networks,F04,17.8,58.9,96.8,66.4,100,False,No_Anomaly
S400,Compiler Design,F02,17.8,58.9,96.8,63.6,100,False,No_Anomaly
S400,Software Engineering,F04,17.8,58.9,96.8,63.3,100,False,No_Anomaly
S401,Machine Learning,F01,23.7,54.1,77.1,86.0,100,True,Severe_Overmarking
S401,Computer Networks,F04,23.7,54.1,77.1,73.2,100,False,No_Anomaly
S401,Compiler Design,F04,23.7,54.1,77.1,68.5,100,False,No_Anomaly
S401,Software Engineering,F06,23.7,54.1,77.1,68.2,100,False,No_Anomaly
S402,Machine Learning,F04,19.3,68.8,75.5,69.9,100,False,No_Anomaly
S402,Computer Networks,F02,19.3,68.8,75.5,65.7,100,False,No_Anomaly
S402,Compiler Design,F06,19.3,68.8,75.5,70.5,100,False,No_Anomaly
S402,Software Engineering,F02,19.3,68.8,75.5,68.5,100,False,No_Anomaly
S403,Machine Learning,F01,30.0,61.5,73.2,75.0,100,False,No_Anomaly
S403,Computer Networks,F01,30.0,61.5,73.2,81.6,100,False,No_Anomaly
S403,Compiler Design,F01,30.0,61.5,73.2,74.1,100,False,No_Anomaly
S403,Software Engineering,F03,30.0,61.5,73.2,76.9,100,False,No_Anomaly
S404,Machine Learning,F02,20.0,73.6,90.9,74.2,100,False,No_Anomaly
S404,Computer Networks,F04,20.0,73.6,90.9,70.0,100,False,No_Anomaly
S404,Compiler Design,F02,20.0,73.6,90.9,67.2,100,False,No_Anomaly
S404,Software Engineering,F01,20.0,73.6,90.9,80.7,100,False,No_Anomaly
S405,Machine Learning,F07,11.4,67.8,74.9,53.8,100,False,No_Anomaly
S405,Computer Networks,F04,11.4,67.8,74.9,64.3,100,False,No_Anomaly
S405,Compiler Design,F04,11.4,67.8,74.9,56.5,100,False,No_Anomaly
S405,Software Engineering,F02,11.4,67.8,74.9,84.8,100,True,Severe_Overmarking
S406,Machine Learning,F08,13.0,53.5,63.9,50.6,100,False,No_Anomaly
S406,Computer Networks,F03,13.0,53.5,63.9,52.6,100,False,No_Anomaly
S406,Compiler Design,F06,13.0,53.5,63.9,54.9,100,False,No_Anomaly
S406,Software Engineering,F03,13.0,53.5,63.9,25.9,100,True,Severe_Undermarking
S407,Machine Learning,F08,21.8,55.7,95.2,74.1,100,False,No_Anomaly
S407,Computer Networks,F03,21.8,55.7,95.2,66.0,100,False,No_Anomaly
S407,Compiler Design,F06,21.8,55.7,95.2,78.5,100,False,No_Anomaly
S407,Software Engineering,F06,21.8,55.7,95.2,74.5,100,False,No_Anomaly
S408,Machine Learning,F04,25.1,85.5,86.1,71.2,100,False,No_Anomaly
S408,Computer Networks,F04,25.1,85.5,86.1,83.7,100,False,No_Anomaly
S408,Compiler Design,F02,25.1,85.5,86.1,76.4,100,False,No_Anomaly
S408,Software Engineering,F06,25.1,85.5,86.1,84.0,100,False,No_Anomaly
S409,Machine Learning,F06,24.9,59.2,87.2,69.6,100,False,No_Anomaly
S409,Computer Networks,F04,24.9,59.2,87.2,76.8,100,False,No_Anomaly
S409,Compiler Design,F08,24.9,59.2,87.2,75.3,100,False,No_Anomaly
S409,Software Engineering,F07,24.9,59.2,87.2,78.6,100,False,No_Anomaly
S410,Machine Learning,F06,24.3,63.1,87.6,77.0,100,False,No_Anomaly
S410,Computer Networks,F03,24.3,63.1,87.6,70.4,100,False,No_Anomaly
S410,Compiler Design,F05,24.3,63.1,87.6,71.3,100,False,No_Anomaly
S410,Software Engineering,F06,24.3,63.1,87.6,49.6,100,True,Severe_Undermarking
S411,Machine Learning,F01,17.3,63.4,70.8,71.5,100,False,No_Anomaly
S411,Computer Networks,F02,17.3,63.4,70.8,71.8,100,False,No_Anomaly
S411,Compiler Design,F04,17.3,63.4,70.8,59.1,100,False,No_Anomaly
S411,Software Engineering,F04,17.3,63.4,70.8,61.7,100,False,No_Anomaly
S412,Machine Learning,F03,18.8,71.0,85.3,73.0,100,False,No_Anomaly
S412,Computer Networks,F08,18.8,71.0,85.3,50.9,100,True,Severe_Undermarking
S412,Compiler Design,F02,18.8,71.0,85.3,64.6,100,False,No_Anomaly
S412,Software Engineering,F06,18.8,71.0,85.3,73.1,100,False,No_Anomaly
S413,Machine Learning,F06,24.5,70.3,87.7,76.1,100,False,No_Anomaly
S413,Computer Networks,F05,24.5,70.3,87.7,76.5,100,False,No_Anomaly
S413,Compiler Design,F02,24.5,70.3,87.7,81.0,100,False,No_Anomaly
S413,Software Engineering,F01,24.5,70.3,87.7,81.1,100,False,No_Anomaly
S414,Machine Learning,F05,18.0,88.6,94.8,87.7,100,False,No_Anomaly
S414,Computer Networks,F01,18.0,88.6,94.8,100.0,100,True,Severe_Overmarking
S414,Compiler Design,F05,18.0,88.6,94.8,79.6,100,False,No_Anomaly
S414,Software Engineering,F03,18.0,88.6,94.8,84.2,100,False,No_Anomaly
S415,Machine Learning,F06,26.2,90.2,76.7,75.9,100,False,No_Anomaly
S415,Computer Networks,F04,26.2,90.2,76.7,86.1,100,False,No_Anomaly
S415,Compiler Design,F06,26.2,90.2,76.7,74.1,100,False,No_Anomaly
S415,Software Engineering,F08,26.2,90.2,76.7,80.8,100,False,No_Anomaly
S416,Machine Learning,F02,14.8,70.8,77.9,67.1,100,False,No_Anomaly
S416,Computer Networks,F06,14.8,70.8,77.9,64.1,100,False,No_Anomaly
S416,Compiler Design,F06,14.8,70.8,77.9,64.6,100,False,No_Anomaly
S416,Software Engineering,F01,14.8,70.8,77.9,71.1,100,False,No_Anomaly
S417,Machine Learning,F01,25.9,67.9,66.4,66.9,100,False,No_Anomaly
S417,Computer Networks,F03,25.9,67.9,66.4,67.5,100,False,No_Anomaly
S417,Compiler Design,F01,25.9,67.9,66.4,42.7,100,True,Severe_Undermarking
S417,Software Engineering,F02,25.9,67.9,66.4,70.5,100,False,No_Anomaly
S418,Machine Learning,F08,23.2,88.2,74.0,100.0,100,True,Severe_Overmarking
S418,Computer Networks,F08,23.2,88.2,74.0,83.1,100,False,No_Anomaly
S418,Compiler Design,F02,23.2,88.2,74.0,79.7,100,False,No_Anomaly
S418,Software Engineering,F03,23.2,88.2,74.0,81.3,100,False,No_Anomaly
S419,Machine Learning,F05,25.1,61.3,75.7,66.9,100,False,No_Anomaly
S419,Computer Networks,F08,25.1,61.3,75.7,62.0,100,False,No_Anomaly
S419,Compiler Design,F02,25.1,61.3,75.7,72.9,100,False,No_Anomaly
S419,Software Engineering,F05,25.1,61.3,75.7,76.9,100,False,No_Anomaly
S420,Machine Learning,F01,20.1,69.5,99.4,71.0,100,False,No_Anomaly
S420,Computer Networks,F08,20.1,69.5,99.4,76.0,100,False,No_Anomaly
S420,Compiler Design,F04,20.1,69.5,99.4,75.1,100,False,No_Anomaly
S420,Software Engineering,F03,20.1,69.5,99.4,74.6,100,False,No_Anomaly
S421,Machine Learning,F07,25.2,82.0,83.0,84.7,100,False,No_Anomaly
S421,Computer Networks,F07,25.2,82.0,83.0,74.2,100,False,No_Anomaly
S421,Compiler Design,F04,25.2,82.0,83.0,76.9,100,False,No_Anomaly
S421,Software Engineering,F01,25.2,82.0,83.0,53.2,100,True,Severe_Undermarking
S422,Machine Learning,F07,21.5,64.6,81.5,69.2,100,False,No_Anomaly
S422,Computer Networks,F03,21.5,64.6,81.5,59.6,100,False,No_Anomaly
S422,Compiler Design,F01,21.5,64.6,81.5,95.8,100,True,Severe_Overmarking
S422,Software Engineering,F08,21.5,64.6,81.5,67.6,100,False,No_Anomaly
S423,Machine Learning,F04,24.6,60.0,88.6,76.3,100,False,No_Anomaly
S423,Computer Networks,F01,24.6,60.0,88.6,40.9,100,True,Severe_Undermarking
S423,Compiler Design,F02,24.6,60.0,88.6,71.8,100,False,No_Anomaly
S423,Software Engineering,F04,24.6,60.0,88.6,76.8,100,False,No_Anomaly
S424,Machine Learning,F05,27.8,77.1,97.4,86.4,100,False,No_Anomaly
S424,Computer Networks,F07,27.8,77.1,97.4,81.5,100,False,No_Anomaly
S424,Compiler Design,F07,27.8,77.1,97.4,77.0,100,False,No_Anomaly
S424,Software Engineering,F05,27.8,77.1,97.4,86.1,100,False,No_Anomaly
S425,Machine Learning,F04,19.5,65.5,85.7,66.8,100,False,No_Anomaly
S425,Computer Networks,F04,19.5,65.5,85.7,75.5,100,False,No_Anomaly
S425,Compiler Design,F08,19.5,65.5,85.7,68.5,100,False,No_Anomaly
S425,Software Engineering,F03,19.5,65.5,85.7,94.5,100,True,Severe_Overmarking
S426,Machine Learning,F05,28.5,70.3,76.0,69.8,100,False,No_Anomaly
S426,Computer Networks,F04,28.5,70.3,76.0,72.1,100,False,No_Anomaly
S426,Compiler Design,F02,28.5,70.3,76.0,76.6,100,False,No_Anomaly
S426,Software Engineering,F05,28.5,70.3,76.0,83.4,100,False,No_Anomaly
S427,Machine Learning,F02,26.8,74.4,79.8,62.4,100,False,No_Anomaly
S427,Computer Networks,F02,26.8,74.4,79.8,79.5,100,False,No_Anomaly
S427,Compiler Design,F03,26.8,74.4,79.8,81.5,100,False,No_Anomaly
S427,Software Engineering,F02,26.8,74.4,79.8,76.6,100,False,No_Anomaly
S428,Machine Learning,F04,25.2,44.0,61.9,62.5,100,False,No_Anomaly
S428,Computer Networks,F02,25.2,44.0,61.9,62.3,100,False,No_Anomaly
S428,Compiler Design,F03,25.2,44.0,61.9,58.4,100,False,No_Anomaly
S428,Software Engineering,F03,25.2,44.0,61.9,53.7,100,False,No_Anomaly
S429,Machine Learning,F01,16.7,70.7,84.5,73.2,100,False,No_Anomaly
S429,Computer Networks,F07,16.7,70.7,84.5,70.3,100,False,No_Anomaly
S429,Compiler Design,F07,16.7,70.7,84.5,68.0,100,False,No_Anomaly
S429,Software Engineering,F04,16.7,70.7,84.5,67.5,100,False,No_Anomaly
S430,Machine Learning,F01,25.3,69.7,100.0,74.9,100,False,No_Anomaly
S430,Computer Networks,F03,25.3,69.7,100.0,72.8,100,False,No_Anomaly
S430,Compiler Design,F01,25.3,69.7,100.0,83.2,100,False,No_Anomaly
S430,Software Engineering,F08,25.3,69.7,100.0,78.2,100,False,No_Anomaly
S431,Machine Learning,F06,20.4,72.0,77.6,40.9,100,True,Severe_Undermarking
S431,Computer Networks,F01,20.4,72.0,77.6,77.5,100,False,No_Anomaly
S431,Compiler Design,F04,20.4,72.0,77.6,75.1,100,False,No_Anomaly
S431,Software Engineering,F03,20.4,72.0,77.6,66.2,100,False,No_Anomaly
S432,Machine Learning,F06,25.4,44.4,84.6,70.0,100,False,No_Anomaly
S432,Computer Networks,F02,25.4,44.4,84.6,56.5,100,False,No_Anomaly
S432,Compiler Design,F03,25.4,44.4,84.6,63.2,100,False,No_Anomaly
S432,Software Engineering,F06,25.4,44.4,84.6,68.1,100,False,No_Anomaly
S433,Machine Learning,F05,17.4,51.1,75.4,64.9,100,False,No_Anomaly
S433,Computer Networks,F02,17.4,51.1,75.4,59.0,100,False,No_Anomaly
S433,Compiler Design,F06,17.4,51.1,75.4,65.2,100,False,No_Anomaly
S433,Software Engineering,F08,17.4,51.1,75.4,66.7,100,False,No_Anomaly
S434,Machine Learning,F03,13.7,58.4,82.5,68.9,100,False,No_Anomaly
S434,Computer Networks,F08,13.7,58.4,82.5,63.7,100,False,No_Anomaly
S434,Compiler Design,F01,13.7,58.4,82.5,62.7,100,False,No_Anomaly
S434,Software Engineering,F01,13.7,58.4,82.5,66.1,100,False,No_Anomaly
S435,Machine Learning,F05,21.0,77.4,89.5,76.5,100,False,No_Anomaly
S435,Computer Networks,F04,21.0,77.4,89.5,81.0,100,False,No_Anomaly
S435,Compiler Design,F03,21.0,77.4,89.5,76.7,100,False,No_Anomaly
S435,Software Engineering,F02,21.0,77.4,89.5,76.8,100,False,No_Anomaly
S436,Machine Learning,F08,26.9,40.2,72.0,68.0,100,False,No_Anomaly
S436,Computer Networks,F03,26.9,40.2,72.0,52.9,100,False,No_Anomaly
S436,Compiler Design,F06,26.9,40.2,72.0,65.0,100,False,No_Anomaly
S436,Software Engineering,F06,26.9,40.2,72.0,61.7,100,False,No_Anomaly
S437,Machine Learning,F01,17.3,36.7,78.5,57.5,100,False,No_Anomaly
S437,Computer Networks,F06,17.3,36.7,78.5,58.6,100,False,No_Anomaly
S437,Compiler Design,F07,17.3,36.7,78.5,54.7,100,False,No_Anomaly
S437,Software Engineering,F06,17.3,36.7,78.5,76.5,100,True,Severe_Overmarking
S438,Machine Learning,F08,23.6,79.7,75.2,57.4,100,True,Severe_Undermarking
S438,Computer Networks,F07,23.6,79.7,75.2,100.0,100,True,Severe_Overmarking
S438,Compiler Design,F07,23.6,79.7,75.2,66.4,100,False,No_Anomaly
S438,Software Engineering,F01,23.6,79.7,75.2,79.3,100,False,No_Anomaly
S439,Machine Learning,F02,21.2,76.8,100.0,71.2,100,False,No_Anomaly
S439,Computer Networks,F03,21.2,76.8,100.0,85.6,100,False,No_Anomaly
S439,Compiler Design,F03,21.2,76.8,100.0,83.1,100,False,No_Anomaly
S439,Software Engineering,F02,21.2,76.8,100.0,64.9,100,False,No_Anomaly
S440,Machine Learning,F08,26.8,74.5,67.1,85.7,100,False,No_Anomaly
S440,Computer Networks,F04,26.8,74.5,67.1,70.3,100,False,No_Anomaly
S440,Compiler Design,F06,26.8,74.5,67.1,74.0,100,False,No_Anomaly
S440,Software Engineering,F05,26.8,74.5,67.1,83.9,100,False,No_Anomaly
S441,Machine Learning,F01,21.9,60.9,76.4,60.3,100,False,No_Anomaly
S441,Computer Networks,F05,21.9,60.9,76.4,60.0,100,False,No_Anomaly
S441,Compiler Design,F07,21.9,60.9,76.4,72.2,100,False,No_Anomaly
S441,Software Engineering,F08,21.9,60.9,76.4,66.6,100,False,No_Anomaly
S442,Machine Learning,F07,25.9,51.2,84.3,72.2,100,False,No_Anomaly
S442,Computer Networks,F07,25.9,51.2,84.3,44.9,100,True,Severe_Undermarking
S442,Compiler Design,F06,25.9,51.2,84.3,58.7,100,False,No_Anomaly
S442,Software Engineering,F03,25.9,51.2,84.3,73.6,100,False,No_Anomaly
S443,Machine Learning,F05,21.5,73.5,66.1,66.3,100,False,No_Anomaly
S443,Computer Networks,F06,21.5,73.5,66.1,73.2,100,False,No_Anomaly
S443,Compiler Design,F03,21.5,73.5,66.1,73.8,100,False,No_Anomaly
S443,Software Engineering,F08,21.5,73.5,66.1,69.7,100,False,No_Anomaly
S444,Machine Learning,F03,17.7,78.9,63.2,66.2,100,False,No_Anomaly
S444,Computer Networks,F07,17.7,78.9,63.2,67.8,100,False,No_Anomaly
S444,Compiler Design,F06,17.7,78.9,63.2,70.0,100,False,No_Anomaly
S444,Software Engineering,F03,17.7,78.9,63.2,69.3,100,False,No_Anomaly
S445,Machine Learning,F06,23.6,80.5,84.7,74.2,100,False,No_Anomaly
S445,Computer Networks,F04,23.6,80.5,84.7,80.5,100,False,No_Anomaly
S445,Compiler Design,F01,23.6,80.5,84.7,78.8,100,False,No_Anomaly
S445,Software Engineering,F07,23.6,80.5,84.7,77.5,100,False,No_Anomaly
S446,Machine Learning,F07,24.6,92.3,86.7,81.3,100,False,No_Anomaly
S446,Computer Networks,F04,24.6,92.3,86.7,83.2,100,False,No_Anomaly
S446,Compiler Design,F08,24.6,92.3,86.7,83.5,100,False,No_Anomaly
S446,Software Engineering,F02,24.6,92.3,86.7,90.9,100,False,No_Anomaly
S447,Machine Learning,F05,18.8,98.0,79.9,90.0,100,False,No_Anomaly
S447,Computer Networks,F04,18.8,98.0,79.9,85.0,100,False,No_Anomaly
S447,Compiler Design,F04,18.8,98.0,79.9,100.0,100,True,Severe_Overmarking
S447,Software Engineering,F07,18.8,98.0,79.9,82.5,100,False,No_Anomaly
S448,Machine Learning,F02,19.9,75.1,86.4,68.0,100,False,No_Anomaly
S448,Computer Networks,F05,19.9,75.1,86.4,77.9,100,False,No_Anomaly
S448,Compiler Design,F05,19.9,75.1,86.4,72.6,100,False,No_Anomaly
S448,Software Engineering,F07,19.9,75.1,86.4,71.2,100,False,No_Anomaly
S449,Machine Learning,F01,23.3,57.6,100.0,84.6,100,False,No_Anomaly
S449,Computer Networks,F04,23.3,57.6,100.0,77.7,100,False,No_Anomaly
S449,Compiler Design,F01,23.3,57.6,100.0,74.7,100,False,No_Anomaly
S449,Software Engineering,F05,23.3,57.6,100.0,62.4,100,False,No_Anomaly
S450,Machine Learning,F01,21.6,61.2,91.2,76.5,100,False,No_Anomaly
S450,Computer Networks,F04,21.6,61.2,91.2,62.6,100,False,No_Anomaly
S450,Compiler Design,F04,21.6,61.2,91.2,81.4,100,False,No_Anomaly
S450,Software Engineering,F08,21.6,61.2,91.2,67.8,100,False,No_Anomaly
S451,Machine Learning,F04,16.8,67.0,87.6,72.6,100,False,No_Anomaly
S451,Computer Networks,F07,16.8,67.0,87.6,59.7,100,False,No_Anomaly
S451,Compiler Design,F08,16.8,67.0,87.6,68.8,100,False,No_Anomaly
S451,Software Engineering,F06,16.8,67.0,87.6,69.1,100,False,No_Anomaly
S452,Machine Learning,F03,23.9,74.2,100.0,78.5,100,False,No_Anomaly
S452,Computer Networks,F02,23.9,74.2,100.0,76.8,100,False,No_Anomaly
S452,Compiler Design,F08,23.9,74.2,100.0,79.0,100,False,No_Anomaly
S452,Software Engineering,F02,23.9,74.2,100.0,86.0,100,False,No_Anomaly
S453,Machine Learning,F06,20.4,65.5,76.9,61.4,100,False,No_Anomaly
S453,Computer Networks,F08,20.4,65.5,76.9,70.3,100,False,No_Anomaly
S453,Compiler Design,F08,20.4,65.5,76.9,77.6,100,False,No_Anomaly
S453,Software Engineering,F08,20.4,65.5,76.9,72.8,100,False,No_Anomaly
S454,Machine Learning,F07,25.7,67.0,78.2,75.0,100,False,No_Anomaly
S454,Computer Networks,F08,25.7,67.0,78.2,71.1,100,False,No_Anomaly
S454,Compiler Design,F07,25.7,67.0,78.2,64.4,100,False,No_Anomaly
S454,Software Engineering,F02,25.7,67.0,78.2,71.4,100,False,No_Anomaly
S455,Machine Learning,F08,20.5,49.2,90.6,62.1,100,False,No_Anomaly
S455,Computer Networks,F07,20.5,49.2,90.6,64.4,100,False,No_Anomaly
S455,Compiler Design,F08,20.5,49.2,90.6,62.1,100,False,No_Anomaly
S455,Software Engineering,F02,20.5,49.2,90.6,54.1,100,False,No_Anomaly
S456,Machine Learning,F08,27.3,74.5,70.7,85.5,100,False,No_Anomaly
S456,Computer Networks,F05,27.3,74.5,70.7,82.6,100,False,No_Anomaly
S456,Compiler Design,F02,27.3,74.5,70.7,72.1,100,False,No_Anomaly
S456,Software Engineering,F05,27.3,74.5,70.7,83.7,100,False,No_Anomaly
S457,Machine Learning,F01,15.9,84.9,91.6,78.4,100,False,No_Anomaly
S457,Computer Networks,F04,15.9,84.9,91.6,77.6,100,False,No_Anomaly
S457,Compiler Design,F03,15.9,84.9,91.6,71.7,100,False,No_Anomaly
S457,Software Engineering,F03,15.9,84.9,91.6,79.3,100,False,No_Anomaly
S458,Machine Learning,F08,15.6,79.9,86.0,75.7,100,False,No_Anomaly
S458,Computer Networks,F01,15.6,79.9,86.0,62.0,100,False,No_Anomaly
S458,Compiler Design,F03,15.6,79.9,86.0,80.4,100,False,No_Anomaly
S458,Software Engineering,F07,15.6,79.9,86.0,73.1,100,False,No_Anomaly
S459,Machine Learning,F03,24.2,69.7,85.6,79.0,100,False,No_Anomaly
S459,Computer Networks,F02,24.2,69.7,85.6,82.1,100,False,No_Anomaly
S459,Compiler Design,F07,24.2,69.7,85.6,76.0,100,False,No_Anomaly
S459,Software Engineering,F08,24.2,69.7,85.6,76.9,100,False,No_Anomaly
S460,Machine Learning,F02,27.9,72.1,84.9,78.7,100,False,No_Anomaly
S460,Computer Networks,F05,27.9,72.1,84.9,100.0,100,True,Severe_Overmarking
S460,Compiler Design,F04,27.9,72.1,84.9,73.8,100,False,No_Anomaly
S460,Software Engineering,F02,27.9,72.1,84.9,72.7,100,False,No_Anomaly
S461,Machine Learning,F06,20.7,84.7,53.3,74.9,100,False,No_Anomaly
S461,Computer Networks,F07,20.7,84.7,53.3,39.3,100,True,Severe_Undermarking
S461,Compiler Design,F07,20.7,84.7,53.3,68.5,100,False,No_Anomaly
S461,Software Engineering,F03,20.7,84.7,53.3,65.9,100,False,No_Anomaly
S462,Machine Learning,F03,22.4,68.0,64.5,75.3,100,False,No_Anomaly
S462,Computer Networks,F08,22.4,68.0,64.5,78.9,100,False,No_Anomaly
S462,Compiler Design,F06,22.4,68.0,64.5,71.7,100,False,No_Anomaly
S462,Software Engineering,F07,22.4,68.0,64.5,68.5,100,False,No_Anomaly
S463,Machine Learning,F01,23.3,85.0,71.1,79.7,100,False,No_Anomaly
S463,Computer Networks,F08,23.3,85.0,71.1,82.8,100,False,No_Anomaly
S463,Compiler Design,F02,23.3,85.0,71.1,74.9,100,False,No_Anomaly
S463,Software Engineering,F02,23.3,85.0,71.1,85.3,100,False,No_Anomaly
S464,Machine Learning,F03,27.9,59.0,75.3,63.1,100,False,No_Anomaly
S464,Computer Networks,F05,27.9,59.0,75.3,59.7,100,False,No_Anomaly
S464,Compiler Design,F01,27.9,59.0,75.3,74.5,100,False,No_Anomaly
S464,Software Engineering,F08,27.9,59.0,75.3,75.8,100,False,No_Anomaly
S465,Machine Learning,F02,14.5,63.5,86.6,68.8,100,False,No_Anomaly
S465,Computer Networks,F02,14.5,63.5,86.6,62.0,100,False,No_Anomaly
S465,Compiler Design,F06,14.5,63.5,86.6,70.6,100,False,No_Anomaly
S465,Software Engineering,F07,14.5,63.5,86.6,59.1,100,False,No_Anomaly
S466,Machine Learning,F05,21.3,92.3,88.0,93.3,100,False,No_Anomaly
S466,Computer Networks,F08,21.3,92.3,88.0,78.5,100,False,No_Anomaly
S466,Compiler Design,F03,21.3,92.3,88.0,83.9,100,False,No_Anomaly
S466,Software Engineering,F08,21.3,92.3,88.0,97.8,100,False,No_Anomaly
S467,Machine Learning,F07,26.7,76.9,67.9,69.4,100,False,No_Anomaly
S467,Computer Networks,F03,26.7,76.9,67.9,83.6,100,False,No_Anomaly
S467,Compiler Design,F02,26.7,76.9,67.9,81.2,100,False,No_Anomaly
S467,Software Engineering,F04,26.7,76.9,67.9,80.7,100,False,No_Anomaly
S468,Machine Learning,F06,20.0,66.1,80.0,65.2,100,False,No_Anomaly
S468,Computer Networks,F01,20.0,66.1,80.0,68.9,100,False,No_Anomaly
S468,Compiler Design,F08,20.0,66.1,80.0,64.2,100,False,No_Anomaly
S468,Software Engineering,F06,20.0,66.1,80.0,60.7,100,False,No_Anomaly
S469,Machine Learning,F04,23.0,63.0,88.9,65.2,100,False,No_Anomaly
S469,Computer Networks,F06,23.0,63.0,88.9,70.3,100,False,No_Anomaly
S469,Compiler Design,F08,23.0,63.0,88.9,75.6,100,False,No_Anomaly
S469,Software Engineering,F02,23.0,63.0,88.9,50.3,100,True,Severe_Undermarking
S470,Machine Learning,F05,24.1,77.8,81.9,86.6,100,False,No_Anomaly
S470,Computer Networks,F07,24.1,77.8,81.9,80.8,100,False,No_Anomaly
S470,Compiler Design,F06,24.1,77.8,81.9,76.8,100,False,No_Anomaly
S470,Software Engineering,F06,24.1,77.8,81.9,82.2,100,False,No_Anomaly
S471,Machine Learning,F05,15.7,65.0,100.0,74.1,100,False,No_Anomaly
S471,Computer Networks,F04,15.7,65.0,100.0,71.6,100,False,No_Anomaly
S471,Compiler Design,F02,15.7,65.0,100.0,65.7,100,False,No_Anomaly
S471,Software Engineering,F06,15.7,65.0,100.0,72.9,100,False,No_Anomaly
S472,Machine Learning,F02,18.6,85.1,95.7,74.1,100,False,No_Anomaly
S472,Computer Networks,F05,18.6,85.1,95.7,80.2,100,False,No_Anomaly
S472,Compiler Design,F05,18.6,85.1,95.7,81.0,100,False,No_Anomaly
S472,Software Engineering,F04,18.6,85.1,95.7,81.5,100,False,No_Anomaly
S473,Machine Learning,F04,25.9,96.8,92.0,90.2,100,False,No_Anomaly
S473,Computer Networks,F03,25.9,96.8,92.0,87.8,100,False,No_Anomaly
S473,Compiler Design,F01,25.9,96.8,92.0,89.8,100,False,No_Anomaly
S473,Software Engineering,F02,25.9,96.8,92.0,87.2,100,False,No_Anomaly
S474,Machine Learning,F06,21.2,70.3,79.8,74.9,100,False,No_Anomaly
S474,Computer Networks,F07,21.2,70.3,79.8,69.1,100,False,No_Anomaly
S474,Compiler Design,F03,21.2,70.3,79.8,69.3,100,False,No_Anomaly
S474,Software Engineering,F01,21.2,70.3,79.8,81.3,100,False,No_Anomaly
S475,Machine Learning,F06,22.7,74.7,96.0,83.8,100,False,No_Anomaly
S475,Computer Networks,F06,22.7,74.7,96.0,72.5,100,False,No_Anomaly
S475,Compiler Design,F07,22.7,74.7,96.0,67.5,100,False,No_Anomaly
S475,Software Engineering,F06,22.7,74.7,96.0,78.0,100,False,No_Anomaly
S476,Machine Learning,F08,25.7,59.1,90.2,69.5,100,False,No_Anomaly
S476,Computer Networks,F02,25.7,59.1,90.2,73.9,100,False,No_Anomaly
S476,Compiler Design,F05,25.7,59.1,90.2,76.1,100,False,No_Anomaly
S476,Software Engineering,F02,25.7,59.1,90.2,74.3,100,False,No_Anomaly
S477,Machine Learning,F03,20.9,77.9,89.5,73.4,100,False,No_Anomaly
S477,Computer Networks,F03,20.9,77.9,89.5,80.9,100,False,No_Anomaly
S477,Compiler Design,F05,20.9,77.9,89.5,47.2,100,True,Severe_Undermarking
S477,Software Engineering,F08,20.9,77.9,89.5,77.6,100,False,No_Anomaly
S478,Machine Learning,F04,15.5,58.9,73.3,62.3,100,False,No_Anomaly
S478,Computer Networks,F07,15.5,58.9,73.3,52.1,100,False,No_Anomaly
S478,Compiler Design,F08,15.5,58.9,73.3,60.1,100,False,No_Anomaly
S478,Software Engineering,F07,15.5,58.9,73.3,63.7,100,False,No_Anomaly
S479,Machine Learning,F03,20.2,72.8,81.2,71.1,100,False,No_Anomaly
S479,Computer Networks,F08,20.2,72.8,81.2,74.4,100,False,No_Anomaly
S479,Compiler Design,F01,20.2,72.8,81.2,74.4,100,False,No_Anomaly
S479,Software Engineering,F08,20.2,72.8,81.2,73.8,100,False,No_Anomaly
S480,Machine Learning,F01,26.5,35.0,69.5,65.6,100,False,No_Anomaly
S480,Computer Networks,F05,26.5,35.0,69.5,35.0,100,True,Severe_Undermarking
S480,Compiler Design,F03,26.5,35.0,69.5,65.9,100,False,No_Anomaly
S480,Software Engineering,F07,26.5,35.0,69.5,59.0,100,False,No_Anomaly
S481,Machine Learning,F07,16.4,62.0,85.6,61.9,100,False,No_Anomaly
S481,Computer Networks,F05,16.4,62.0,85.6,72.5,100,False,No_Anomaly
S481,Compiler Design,F08,16.4,62.0,85.6,64.0,100,False,No_Anomaly
S481,Software Engineering,F01,16.4,62.0,85.6,64.8,100,False,No_Anomaly
S482,Machine Learning,F08,23.2,87.3,80.6,100.0,100,True,Severe_Overmarking
S482,Computer Networks,F01,23.2,87.3,80.6,86.9,100,False,No_Anomaly
S482,Compiler Design,F03,23.2,87.3,80.6,76.0,100,False,No_Anomaly
S482,Software Engineering,F03,23.2,87.3,80.6,84.7,100,False,No_Anomaly
S483,Machine Learning,F07,20.8,97.9,97.2,84.4,100,False,No_Anomaly
S483,Computer Networks,F05,20.8,97.9,97.2,86.1,100,False,No_Anomaly
S483,Compiler Design,F01,20.8,97.9,97.2,96.0,100,False,No_Anomaly
S483,Software Engineering,F01,20.8,97.9,97.2,87.7,100,False,No_Anomaly
S484,Machine Learning,F01,24.0,62.9,78.7,73.3,100,False,No_Anomaly
S484,Computer Networks,F07,24.0,62.9,78.7,64.4,100,False,No_Anomaly
S484,Compiler Design,F01,24.0,62.9,78.7,84.0,100,False,No_Anomaly
S484,Software Engineering,F06,24.0,62.9,78.7,71.6,100,False,No_Anomaly
S485,Machine Learning,F05,27.9,68.7,78.0,85.0,100,False,No_Anomaly
S485,Computer Networks,F01,27.9,68.7,78.0,70.6,100,False,No_Anomaly
S485,Compiler Design,F08,27.9,68.7,78.0,70.5,100,False,No_Anomaly
S485,Software Engineering,F06,27.9,68.7,78.0,69.0,100,False,No_Anomaly
S486,Machine Learning,F07,22.4,68.6,100.0,67.9,100,False,No_Anomaly
S486,Computer Networks,F02,22.4,68.6,100.0,61.7,100,False,No_Anomaly
S486,Compiler Design,F02,22.4,68.6,100.0,70.5,100,False,No_Anomaly
S486,Software Engineering,F02,22.4,68.6,100.0,72.7,100,False,No_Anomaly
S487,Machine Learning,F03,25.9,91.4,85.6,84.7,100,False,No_Anomaly
S487,Computer Networks,F06,25.9,91.4,85.6,100.0,100,True,Severe_Overmarking
S487,Compiler Design,F03,25.9,91.4,85.6,92.3,100,False,No_Anomaly
S487,Software Engineering,F03,25.9,91.4,85.6,97.5,100,False,No_Anomaly
S488,Machine Learning,F05,23.8,61.3,73.5,78.3,100,False,No_Anomaly
S488,Computer Networks,F08,23.8,61.3,73.5,71.3,100,False,No_Anomaly
S488,Compiler Design,F06,23.8,61.3,73.5,76.1,100,False,No_Anomaly
S488,Software Engineering,F08,23.8,61.3,73.5,64.1,100,False,No_Anomaly
S489,Machine Learning,F06,16.9,81.9,82.4,70.8,100,False,No_Anomaly
S489,Computer Networks,F03,16.9,81.9,82.4,73.6,100,False,No_Anomaly
S489,Compiler Design,F08,16.9,81.9,82.4,78.3,100,False,No_Anomaly
S489,Software Engineering,F02,16.9,81.9,82.4,64.2,100,False,No_Anomaly
S490,Machine Learning,F06,14.9,53.7,67.7,61.0,100,False,No_Anomaly
S490,Computer Networks,F07,14.9,53.7,67.7,56.7,100,False,No_Anomaly
S490,Compiler Design,F02,14.9,53.7,67.7,55.0,100,False,No_Anomaly
S490,Software Engineering,F07,14.9,53.7,67.7,52.5,100,False,No_Anomaly
S491,Machine Learning,F01,21.9,71.3,93.3,76.7,100,False,No_Anomaly
S491,Computer Networks,F04,21.9,71.3,93.3,83.7,100,False,No_Anomaly
S491,Compiler Design,F01,21.9,71.3,93.3,77.1,100,False,No_Anomaly
S491,Software Engineering,F02,21.9,71.3,93.3,78.5,100,False,No_Anomaly
S492,Machine Learning,F01,21.3,42.9,80.1,64.1,100,False,No_Anomaly
S492,Computer Networks,F06,21.3,42.9,80.1,68.5,100,False,No_Anomaly
S492,Compiler Design,F06,21.3,42.9,80.1,64.5,100,False,No_Anomaly
S492,Software Engineering,F04,21.3,42.9,80.1,68.1,100,False,No_Anomaly
S493,Machine Learning,F01,20.4,95.2,67.4,74.8,100,False,No_Anomaly
S493,Computer Networks,F03,20.4,95.2,67.4,85.3,100,False,No_Anomaly
S493,Compiler Design,F03,20.4,95.2,67.4,82.4,100,False,No_Anomaly
S493,Software Engineering,F04,20.4,95.2,67.4,77.0,100,False,No_Anomaly
S494,Machine Learning,F06,24.3,90.5,86.5,81.8,100,False,No_Anomaly
S494,Computer Networks,F03,24.3,90.5,86.5,88.7,100,False,No_Anomaly
S494,Compiler Design,F02,24.3,90.5,86.5,91.0,100,False,No_Anomaly
S494,Software Engineering,F04,24.3,90.5,86.5,94.7,100,False,No_Anomaly
S495,Machine Learning,F05,25.1,71.4,85.3,78.0,100,False,No_Anomaly
S495,Computer Networks,F02,25.1,71.4,85.3,76.4,100,False,No_Anomaly
S495,Compiler Design,F01,25.1,71.4,85.3,75.3,100,False,No_Anomaly
S495,Software Engineering,F05,25.1,71.4,85.3,89.6,100,False,No_Anomaly
S496,Machine Learning,F04,16.5,60.3,90.8,63.5,100,False,No_Anomaly
S496,Computer Networks,F04,16.5,60.3,90.8,74.1,100,False,No_Anomaly
S496,Compiler Design,F02,16.5,60.3,90.8,35.3,100,True,Severe_Undermarking
S496,Software Engineering,F03,16.5,60.3,90.8,65.6,100,False,No_Anomaly
S497,Machine Learning,F04,19.5,73.9,83.8,66.1,100,False,No_Anomaly
S497,Computer Networks,F01,19.5,73.9,83.8,69.9,100,False,No_Anomaly
S497,Compiler Design,F03,19.5,73.9,83.8,72.7,100,False,No_Anomaly
S497,Software Engineering,F04,19.5,73.9,83.8,69.9,100,False,No_Anomaly
S498,Machine Learning,F01,17.7,69.7,75.8,75.7,100,False,No_Anomaly
S498,Computer Networks,F02,17.7,69.7,75.8,78.6,100,False,No_Anomaly
S498,Compiler Design,F01,17.7,69.7,75.8,72.4,100,False,No_Anomaly
S498,Software Engineering,F03,17.7,69.7,75.8,69.9,100,False,No_Anomaly
S499,Machine Learning,F06,23.3,65.8,71.0,77.9,100,False,No_Anomaly
S499,Computer Networks,F02,23.3,65.8,71.0,64.6,100,False,No_Anomaly
S499,Compiler Design,F07,23.3,65.8,71.0,64.6,100,False,No_Anomaly
S499,Software Engineering,F05,23.3,65.8,71.0,74.5,100,False,No_Anomaly
S500,Machine Learning,F02,17.3,56.2,89.1,61.2,100,False,No_Anomaly
S500,Computer Networks,F03,17.3,56.2,89.1,61.4,100,False,No_Anomaly
S500,Compiler Design,F02,17.3,56.2,89.1,60.0,100,False,No_Anomaly
S500,Software Engineering,F06,17.3,56.2,89.1,63.2,100,False,No_Anomaly
